Time (s), Voltage (V), Current (A), SOC (%)
1, 2.94, 0.00, 0.00, 
2, 2.67, 0.93, 0.03, 
3, 2.68, 0.92, 0.06, 
4, 2.65, 0.93, 0.10, 
5, 2.67, 0.92, 0.13, 
6, 2.67, 0.92, 0.16, 
7, 2.68, 0.92, 0.19, 
8, 2.70, 0.91, 0.22, 
9, 2.70, 0.91, 0.26, 
10, 2.71, 0.91, 0.29, 
11, 2.73, 0.90, 0.32, 
12, 2.74, 0.90, 0.35, 
13, 2.75, 0.89, 0.38, 
14, 2.76, 0.89, 0.41, 
15, 2.76, 0.88, 0.44, 
16, 2.77, 0.88, 0.47, 
17, 2.78, 0.88, 0.50, 
18, 2.79, 0.87, 0.53, 
19, 2.79, 0.87, 0.56, 
20, 2.80, 0.87, 0.59, 
21, 2.81, 0.86, 0.62, 
22, 2.81, 0.86, 0.65, 
23, 2.82, 0.86, 0.68, 
24, 2.83, 0.86, 0.71, 
25, 2.83, 0.86, 0.74, 
26, 2.83, 0.85, 0.77, 
27, 2.84, 0.85, 0.80, 
28, 2.85, 0.85, 0.83, 
29, 2.85, 0.85, 0.86, 
30, 2.86, 0.85, 0.89, 
31, 2.87, 0.84, 0.92, 
32, 2.87, 0.84, 0.95, 
33, 2.87, 0.84, 0.98, 
34, 2.88, 0.84, 1.01, 
35, 2.88, 0.84, 1.04, 
36, 2.89, 0.84, 1.07, 
37, 2.89, 0.84, 1.10, 
38, 2.90, 0.83, 1.13, 
39, 2.90, 0.83, 1.15, 
40, 2.90, 0.83, 1.18, 
41, 2.91, 0.83, 1.21, 
42, 2.92, 0.83, 1.24, 
43, 2.92, 0.82, 1.27, 
44, 2.92, 0.82, 1.30, 
45, 2.93, 0.82, 1.33, 
46, 2.93, 0.82, 1.35, 
47, 2.94, 0.81, 1.38, 
48, 2.94, 0.81, 1.41, 
49, 2.95, 0.81, 1.44, 
50, 2.95, 0.81, 1.47, 
51, 2.96, 0.81, 1.50, 
52, 2.96, 0.80, 1.52, 
53, 2.96, 0.80, 1.55, 
54, 2.97, 0.80, 1.58, 
55, 2.97, 0.80, 1.61, 
56, 2.97, 0.80, 1.63, 
57, 2.98, 0.80, 1.66, 
58, 2.98, 0.80, 1.69, 
59, 2.98, 0.80, 1.72, 
60, 2.99, 0.79, 1.74, 
61, 2.99, 0.79, 1.77, 
62, 3.00, 0.79, 1.80, 
63, 3.00, 0.78, 1.83, 
64, 3.00, 0.78, 1.85, 
65, 3.00, 0.78, 1.88, 
66, 3.01, 0.78, 1.91, 
67, 3.01, 0.78, 1.94, 
68, 3.01, 0.78, 1.96, 
69, 3.02, 0.78, 1.99, 
70, 3.02, 0.78, 2.02, 
71, 3.02, 0.77, 2.04, 
72, 3.02, 0.77, 2.07, 
73, 3.03, 0.77, 2.10, 
74, 3.03, 0.77, 2.12, 
75, 3.03, 0.77, 2.15, 
76, 3.04, 0.77, 2.18, 
77, 3.04, 0.76, 2.20, 
78, 3.04, 0.76, 2.23, 
79, 3.04, 0.76, 2.26, 
80, 3.04, 0.76, 2.28, 
81, 3.05, 0.76, 2.31, 
82, 3.05, 0.76, 2.34, 
83, 3.06, 0.75, 2.36, 
84, 3.06, 0.75, 2.39, 
85, 3.06, 0.75, 2.41, 
86, 3.06, 0.75, 2.44, 
87, 3.06, 0.75, 2.47, 
88, 3.07, 0.74, 2.49, 
89, 3.07, 0.74, 2.52, 
90, 3.07, 0.74, 2.54, 
91, 3.07, 0.74, 2.57, 
92, 3.07, 0.74, 2.59, 
93, 3.08, 0.74, 2.62, 
94, 3.08, 0.73, 2.64, 
95, 3.08, 0.73, 2.67, 
96, 3.09, 0.73, 2.70, 
97, 3.09, 0.73, 2.72, 
98, 3.09, 0.73, 2.75, 
99, 3.09, 0.73, 2.77, 
100, 3.10, 0.73, 2.80, 
101, 3.09, 0.73, 2.82, 
102, 3.10, 0.72, 2.85, 
103, 3.10, 0.73, 2.87, 
104, 3.10, 0.72, 2.90, 
105, 3.11, 0.72, 2.92, 
106, 3.11, 0.72, 2.95, 
107, 3.11, 0.71, 2.97, 
108, 3.11, 0.71, 3.00, 
109, 3.11, 0.72, 3.02, 
110, 3.11, 0.72, 3.05, 
111, 3.11, 0.72, 3.07, 
112, 3.11, 0.71, 3.10, 
113, 3.12, 0.71, 3.12, 
114, 3.12, 0.71, 3.15, 
115, 3.13, 0.70, 3.17, 
116, 3.13, 0.70, 3.19, 
117, 3.13, 0.71, 3.22, 
118, 3.13, 0.71, 3.24, 
119, 3.13, 0.70, 3.27, 
120, 3.13, 0.70, 3.29, 
121, 3.13, 0.70, 3.32, 
122, 3.14, 0.70, 3.34, 
123, 3.14, 0.70, 3.37, 
124, 3.14, 0.70, 3.39, 
125, 3.15, 0.69, 3.41, 
126, 3.15, 0.69, 3.44, 
127, 3.15, 0.69, 3.46, 
128, 3.15, 0.69, 3.49, 
129, 3.15, 0.69, 3.51, 
130, 3.15, 0.69, 3.53, 
131, 3.15, 0.69, 3.56, 
132, 3.16, 0.68, 3.58, 
133, 3.16, 0.68, 3.61, 
134, 3.16, 0.69, 3.63, 
135, 3.16, 0.68, 3.65, 
136, 3.16, 0.68, 3.68, 
137, 3.17, 0.68, 3.70, 
138, 3.16, 0.68, 3.72, 
139, 3.16, 0.68, 3.75, 
140, 3.17, 0.68, 3.77, 
141, 3.17, 0.67, 3.79, 
142, 3.17, 0.67, 3.82, 
143, 3.17, 0.67, 3.84, 
144, 3.17, 0.68, 3.86, 
145, 3.17, 0.67, 3.89, 
146, 3.18, 0.67, 3.91, 
147, 3.18, 0.67, 3.93, 
148, 3.18, 0.66, 3.96, 
149, 3.18, 0.67, 3.98, 
150, 3.18, 0.66, 4.00, 
151, 3.19, 0.66, 4.03, 
152, 3.18, 0.66, 4.05, 
153, 3.19, 0.66, 4.07, 
154, 3.19, 0.66, 4.10, 
155, 3.19, 0.66, 4.12, 
156, 3.19, 0.66, 4.14, 
157, 3.19, 0.66, 4.16, 
158, 3.20, 0.66, 4.19, 
159, 3.20, 0.65, 4.21, 
160, 3.20, 0.65, 4.23, 
161, 3.20, 0.65, 4.25, 
162, 3.20, 0.65, 4.28, 
163, 3.20, 0.65, 4.30, 
164, 3.20, 0.65, 4.32, 
165, 3.20, 0.65, 4.35, 
166, 3.20, 0.65, 4.37, 
167, 3.21, 0.64, 4.39, 
168, 3.21, 0.64, 4.41, 
169, 3.21, 0.64, 4.43, 
170, 3.21, 0.64, 4.46, 
171, 3.21, 0.64, 4.48, 
172, 3.21, 0.64, 4.50, 
173, 3.22, 0.64, 4.52, 
174, 3.22, 0.64, 4.55, 
175, 3.22, 0.64, 4.57, 
176, 3.22, 0.64, 4.59, 
177, 3.22, 0.64, 4.61, 
178, 3.22, 0.64, 4.64, 
179, 3.22, 0.64, 4.66, 
180, 3.22, 0.64, 4.68, 
181, 3.23, 0.64, 4.70, 
182, 3.23, 0.63, 4.72, 
183, 3.23, 0.63, 4.75, 
184, 3.22, 0.63, 4.77, 
185, 3.23, 0.63, 4.79, 
186, 3.23, 0.63, 4.81, 
187, 3.23, 0.63, 4.83, 
188, 3.23, 0.63, 4.86, 
189, 3.23, 0.63, 4.88, 
190, 3.24, 0.63, 4.90, 
191, 3.24, 0.63, 4.92, 
192, 3.23, 0.63, 4.94, 
193, 3.24, 0.63, 4.96, 
194, 3.24, 0.63, 4.99, 
195, 3.23, 0.63, 5.01, 
196, 3.24, 0.62, 5.03, 
197, 3.24, 0.62, 5.05, 
198, 3.24, 0.62, 5.07, 
199, 3.25, 0.62, 5.09, 
200, 3.25, 0.62, 5.12, 
201, 3.25, 0.62, 5.14, 
202, 3.25, 0.62, 5.16, 
203, 3.25, 0.62, 5.18, 
204, 3.25, 0.62, 5.20, 
205, 3.25, 0.62, 5.22, 
206, 3.25, 0.62, 5.25, 
207, 3.25, 0.62, 5.27, 
208, 3.25, 0.62, 5.29, 
209, 3.25, 0.62, 5.31, 
210, 3.26, 0.62, 5.33, 
211, 3.25, 0.62, 5.35, 
212, 3.26, 0.62, 5.37, 
213, 3.26, 0.62, 5.40, 
214, 3.26, 0.62, 5.42, 
215, 3.26, 0.61, 5.44, 
216, 3.26, 0.61, 5.46, 
217, 3.26, 0.61, 5.48, 
218, 3.26, 0.61, 5.50, 
219, 3.26, 0.61, 5.52, 
220, 3.26, 0.61, 5.55, 
221, 3.26, 0.61, 5.57, 
222, 3.26, 0.61, 5.59, 
223, 3.27, 0.61, 5.61, 
224, 3.26, 0.61, 5.63, 
225, 3.27, 0.61, 5.65, 
226, 3.27, 0.61, 5.67, 
227, 3.26, 0.61, 5.69, 
228, 3.27, 0.61, 5.72, 
229, 3.27, 0.61, 5.74, 
230, 3.27, 0.61, 5.76, 
231, 3.27, 0.61, 5.78, 
232, 3.27, 0.61, 5.80, 
233, 3.27, 0.61, 5.82, 
234, 3.27, 0.60, 5.84, 
235, 3.27, 0.61, 5.86, 
236, 3.27, 0.60, 5.88, 
237, 3.28, 0.60, 5.90, 
238, 3.28, 0.60, 5.93, 
239, 3.27, 0.60, 5.95, 
240, 3.28, 0.60, 5.97, 
241, 3.27, 0.60, 5.99, 
242, 3.28, 0.61, 6.01, 
243, 3.27, 0.60, 6.03, 
244, 3.28, 0.60, 6.05, 
245, 3.28, 0.60, 6.07, 
246, 3.28, 0.60, 6.09, 
247, 3.28, 0.60, 6.11, 
248, 3.28, 0.60, 6.14, 
249, 3.28, 0.60, 6.16, 
250, 3.28, 0.60, 6.18, 
251, 3.28, 0.60, 6.20, 
252, 3.28, 0.60, 6.22, 
253, 3.28, 0.60, 6.24, 
254, 3.28, 0.60, 6.26, 
255, 3.28, 0.60, 6.28, 
256, 3.28, 0.60, 6.30, 
257, 3.28, 0.60, 6.32, 
258, 3.28, 0.60, 6.34, 
259, 3.28, 0.60, 6.37, 
260, 3.28, 0.60, 6.39, 
261, 3.28, 0.60, 6.41, 
262, 3.29, 0.60, 6.43, 
263, 3.29, 0.60, 6.45, 
264, 3.29, 0.60, 6.47, 
265, 3.29, 0.60, 6.49, 
266, 3.29, 0.60, 6.51, 
267, 3.29, 0.60, 6.53, 
268, 3.29, 0.60, 6.55, 
269, 3.29, 0.60, 6.57, 
270, 3.29, 0.60, 6.59, 
271, 3.29, 0.60, 6.61, 
272, 3.29, 0.60, 6.64, 
273, 3.29, 0.60, 6.66, 
274, 3.29, 0.60, 6.68, 
275, 3.29, 0.60, 6.70, 
276, 3.29, 0.60, 6.72, 
277, 3.29, 0.60, 6.74, 
278, 3.29, 0.60, 6.76, 
279, 3.29, 0.60, 6.78, 
280, 3.29, 0.60, 6.80, 
281, 3.29, 0.60, 6.82, 
282, 3.29, 0.60, 6.84, 
283, 3.29, 0.59, 6.86, 
284, 3.29, 0.59, 6.88, 
285, 3.29, 0.59, 6.90, 
286, 3.29, 0.59, 6.93, 
287, 3.29, 0.59, 6.95, 
288, 3.29, 0.59, 6.97, 
289, 3.30, 0.59, 6.99, 
290, 3.29, 0.59, 7.01, 
291, 3.30, 0.59, 7.03, 
292, 3.29, 0.59, 7.05, 
293, 3.30, 0.59, 7.07, 
294, 3.29, 0.59, 7.09, 
295, 3.30, 0.59, 7.11, 
296, 3.30, 0.59, 7.13, 
297, 3.29, 0.59, 7.15, 
298, 3.30, 0.59, 7.17, 
299, 3.30, 0.59, 7.19, 
300, 3.30, 0.59, 7.21, 
301, 3.30, 0.59, 7.23, 
302, 3.30, 0.59, 7.25, 
303, 3.29, 0.59, 7.28, 
304, 3.30, 0.59, 7.30, 
305, 3.30, 0.59, 7.32, 
306, 3.30, 0.59, 7.34, 
307, 3.30, 0.59, 7.36, 
308, 3.30, 0.59, 7.38, 
309, 3.30, 0.59, 7.40, 
310, 3.30, 0.59, 7.42, 
311, 3.29, 0.59, 7.44, 
312, 3.30, 0.59, 7.46, 
313, 3.30, 0.59, 7.48, 
314, 3.30, 0.59, 7.50, 
315, 3.30, 0.59, 7.52, 
316, 3.30, 0.59, 7.54, 
317, 3.30, 0.59, 7.56, 
318, 3.31, 0.59, 7.58, 
319, 3.30, 0.59, 7.60, 
320, 3.30, 0.59, 7.62, 
321, 3.30, 0.59, 7.64, 
322, 3.30, 0.59, 7.67, 
323, 3.30, 0.59, 7.69, 
324, 3.30, 0.59, 7.71, 
325, 3.30, 0.59, 7.73, 
326, 3.30, 0.59, 7.75, 
327, 3.30, 0.59, 7.77, 
328, 3.30, 0.59, 7.79, 
329, 3.30, 0.59, 7.81, 
330, 3.30, 0.59, 7.83, 
331, 3.30, 0.59, 7.85, 
332, 3.30, 0.59, 7.87, 
333, 3.30, 0.59, 7.89, 
334, 3.30, 0.59, 7.91, 
335, 3.30, 0.59, 7.93, 
336, 3.30, 0.59, 7.95, 
337, 3.30, 0.59, 7.97, 
338, 3.30, 0.59, 7.99, 
339, 3.30, 0.59, 8.01, 
340, 3.31, 0.59, 8.03, 
341, 3.30, 0.59, 8.05, 
342, 3.31, 0.59, 8.07, 
343, 3.30, 0.59, 8.09, 
344, 3.30, 0.59, 8.11, 
345, 3.31, 0.59, 8.14, 
346, 3.31, 0.59, 8.16, 
347, 3.31, 0.59, 8.18, 
348, 3.31, 0.59, 8.20, 
349, 3.31, 0.59, 8.22, 
350, 3.30, 0.59, 8.24, 
351, 3.31, 0.59, 8.26, 
352, 3.30, 0.59, 8.28, 
353, 3.31, 0.59, 8.30, 
354, 3.31, 0.59, 8.32, 
355, 3.30, 0.58, 8.34, 
356, 3.31, 0.58, 8.36, 
357, 3.30, 0.58, 8.38, 
358, 3.31, 0.58, 8.40, 
359, 3.31, 0.59, 8.42, 
360, 3.31, 0.58, 8.44, 
361, 3.31, 0.58, 8.46, 
362, 3.31, 0.58, 8.48, 
363, 3.31, 0.58, 8.50, 
364, 3.31, 0.58, 8.52, 
365, 3.31, 0.58, 8.54, 
366, 3.31, 0.58, 8.56, 
367, 3.31, 0.58, 8.58, 
368, 3.31, 0.58, 8.60, 
369, 3.31, 0.58, 8.62, 
370, 3.31, 0.58, 8.64, 
371, 3.31, 0.58, 8.66, 
372, 3.31, 0.58, 8.68, 
373, 3.31, 0.58, 8.70, 
374, 3.31, 0.58, 8.72, 
375, 3.31, 0.58, 8.74, 
376, 3.31, 0.58, 8.76, 
377, 3.31, 0.58, 8.79, 
378, 3.31, 0.58, 8.81, 
379, 3.31, 0.58, 8.83, 
380, 3.31, 0.58, 8.85, 
381, 3.31, 0.58, 8.87, 
382, 3.31, 0.58, 8.89, 
383, 3.31, 0.58, 8.91, 
384, 3.31, 0.58, 8.93, 
385, 3.31, 0.58, 8.95, 
386, 3.32, 0.58, 8.97, 
387, 3.31, 0.58, 8.99, 
388, 3.31, 0.58, 9.01, 
389, 3.31, 0.58, 9.03, 
390, 3.31, 0.58, 9.05, 
391, 3.31, 0.58, 9.07, 
392, 3.31, 0.58, 9.09, 
393, 3.31, 0.58, 9.11, 
394, 3.32, 0.58, 9.13, 
395, 3.31, 0.58, 9.15, 
396, 3.31, 0.58, 9.17, 
397, 3.32, 0.58, 9.19, 
398, 3.32, 0.58, 9.21, 
399, 3.32, 0.58, 9.23, 
400, 3.32, 0.58, 9.25, 
401, 3.32, 0.58, 9.27, 
402, 3.31, 0.58, 9.29, 
403, 3.32, 0.58, 9.31, 
404, 3.32, 0.58, 9.33, 
405, 3.31, 0.58, 9.35, 
406, 3.32, 0.58, 9.37, 
407, 3.31, 0.58, 9.39, 
408, 3.32, 0.58, 9.41, 
409, 3.31, 0.58, 9.43, 
410, 3.32, 0.58, 9.45, 
411, 3.32, 0.58, 9.47, 
412, 3.32, 0.58, 9.49, 
413, 3.32, 0.58, 9.51, 
414, 3.32, 0.58, 9.53, 
415, 3.32, 0.58, 9.55, 
416, 3.31, 0.58, 9.57, 
417, 3.32, 0.58, 9.59, 
418, 3.32, 0.58, 9.61, 
419, 3.31, 0.58, 9.63, 
420, 3.32, 0.58, 9.65, 
421, 3.32, 0.58, 9.67, 
422, 3.32, 0.58, 9.69, 
423, 3.31, 0.58, 9.71, 
424, 3.32, 0.58, 9.73, 
425, 3.32, 0.58, 9.75, 
426, 3.32, 0.58, 9.77, 
427, 3.32, 0.58, 9.79, 
428, 3.32, 0.58, 9.81, 
429, 3.32, 0.58, 9.83, 
430, 3.32, 0.58, 9.85, 
431, 3.32, 0.58, 9.87, 
432, 3.32, 0.58, 9.89, 
433, 3.32, 0.58, 9.91, 
434, 3.32, 0.58, 9.93, 
435, 3.32, 0.58, 9.95, 
436, 3.32, 0.58, 9.97, 
437, 3.32, 0.58, 9.99, 
438, 3.33, 0.58, 10.01, 
439, 3.32, 0.58, 10.03, 
440, 3.32, 0.57, 10.05, 
441, 3.32, 0.57, 10.07, 
442, 3.32, 0.58, 10.09, 
443, 3.32, 0.58, 10.11, 
444, 3.32, 0.58, 10.13, 
445, 3.33, 0.57, 10.15, 
446, 3.32, 0.57, 10.17, 
447, 3.32, 0.57, 10.19, 
448, 3.32, 0.57, 10.21, 
449, 3.33, 0.57, 10.23, 
450, 3.33, 0.57, 10.25, 
451, 3.33, 0.57, 10.27, 
452, 3.32, 0.57, 10.29, 
453, 3.32, 0.57, 10.31, 
454, 3.32, 0.57, 10.33, 
455, 3.33, 0.57, 10.35, 
456, 3.33, 0.57, 10.37, 
457, 3.32, 0.57, 10.39, 
458, 3.33, 0.57, 10.41, 
459, 3.32, 0.57, 10.43, 
460, 3.33, 0.57, 10.45, 
461, 3.32, 0.57, 10.47, 
462, 3.33, 0.57, 10.49, 
463, 3.33, 0.57, 10.51, 
464, 3.33, 0.57, 10.53, 
465, 3.32, 0.57, 10.55, 
466, 3.32, 0.57, 10.57, 
467, 3.33, 0.57, 10.59, 
468, 3.32, 0.57, 10.61, 
469, 3.32, 0.57, 10.63, 
470, 3.33, 0.57, 10.65, 
471, 3.33, 0.57, 10.67, 
472, 3.33, 0.57, 10.69, 
473, 3.32, 0.57, 10.71, 
474, 3.33, 0.57, 10.73, 
475, 3.33, 0.57, 10.75, 
476, 3.33, 0.57, 10.77, 
477, 3.33, 0.57, 10.79, 
478, 3.33, 0.57, 10.81, 
479, 3.33, 0.57, 10.83, 
480, 3.33, 0.57, 10.85, 
481, 3.33, 0.57, 10.87, 
482, 3.33, 0.57, 10.89, 
483, 3.34, 0.57, 10.91, 
484, 3.33, 0.57, 10.93, 
485, 3.33, 0.57, 10.95, 
486, 3.33, 0.57, 10.97, 
487, 3.33, 0.57, 10.99, 
488, 3.33, 0.57, 11.01, 
489, 3.33, 0.57, 11.03, 
490, 3.33, 0.57, 11.05, 
491, 3.33, 0.57, 11.07, 
492, 3.33, 0.57, 11.09, 
493, 3.34, 0.57, 11.11, 
494, 3.34, 0.57, 11.13, 
495, 3.33, 0.57, 11.15, 
496, 3.33, 0.57, 11.17, 
497, 3.33, 0.57, 11.19, 
498, 3.33, 0.57, 11.20, 
499, 3.34, 0.57, 11.22, 
500, 3.33, 0.57, 11.24, 
501, 3.33, 0.57, 11.26, 
502, 3.33, 0.57, 11.28, 
503, 3.33, 0.57, 11.30, 
504, 3.34, 0.57, 11.32, 
505, 3.33, 0.57, 11.34, 
506, 3.34, 0.57, 11.36, 
507, 3.33, 0.57, 11.38, 
508, 3.34, 0.57, 11.40, 
509, 3.33, 0.57, 11.42, 
510, 3.33, 0.57, 11.44, 
511, 3.33, 0.57, 11.46, 
512, 3.33, 0.57, 11.48, 
513, 3.33, 0.57, 11.50, 
514, 3.33, 0.57, 11.52, 
515, 3.34, 0.57, 11.54, 
516, 3.34, 0.57, 11.56, 
517, 3.33, 0.57, 11.58, 
518, 3.33, 0.56, 11.60, 
519, 3.34, 0.56, 11.62, 
520, 3.34, 0.56, 11.64, 
521, 3.34, 0.57, 11.66, 
522, 3.34, 0.57, 11.68, 
523, 3.34, 0.57, 11.70, 
524, 3.34, 0.56, 11.72, 
525, 3.34, 0.56, 11.74, 
526, 3.34, 0.56, 11.76, 
527, 3.34, 0.56, 11.78, 
528, 3.34, 0.56, 11.79, 
529, 3.34, 0.56, 11.81, 
530, 3.34, 0.56, 11.83, 
531, 3.34, 0.56, 11.85, 
532, 3.34, 0.56, 11.87, 
533, 3.34, 0.56, 11.89, 
534, 3.34, 0.56, 11.91, 
535, 3.34, 0.56, 11.93, 
536, 3.35, 0.56, 11.95, 
537, 3.34, 0.56, 11.97, 
538, 3.34, 0.56, 11.99, 
539, 3.34, 0.56, 12.01, 
540, 3.34, 0.56, 12.03, 
541, 3.35, 0.56, 12.05, 
542, 3.34, 0.56, 12.07, 
543, 3.34, 0.56, 12.09, 
544, 3.34, 0.56, 12.11, 
545, 3.34, 0.56, 12.13, 
546, 3.34, 0.56, 12.15, 
547, 3.35, 0.56, 12.17, 
548, 3.34, 0.56, 12.19, 
549, 3.35, 0.56, 12.21, 
550, 3.34, 0.56, 12.22, 
551, 3.34, 0.56, 12.24, 
552, 3.34, 0.56, 12.26, 
553, 3.35, 0.56, 12.28, 
554, 3.34, 0.56, 12.30, 
555, 3.35, 0.56, 12.32, 
556, 3.34, 0.56, 12.34, 
557, 3.35, 0.56, 12.36, 
558, 3.34, 0.56, 12.38, 
559, 3.34, 0.56, 12.40, 
560, 3.34, 0.56, 12.42, 
561, 3.35, 0.56, 12.44, 
562, 3.34, 0.56, 12.46, 
563, 3.35, 0.56, 12.48, 
564, 3.34, 0.56, 12.50, 
565, 3.35, 0.56, 12.52, 
566, 3.34, 0.56, 12.54, 
567, 3.35, 0.56, 12.56, 
568, 3.35, 0.56, 12.57, 
569, 3.35, 0.56, 12.59, 
570, 3.35, 0.56, 12.61, 
571, 3.35, 0.56, 12.63, 
572, 3.35, 0.56, 12.65, 
573, 3.35, 0.56, 12.67, 
574, 3.35, 0.56, 12.69, 
575, 3.35, 0.56, 12.71, 
576, 3.35, 0.56, 12.73, 
577, 3.35, 0.56, 12.75, 
578, 3.35, 0.56, 12.77, 
579, 3.35, 0.56, 12.79, 
580, 3.35, 0.56, 12.81, 
581, 3.35, 0.56, 12.83, 
582, 3.35, 0.56, 12.85, 
583, 3.35, 0.56, 12.87, 
584, 3.35, 0.56, 12.88, 
585, 3.35, 0.56, 12.90, 
586, 3.35, 0.56, 12.92, 
587, 3.35, 0.56, 12.94, 
588, 3.35, 0.56, 12.96, 
589, 3.35, 0.56, 12.98, 
590, 3.35, 0.56, 13.00, 
591, 3.35, 0.55, 13.02, 
592, 3.35, 0.56, 13.04, 
593, 3.35, 0.56, 13.06, 
594, 3.35, 0.56, 13.08, 
595, 3.35, 0.56, 13.10, 
596, 3.35, 0.56, 13.12, 
597, 3.35, 0.55, 13.14, 
598, 3.35, 0.56, 13.16, 
599, 3.36, 0.55, 13.17, 
600, 3.35, 0.55, 13.19, 
601, 3.35, 0.55, 13.21, 
602, 3.35, 0.55, 13.23, 
603, 3.35, 0.55, 13.25, 
604, 3.36, 0.55, 13.27, 
605, 3.36, 0.55, 13.29, 
606, 3.35, 0.55, 13.31, 
607, 3.36, 0.55, 13.33, 
608, 3.35, 0.55, 13.35, 
609, 3.36, 0.55, 13.37, 
610, 3.36, 0.55, 13.39, 
611, 3.35, 0.55, 13.41, 
612, 3.36, 0.55, 13.42, 
613, 3.36, 0.55, 13.44, 
614, 3.36, 0.55, 13.46, 
615, 3.36, 0.55, 13.48, 
616, 3.36, 0.55, 13.50, 
617, 3.36, 0.55, 13.52, 
618, 3.36, 0.55, 13.54, 
619, 3.36, 0.55, 13.56, 
620, 3.36, 0.55, 13.58, 
621, 3.36, 0.55, 13.60, 
622, 3.36, 0.55, 13.62, 
623, 3.36, 0.55, 13.64, 
624, 3.36, 0.55, 13.65, 
625, 3.36, 0.55, 13.67, 
626, 3.36, 0.55, 13.69, 
627, 3.36, 0.55, 13.71, 
628, 3.36, 0.55, 13.73, 
629, 3.36, 0.55, 13.75, 
630, 3.36, 0.55, 13.77, 
631, 3.36, 0.55, 13.79, 
632, 3.37, 0.55, 13.81, 
633, 3.36, 0.55, 13.83, 
634, 3.36, 0.55, 13.85, 
635, 3.36, 0.55, 13.87, 
636, 3.37, 0.55, 13.88, 
637, 3.36, 0.55, 13.90, 
638, 3.36, 0.55, 13.92, 
639, 3.36, 0.55, 13.94, 
640, 3.36, 0.55, 13.96, 
641, 3.36, 0.55, 13.98, 
642, 3.36, 0.55, 14.00, 
643, 3.36, 0.55, 14.02, 
644, 3.36, 0.55, 14.04, 
645, 3.36, 0.55, 14.06, 
646, 3.36, 0.55, 14.08, 
647, 3.36, 0.55, 14.09, 
648, 3.36, 0.55, 14.11, 
649, 3.36, 0.55, 14.13, 
650, 3.36, 0.55, 14.15, 
651, 3.36, 0.55, 14.17, 
652, 3.36, 0.55, 14.19, 
653, 3.37, 0.55, 14.21, 
654, 3.36, 0.55, 14.23, 
655, 3.36, 0.55, 14.25, 
656, 3.37, 0.55, 14.27, 
657, 3.36, 0.55, 14.28, 
658, 3.37, 0.55, 14.30, 
659, 3.36, 0.55, 14.32, 
660, 3.36, 0.55, 14.34, 
661, 3.36, 0.55, 14.36, 
662, 3.37, 0.55, 14.38, 
663, 3.36, 0.55, 14.40, 
664, 3.37, 0.55, 14.42, 
665, 3.37, 0.55, 14.44, 
666, 3.36, 0.55, 14.46, 
667, 3.37, 0.55, 14.47, 
668, 3.37, 0.55, 14.49, 
669, 3.37, 0.55, 14.51, 
670, 3.37, 0.55, 14.53, 
671, 3.37, 0.55, 14.55, 
672, 3.37, 0.55, 14.57, 
673, 3.37, 0.55, 14.59, 
674, 3.37, 0.54, 14.61, 
675, 3.37, 0.55, 14.63, 
676, 3.37, 0.55, 14.65, 
677, 3.37, 0.55, 14.66, 
678, 3.37, 0.55, 14.68, 
679, 3.37, 0.54, 14.70, 
680, 3.37, 0.55, 14.72, 
681, 3.37, 0.54, 14.74, 
682, 3.37, 0.54, 14.76, 
683, 3.37, 0.54, 14.78, 
684, 3.37, 0.54, 14.80, 
685, 3.37, 0.54, 14.82, 
686, 3.37, 0.54, 14.83, 
687, 3.37, 0.54, 14.85, 
688, 3.37, 0.54, 14.87, 
689, 3.37, 0.54, 14.89, 
690, 3.37, 0.54, 14.91, 
691, 3.37, 0.54, 14.93, 
692, 3.37, 0.54, 14.95, 
693, 3.37, 0.54, 14.97, 
694, 3.37, 0.54, 14.99, 
695, 3.37, 0.54, 15.00, 
696, 3.37, 0.54, 15.02, 
697, 3.37, 0.54, 15.04, 
698, 3.37, 0.54, 15.06, 
699, 3.37, 0.54, 15.08, 
700, 3.37, 0.54, 15.10, 
701, 3.37, 0.54, 15.12, 
702, 3.37, 0.54, 15.14, 
703, 3.37, 0.54, 15.16, 
704, 3.37, 0.54, 15.17, 
705, 3.38, 0.54, 15.19, 
706, 3.38, 0.54, 15.21, 
707, 3.37, 0.54, 15.23, 
708, 3.38, 0.54, 15.25, 
709, 3.37, 0.54, 15.27, 
710, 3.38, 0.54, 15.29, 
711, 3.38, 0.54, 15.31, 
712, 3.38, 0.54, 15.32, 
713, 3.38, 0.54, 15.34, 
714, 3.38, 0.54, 15.36, 
715, 3.38, 0.54, 15.38, 
716, 3.38, 0.54, 15.40, 
717, 3.38, 0.54, 15.42, 
718, 3.38, 0.54, 15.44, 
719, 3.38, 0.54, 15.46, 
720, 3.38, 0.54, 15.47, 
721, 3.38, 0.54, 15.49, 
722, 3.38, 0.54, 15.51, 
723, 3.38, 0.54, 15.53, 
724, 3.38, 0.54, 15.55, 
725, 3.38, 0.54, 15.57, 
726, 3.38, 0.54, 15.59, 
727, 3.38, 0.54, 15.61, 
728, 3.38, 0.54, 15.62, 
729, 3.38, 0.54, 15.64, 
730, 3.38, 0.54, 15.66, 
731, 3.38, 0.54, 15.68, 
732, 3.38, 0.54, 15.70, 
733, 3.38, 0.54, 15.72, 
734, 3.38, 0.54, 15.74, 
735, 3.38, 0.54, 15.76, 
736, 3.38, 0.54, 15.77, 
737, 3.38, 0.54, 15.79, 
738, 3.38, 0.54, 15.81, 
739, 3.38, 0.54, 15.83, 
740, 3.38, 0.54, 15.85, 
741, 3.38, 0.54, 15.87, 
742, 3.38, 0.54, 15.89, 
743, 3.38, 0.54, 15.90, 
744, 3.38, 0.54, 15.92, 
745, 3.39, 0.54, 15.94, 
746, 3.38, 0.54, 15.96, 
747, 3.39, 0.53, 15.98, 
748, 3.38, 0.54, 16.00, 
749, 3.38, 0.53, 16.02, 
750, 3.39, 0.54, 16.03, 
751, 3.38, 0.54, 16.05, 
752, 3.39, 0.53, 16.07, 
753, 3.38, 0.54, 16.09, 
754, 3.39, 0.53, 16.11, 
755, 3.39, 0.53, 16.13, 
756, 3.39, 0.53, 16.15, 
757, 3.39, 0.53, 16.16, 
758, 3.39, 0.53, 16.18, 
759, 3.39, 0.53, 16.20, 
760, 3.38, 0.53, 16.22, 
761, 3.39, 0.53, 16.24, 
762, 3.39, 0.53, 16.26, 
763, 3.38, 0.53, 16.28, 
764, 3.39, 0.53, 16.29, 
765, 3.39, 0.53, 16.31, 
766, 3.39, 0.53, 16.33, 
767, 3.39, 0.53, 16.35, 
768, 3.39, 0.53, 16.37, 
769, 3.39, 0.53, 16.39, 
770, 3.39, 0.53, 16.41, 
771, 3.39, 0.53, 16.42, 
772, 3.39, 0.53, 16.44, 
773, 3.39, 0.53, 16.46, 
774, 3.39, 0.53, 16.48, 
775, 3.39, 0.53, 16.50, 
776, 3.39, 0.53, 16.52, 
777, 3.39, 0.53, 16.54, 
778, 3.39, 0.53, 16.55, 
779, 3.39, 0.53, 16.57, 
780, 3.39, 0.53, 16.59, 
781, 3.39, 0.53, 16.61, 
782, 3.39, 0.53, 16.63, 
783, 3.39, 0.53, 16.65, 
784, 3.39, 0.53, 16.66, 
785, 3.39, 0.53, 16.68, 
786, 3.39, 0.53, 16.70, 
787, 3.39, 0.53, 16.72, 
788, 3.39, 0.53, 16.74, 
789, 3.39, 0.53, 16.76, 
790, 3.39, 0.53, 16.78, 
791, 3.39, 0.53, 16.79, 
792, 3.39, 0.53, 16.81, 
793, 3.39, 0.53, 16.83, 
794, 3.39, 0.53, 16.85, 
795, 3.39, 0.53, 16.87, 
796, 3.39, 0.53, 16.89, 
797, 3.39, 0.53, 16.90, 
798, 3.39, 0.53, 16.92, 
799, 3.39, 0.53, 16.94, 
800, 3.39, 0.53, 16.96, 
801, 3.40, 0.53, 16.98, 
802, 3.39, 0.53, 17.00, 
803, 3.39, 0.53, 17.01, 
804, 3.39, 0.53, 17.03, 
805, 3.39, 0.53, 17.05, 
806, 3.39, 0.53, 17.07, 
807, 3.39, 0.53, 17.09, 
808, 3.39, 0.53, 17.11, 
809, 3.39, 0.53, 17.12, 
810, 3.40, 0.53, 17.14, 
811, 3.40, 0.53, 17.16, 
812, 3.39, 0.53, 17.18, 
813, 3.39, 0.53, 17.20, 
814, 3.40, 0.53, 17.22, 
815, 3.40, 0.53, 17.23, 
816, 3.40, 0.53, 17.25, 
817, 3.40, 0.53, 17.27, 
818, 3.40, 0.53, 17.29, 
819, 3.40, 0.53, 17.31, 
820, 3.40, 0.53, 17.33, 
821, 3.40, 0.53, 17.34, 
822, 3.40, 0.53, 17.36, 
823, 3.40, 0.53, 17.38, 
824, 3.40, 0.53, 17.40, 
825, 3.40, 0.53, 17.42, 
826, 3.40, 0.53, 17.44, 
827, 3.39, 0.53, 17.45, 
828, 3.40, 0.52, 17.47, 
829, 3.40, 0.52, 17.49, 
830, 3.40, 0.52, 17.51, 
831, 3.40, 0.53, 17.53, 
832, 3.40, 0.52, 17.55, 
833, 3.40, 0.52, 17.56, 
834, 3.40, 0.52, 17.58, 
835, 3.40, 0.52, 17.60, 
836, 3.40, 0.52, 17.62, 
837, 3.40, 0.52, 17.64, 
838, 3.40, 0.52, 17.65, 
839, 3.40, 0.52, 17.67, 
840, 3.40, 0.52, 17.69, 
841, 3.40, 0.52, 17.71, 
842, 3.40, 0.52, 17.73, 
843, 3.40, 0.52, 17.75, 
844, 3.41, 0.52, 17.76, 
845, 3.40, 0.52, 17.78, 
846, 3.41, 0.52, 17.80, 
847, 3.40, 0.52, 17.82, 
848, 3.40, 0.52, 17.84, 
849, 3.40, 0.52, 17.85, 
850, 3.40, 0.52, 17.87, 
851, 3.41, 0.52, 17.89, 
852, 3.40, 0.52, 17.91, 
853, 3.40, 0.52, 17.93, 
854, 3.41, 0.52, 17.95, 
855, 3.41, 0.52, 17.96, 
856, 3.40, 0.52, 17.98, 
857, 3.40, 0.52, 18.00, 
858, 3.40, 0.52, 18.02, 
859, 3.40, 0.52, 18.04, 
860, 3.40, 0.52, 18.05, 
861, 3.40, 0.52, 18.07, 
862, 3.40, 0.52, 18.09, 
863, 3.40, 0.52, 18.11, 
864, 3.40, 0.52, 18.13, 
865, 3.40, 0.52, 18.14, 
866, 3.40, 0.52, 18.16, 
867, 3.40, 0.52, 18.18, 
868, 3.40, 0.52, 18.20, 
869, 3.41, 0.52, 18.22, 
870, 3.41, 0.52, 18.24, 
871, 3.40, 0.52, 18.25, 
872, 3.40, 0.52, 18.27, 
873, 3.41, 0.52, 18.29, 
874, 3.40, 0.52, 18.31, 
875, 3.41, 0.52, 18.33, 
876, 3.40, 0.52, 18.34, 
877, 3.40, 0.52, 18.36, 
878, 3.41, 0.52, 18.38, 
879, 3.41, 0.52, 18.40, 
880, 3.41, 0.52, 18.42, 
881, 3.41, 0.52, 18.43, 
882, 3.41, 0.52, 18.45, 
883, 3.41, 0.52, 18.47, 
884, 3.41, 0.52, 18.49, 
885, 3.41, 0.52, 18.51, 
886, 3.41, 0.52, 18.52, 
887, 3.41, 0.52, 18.54, 
888, 3.41, 0.52, 18.56, 
889, 3.41, 0.52, 18.58, 
890, 3.41, 0.52, 18.60, 
891, 3.41, 0.52, 18.61, 
892, 3.41, 0.52, 18.63, 
893, 3.41, 0.52, 18.65, 
894, 3.41, 0.52, 18.67, 
895, 3.41, 0.52, 18.69, 
896, 3.41, 0.52, 18.70, 
897, 3.41, 0.52, 18.72, 
898, 3.41, 0.52, 18.74, 
899, 3.41, 0.52, 18.76, 
900, 3.41, 0.52, 18.78, 
901, 3.41, 0.52, 18.79, 
902, 3.42, 0.52, 18.81, 
903, 3.41, 0.52, 18.83, 
904, 3.41, 0.52, 18.85, 
905, 3.41, 0.52, 18.87, 
906, 3.41, 0.52, 18.88, 
907, 3.41, 0.52, 18.90, 
908, 3.41, 0.52, 18.92, 
909, 3.41, 0.52, 18.94, 
910, 3.41, 0.52, 18.96, 
911, 3.41, 0.52, 18.97, 
912, 3.42, 0.52, 18.99, 
913, 3.41, 0.52, 19.01, 
914, 3.42, 0.52, 19.03, 
915, 3.41, 0.52, 19.05, 
916, 3.42, 0.51, 19.06, 
917, 3.42, 0.52, 19.08, 
918, 3.42, 0.51, 19.10, 
919, 3.41, 0.52, 19.12, 
920, 3.42, 0.51, 19.13, 
921, 3.41, 0.51, 19.15, 
922, 3.41, 0.51, 19.17, 
923, 3.41, 0.51, 19.19, 
924, 3.42, 0.51, 19.21, 
925, 3.42, 0.52, 19.22, 
926, 3.42, 0.51, 19.24, 
927, 3.41, 0.51, 19.26, 
928, 3.42, 0.51, 19.28, 
929, 3.42, 0.51, 19.30, 
930, 3.42, 0.51, 19.31, 
931, 3.42, 0.51, 19.33, 
932, 3.42, 0.51, 19.35, 
933, 3.41, 0.51, 19.37, 
934, 3.41, 0.51, 19.38, 
935, 3.41, 0.51, 19.40, 
936, 3.42, 0.51, 19.42, 
937, 3.42, 0.51, 19.44, 
938, 3.42, 0.51, 19.46, 
939, 3.42, 0.51, 19.47, 
940, 3.42, 0.51, 19.49, 
941, 3.42, 0.51, 19.51, 
942, 3.42, 0.51, 19.53, 
943, 3.42, 0.51, 19.54, 
944, 3.42, 0.51, 19.56, 
945, 3.41, 0.51, 19.58, 
946, 3.42, 0.51, 19.60, 
947, 3.42, 0.51, 19.62, 
948, 3.42, 0.51, 19.63, 
949, 3.42, 0.51, 19.65, 
950, 3.42, 0.51, 19.67, 
951, 3.42, 0.51, 19.69, 
952, 3.42, 0.51, 19.70, 
953, 3.42, 0.51, 19.72, 
954, 3.42, 0.51, 19.74, 
955, 3.42, 0.51, 19.76, 
956, 3.42, 0.51, 19.78, 
957, 3.42, 0.51, 19.79, 
958, 3.42, 0.51, 19.81, 
959, 3.42, 0.51, 19.83, 
960, 3.43, 0.51, 19.85, 
961, 3.42, 0.51, 19.86, 
962, 3.42, 0.51, 19.88, 
963, 3.42, 0.51, 19.90, 
964, 3.42, 0.51, 19.92, 
965, 3.42, 0.51, 19.94, 
966, 3.42, 0.51, 19.95, 
967, 3.42, 0.51, 19.97, 
968, 3.42, 0.51, 19.99, 
969, 3.42, 0.51, 20.01, 
970, 3.42, 0.51, 20.02, 
971, 3.42, 0.51, 20.04, 
972, 3.42, 0.51, 20.06, 
973, 3.42, 0.51, 20.08, 
974, 3.42, 0.51, 20.09, 
975, 3.43, 0.51, 20.11, 
976, 3.42, 0.51, 20.13, 
977, 3.42, 0.51, 20.15, 
978, 3.42, 0.51, 20.17, 
979, 3.42, 0.51, 20.18, 
980, 3.42, 0.51, 20.20, 
981, 3.43, 0.51, 20.22, 
982, 3.43, 0.51, 20.24, 
983, 3.42, 0.51, 20.25, 
984, 3.42, 0.51, 20.27, 
985, 3.43, 0.51, 20.29, 
986, 3.43, 0.51, 20.31, 
987, 3.42, 0.51, 20.32, 
988, 3.43, 0.51, 20.34, 
989, 3.42, 0.51, 20.36, 
990, 3.43, 0.51, 20.38, 
991, 3.42, 0.51, 20.39, 
992, 3.42, 0.51, 20.41, 
993, 3.43, 0.51, 20.43, 
994, 3.43, 0.51, 20.45, 
995, 3.43, 0.51, 20.46, 
996, 3.43, 0.51, 20.48, 
997, 3.43, 0.51, 20.50, 
998, 3.43, 0.51, 20.52, 
999, 3.43, 0.51, 20.53, 
1000, 3.43, 0.51, 20.55, 
1001, 3.43, 0.51, 20.57, 
1002, 3.43, 0.51, 20.59, 
1003, 3.43, 0.51, 20.61, 
1004, 3.43, 0.50, 20.62, 
1005, 3.43, 0.51, 20.64, 
1006, 3.43, 0.51, 20.66, 
1007, 3.43, 0.51, 20.68, 
1008, 3.43, 0.50, 20.69, 
1009, 3.43, 0.50, 20.71, 
1010, 3.43, 0.50, 20.73, 
1011, 3.43, 0.50, 20.75, 
1012, 3.43, 0.50, 20.76, 
1013, 3.44, 0.50, 20.78, 
1014, 3.43, 0.50, 20.80, 
1015, 3.43, 0.51, 20.82, 
1016, 3.43, 0.50, 20.83, 
1017, 3.43, 0.50, 20.85, 
1018, 3.43, 0.50, 20.87, 
1019, 3.43, 0.50, 20.89, 
1020, 3.43, 0.50, 20.90, 
1021, 3.43, 0.50, 20.92, 
1022, 3.43, 0.50, 20.94, 
1023, 3.43, 0.50, 20.96, 
1024, 3.43, 0.50, 20.97, 
1025, 3.43, 0.50, 20.99, 
1026, 3.43, 0.50, 21.01, 
1027, 3.43, 0.50, 21.03, 
1028, 3.43, 0.50, 21.04, 
1029, 3.43, 0.50, 21.06, 
1030, 3.43, 0.50, 21.08, 
1031, 3.43, 0.50, 21.10, 
1032, 3.43, 0.50, 21.11, 
1033, 3.43, 0.50, 21.13, 
1034, 3.43, 0.50, 21.15, 
1035, 3.43, 0.50, 21.17, 
1036, 3.43, 0.50, 21.18, 
1037, 3.43, 0.50, 21.20, 
1038, 3.43, 0.50, 21.22, 
1039, 3.43, 0.50, 21.24, 
1040, 3.43, 0.50, 21.25, 
1041, 3.43, 0.50, 21.27, 
1042, 3.43, 0.50, 21.29, 
1043, 3.43, 0.50, 21.30, 
1044, 3.44, 0.50, 21.32, 
1045, 3.43, 0.50, 21.34, 
1046, 3.44, 0.50, 21.36, 
1047, 3.44, 0.50, 21.37, 
1048, 3.44, 0.50, 21.39, 
1049, 3.43, 0.50, 21.41, 
1050, 3.43, 0.50, 21.43, 
1051, 3.43, 0.50, 21.44, 
1052, 3.44, 0.50, 21.46, 
1053, 3.44, 0.50, 21.48, 
1054, 3.44, 0.50, 21.50, 
1055, 3.43, 0.50, 21.51, 
1056, 3.44, 0.50, 21.53, 
1057, 3.44, 0.50, 21.55, 
1058, 3.43, 0.50, 21.57, 
1059, 3.44, 0.50, 21.58, 
1060, 3.44, 0.50, 21.60, 
1061, 3.44, 0.50, 21.62, 
1062, 3.43, 0.50, 21.63, 
1063, 3.44, 0.50, 21.65, 
1064, 3.44, 0.50, 21.67, 
1065, 3.44, 0.50, 21.69, 
1066, 3.44, 0.50, 21.70, 
1067, 3.44, 0.50, 21.72, 
1068, 3.43, 0.50, 21.74, 
1069, 3.44, 0.50, 21.76, 
1070, 3.43, 0.50, 21.77, 
1071, 3.44, 0.50, 21.79, 
1072, 3.44, 0.50, 21.81, 
1073, 3.44, 0.50, 21.83, 
1074, 3.43, 0.50, 21.84, 
1075, 3.44, 0.50, 21.86, 
1076, 3.43, 0.50, 21.88, 
1077, 3.44, 0.50, 21.89, 
1078, 3.44, 0.50, 21.91, 
1079, 3.44, 0.50, 21.93, 
1080, 3.44, 0.50, 21.95, 
1081, 3.44, 0.50, 21.96, 
1082, 3.44, 0.50, 21.98, 
1083, 3.44, 0.50, 22.00, 
1084, 3.44, 0.50, 22.02, 
1085, 3.44, 0.50, 22.03, 
1086, 3.44, 0.50, 22.05, 
1087, 3.44, 0.50, 22.07, 
1088, 3.44, 0.50, 22.08, 
1089, 3.44, 0.50, 22.10, 
1090, 3.44, 0.50, 22.12, 
1091, 3.44, 0.50, 22.14, 
1092, 3.44, 0.50, 22.15, 
1093, 3.44, 0.50, 22.17, 
1094, 3.44, 0.50, 22.19, 
1095, 3.44, 0.50, 22.21, 
1096, 3.44, 0.50, 22.22, 
1097, 3.44, 0.50, 22.24, 
1098, 3.44, 0.50, 22.26, 
1099, 3.44, 0.50, 22.27, 
1100, 3.44, 0.50, 22.29, 
1101, 3.45, 0.50, 22.31, 
1102, 3.44, 0.50, 22.33, 
1103, 3.44, 0.50, 22.34, 
1104, 3.44, 0.50, 22.36, 
1105, 3.44, 0.50, 22.38, 
1106, 3.44, 0.50, 22.40, 
1107, 3.44, 0.50, 22.41, 
1108, 3.44, 0.50, 22.43, 
1109, 3.44, 0.50, 22.45, 
1110, 3.44, 0.50, 22.46, 
1111, 3.44, 0.50, 22.48, 
1112, 3.44, 0.49, 22.50, 
1113, 3.44, 0.50, 22.52, 
1114, 3.44, 0.50, 22.53, 
1115, 3.45, 0.49, 22.55, 
1116, 3.45, 0.50, 22.57, 
1117, 3.45, 0.49, 22.58, 
1118, 3.45, 0.49, 22.60, 
1119, 3.45, 0.49, 22.62, 
1120, 3.44, 0.50, 22.64, 
1121, 3.45, 0.49, 22.65, 
1122, 3.45, 0.49, 22.67, 
1123, 3.45, 0.49, 22.69, 
1124, 3.45, 0.49, 22.70, 
1125, 3.44, 0.49, 22.72, 
1126, 3.44, 0.49, 22.74, 
1127, 3.44, 0.49, 22.76, 
1128, 3.45, 0.49, 22.77, 
1129, 3.45, 0.49, 22.79, 
1130, 3.45, 0.49, 22.81, 
1131, 3.45, 0.49, 22.83, 
1132, 3.45, 0.49, 22.84, 
1133, 3.45, 0.49, 22.86, 
1134, 3.45, 0.49, 22.88, 
1135, 3.45, 0.49, 22.89, 
1136, 3.45, 0.49, 22.91, 
1137, 3.45, 0.49, 22.93, 
1138, 3.45, 0.49, 22.94, 
1139, 3.45, 0.49, 22.96, 
1140, 3.44, 0.49, 22.98, 
1141, 3.45, 0.49, 23.00, 
1142, 3.45, 0.49, 23.01, 
1143, 3.45, 0.49, 23.03, 
1144, 3.44, 0.49, 23.05, 
1145, 3.45, 0.49, 23.06, 
1146, 3.45, 0.49, 23.08, 
1147, 3.44, 0.49, 23.10, 
1148, 3.45, 0.49, 23.12, 
1149, 3.45, 0.49, 23.13, 
1150, 3.44, 0.49, 23.15, 
1151, 3.44, 0.49, 23.17, 
1152, 3.45, 0.49, 23.18, 
1153, 3.44, 0.49, 23.20, 
1154, 3.45, 0.49, 23.22, 
1155, 3.45, 0.49, 23.24, 
1156, 3.44, 0.49, 23.25, 
1157, 3.45, 0.49, 23.27, 
1158, 3.45, 0.49, 23.29, 
1159, 3.45, 0.49, 23.30, 
1160, 3.45, 0.49, 23.32, 
1161, 3.45, 0.49, 23.34, 
1162, 3.45, 0.49, 23.36, 
1163, 3.45, 0.49, 23.37, 
1164, 3.45, 0.49, 23.39, 
1165, 3.45, 0.49, 23.41, 
1166, 3.45, 0.49, 23.42, 
1167, 3.45, 0.49, 23.44, 
1168, 3.45, 0.49, 23.46, 
1169, 3.45, 0.49, 23.47, 
1170, 3.45, 0.49, 23.49, 
1171, 3.45, 0.49, 23.51, 
1172, 3.45, 0.49, 23.53, 
1173, 3.45, 0.49, 23.54, 
1174, 3.45, 0.49, 23.56, 
1175, 3.45, 0.49, 23.58, 
1176, 3.45, 0.49, 23.59, 
1177, 3.46, 0.49, 23.61, 
1178, 3.45, 0.49, 23.63, 
1179, 3.45, 0.49, 23.64, 
1180, 3.45, 0.49, 23.66, 
1181, 3.45, 0.49, 23.68, 
1182, 3.45, 0.49, 23.70, 
1183, 3.45, 0.49, 23.71, 
1184, 3.46, 0.49, 23.73, 
1185, 3.45, 0.49, 23.75, 
1186, 3.45, 0.49, 23.76, 
1187, 3.45, 0.49, 23.78, 
1188, 3.45, 0.49, 23.80, 
1189, 3.45, 0.49, 23.81, 
1190, 3.45, 0.49, 23.83, 
1191, 3.45, 0.49, 23.85, 
1192, 3.45, 0.49, 23.87, 
1193, 3.45, 0.49, 23.88, 
1194, 3.45, 0.49, 23.90, 
1195, 3.45, 0.49, 23.92, 
1196, 3.45, 0.49, 23.93, 
1197, 3.45, 0.49, 23.95, 
1198, 3.45, 0.49, 23.97, 
1199, 3.46, 0.49, 23.98, 
1200, 3.45, 0.49, 24.00, 
1201, 3.45, 0.49, 24.02, 
1202, 3.45, 0.49, 24.03, 
1203, 3.46, 0.49, 24.05, 
1204, 3.46, 0.49, 24.07, 
1205, 3.45, 0.49, 24.09, 
1206, 3.45, 0.49, 24.10, 
1207, 3.45, 0.49, 24.12, 
1208, 3.45, 0.49, 24.14, 
1209, 3.45, 0.49, 24.15, 
1210, 3.45, 0.49, 24.17, 
1211, 3.46, 0.49, 24.19, 
1212, 3.45, 0.49, 24.20, 
1213, 3.46, 0.49, 24.22, 
1214, 3.46, 0.49, 24.24, 
1215, 3.45, 0.49, 24.25, 
1216, 3.45, 0.49, 24.27, 
1217, 3.45, 0.49, 24.29, 
1218, 3.45, 0.49, 24.31, 
1219, 3.46, 0.49, 24.32, 
1220, 3.45, 0.49, 24.34, 
1221, 3.45, 0.49, 24.36, 
1222, 3.45, 0.49, 24.37, 
1223, 3.46, 0.49, 24.39, 
1224, 3.46, 0.49, 24.41, 
1225, 3.45, 0.49, 24.42, 
1226, 3.46, 0.49, 24.44, 
1227, 3.46, 0.49, 24.46, 
1228, 3.46, 0.49, 24.47, 
1229, 3.45, 0.48, 24.49, 
1230, 3.45, 0.49, 24.51, 
1231, 3.45, 0.49, 24.52, 
1232, 3.46, 0.49, 24.54, 
1233, 3.46, 0.49, 24.56, 
1234, 3.45, 0.49, 24.58, 
1235, 3.46, 0.48, 24.59, 
1236, 3.45, 0.49, 24.61, 
1237, 3.46, 0.49, 24.63, 
1238, 3.46, 0.49, 24.64, 
1239, 3.45, 0.49, 24.66, 
1240, 3.46, 0.48, 24.68, 
1241, 3.46, 0.48, 24.69, 
1242, 3.46, 0.48, 24.71, 
1243, 3.46, 0.48, 24.73, 
1244, 3.46, 0.49, 24.74, 
1245, 3.46, 0.48, 24.76, 
1246, 3.46, 0.48, 24.78, 
1247, 3.46, 0.48, 24.79, 
1248, 3.45, 0.48, 24.81, 
1249, 3.46, 0.48, 24.83, 
1250, 3.46, 0.48, 24.84, 
1251, 3.46, 0.48, 24.86, 
1252, 3.46, 0.48, 24.88, 
1253, 3.46, 0.48, 24.90, 
1254, 3.45, 0.48, 24.91, 
1255, 3.46, 0.48, 24.93, 
1256, 3.46, 0.48, 24.95, 
1257, 3.46, 0.48, 24.96, 
1258, 3.46, 0.48, 24.98, 
1259, 3.46, 0.48, 25.00, 
1260, 3.46, 0.48, 25.01, 
1261, 3.46, 0.48, 25.03, 
1262, 3.46, 0.48, 25.05, 
1263, 3.46, 0.48, 25.06, 
1264, 3.46, 0.48, 25.08, 
1265, 3.46, 0.48, 25.10, 
1266, 3.46, 0.48, 25.11, 
1267, 3.46, 0.48, 25.13, 
1268, 3.46, 0.48, 25.15, 
1269, 3.46, 0.48, 25.16, 
1270, 3.46, 0.48, 25.18, 
1271, 3.46, 0.48, 25.20, 
1272, 3.46, 0.48, 25.21, 
1273, 3.46, 0.48, 25.23, 
1274, 3.46, 0.48, 25.25, 
1275, 3.46, 0.48, 25.26, 
1276, 3.46, 0.48, 25.28, 
1277, 3.47, 0.48, 25.30, 
1278, 3.46, 0.48, 25.31, 
1279, 3.47, 0.48, 25.33, 
1280, 3.46, 0.48, 25.35, 
1281, 3.46, 0.48, 25.37, 
1282, 3.46, 0.48, 25.38, 
1283, 3.46, 0.48, 25.40, 
1284, 3.46, 0.48, 25.42, 
1285, 3.46, 0.48, 25.43, 
1286, 3.47, 0.48, 25.45, 
1287, 3.46, 0.48, 25.47, 
1288, 3.46, 0.48, 25.48, 
1289, 3.46, 0.48, 25.50, 
1290, 3.46, 0.48, 25.52, 
1291, 3.46, 0.48, 25.53, 
1292, 3.47, 0.48, 25.55, 
1293, 3.46, 0.48, 25.57, 
1294, 3.46, 0.48, 25.58, 
1295, 3.46, 0.48, 25.60, 
1296, 3.46, 0.48, 25.62, 
1297, 3.46, 0.48, 25.63, 
1298, 3.46, 0.48, 25.65, 
1299, 3.46, 0.48, 25.67, 
1300, 3.46, 0.48, 25.68, 
1301, 3.47, 0.48, 25.70, 
1302, 3.46, 0.48, 25.72, 
1303, 3.46, 0.48, 25.73, 
1304, 3.46, 0.48, 25.75, 
1305, 3.46, 0.48, 25.77, 
1306, 3.46, 0.48, 25.78, 
1307, 3.46, 0.48, 25.80, 
1308, 3.47, 0.48, 25.82, 
1309, 3.47, 0.48, 25.83, 
1310, 3.46, 0.48, 25.85, 
1311, 3.46, 0.48, 25.87, 
1312, 3.46, 0.48, 25.88, 
1313, 3.46, 0.48, 25.90, 
1314, 3.46, 0.48, 25.92, 
1315, 3.46, 0.48, 25.93, 
1316, 3.47, 0.48, 25.95, 
1317, 3.46, 0.48, 25.97, 
1318, 3.46, 0.48, 25.98, 
1319, 3.47, 0.48, 26.00, 
1320, 3.47, 0.48, 26.02, 
1321, 3.47, 0.48, 26.03, 
1322, 3.47, 0.48, 26.05, 
1323, 3.46, 0.48, 26.07, 
1324, 3.47, 0.48, 26.08, 
1325, 3.47, 0.48, 26.10, 
1326, 3.47, 0.48, 26.12, 
1327, 3.47, 0.48, 26.13, 
1328, 3.47, 0.48, 26.15, 
1329, 3.47, 0.48, 26.17, 
1330, 3.46, 0.48, 26.18, 
1331, 3.47, 0.48, 26.20, 
1332, 3.47, 0.48, 26.22, 
1333, 3.47, 0.48, 26.23, 
1334, 3.47, 0.48, 26.25, 
1335, 3.47, 0.48, 26.27, 
1336, 3.47, 0.48, 26.28, 
1337, 3.47, 0.48, 26.30, 
1338, 3.47, 0.48, 26.32, 
1339, 3.47, 0.48, 26.33, 
1340, 3.47, 0.48, 26.35, 
1341, 3.47, 0.48, 26.37, 
1342, 3.47, 0.48, 26.38, 
1343, 3.47, 0.48, 26.40, 
1344, 3.47, 0.48, 26.41, 
1345, 3.47, 0.48, 26.43, 
1346, 3.47, 0.48, 26.45, 
1347, 3.47, 0.48, 26.46, 
1348, 3.47, 0.48, 26.48, 
1349, 3.47, 0.48, 26.50, 
1350, 3.47, 0.48, 26.51, 
1351, 3.47, 0.48, 26.53, 
1352, 3.47, 0.48, 26.55, 
1353, 3.47, 0.48, 26.56, 
1354, 3.47, 0.48, 26.58, 
1355, 3.47, 0.48, 26.60, 
1356, 3.47, 0.48, 26.61, 
1357, 3.47, 0.48, 26.63, 
1358, 3.47, 0.48, 26.65, 
1359, 3.47, 0.48, 26.66, 
1360, 3.47, 0.48, 26.68, 
1361, 3.47, 0.48, 26.70, 
1362, 3.47, 0.48, 26.71, 
1363, 3.47, 0.47, 26.73, 
1364, 3.47, 0.48, 26.75, 
1365, 3.47, 0.48, 26.76, 
1366, 3.47, 0.48, 26.78, 
1367, 3.47, 0.48, 26.80, 
1368, 3.47, 0.48, 26.81, 
1369, 3.47, 0.48, 26.83, 
1370, 3.47, 0.48, 26.85, 
1371, 3.47, 0.48, 26.86, 
1372, 3.47, 0.48, 26.88, 
1373, 3.48, 0.48, 26.89, 
1374, 3.47, 0.48, 26.91, 
1375, 3.47, 0.48, 26.93, 
1376, 3.47, 0.48, 26.94, 
1377, 3.47, 0.48, 26.96, 
1378, 3.47, 0.48, 26.98, 
1379, 3.47, 0.47, 26.99, 
1380, 3.47, 0.47, 27.01, 
1381, 3.47, 0.47, 27.03, 
1382, 3.47, 0.48, 27.04, 
1383, 3.47, 0.47, 27.06, 
1384, 3.47, 0.48, 27.08, 
1385, 3.47, 0.47, 27.09, 
1386, 3.47, 0.47, 27.11, 
1387, 3.47, 0.47, 27.13, 
1388, 3.47, 0.47, 27.14, 
1389, 3.47, 0.47, 27.16, 
1390, 3.47, 0.47, 27.18, 
1391, 3.47, 0.47, 27.19, 
1392, 3.47, 0.47, 27.21, 
1393, 3.47, 0.47, 27.22, 
1394, 3.47, 0.47, 27.24, 
1395, 3.47, 0.47, 27.26, 
1396, 3.47, 0.47, 27.27, 
1397, 3.47, 0.47, 27.29, 
1398, 3.47, 0.47, 27.31, 
1399, 3.48, 0.47, 27.32, 
1400, 3.48, 0.47, 27.34, 
1401, 3.47, 0.47, 27.36, 
1402, 3.47, 0.47, 27.37, 
1403, 3.47, 0.47, 27.39, 
1404, 3.48, 0.47, 27.41, 
1405, 3.48, 0.47, 27.42, 
1406, 3.47, 0.47, 27.44, 
1407, 3.47, 0.47, 27.46, 
1408, 3.48, 0.47, 27.47, 
1409, 3.47, 0.47, 27.49, 
1410, 3.48, 0.47, 27.50, 
1411, 3.47, 0.47, 27.52, 
1412, 3.48, 0.47, 27.54, 
1413, 3.48, 0.47, 27.55, 
1414, 3.47, 0.47, 27.57, 
1415, 3.47, 0.47, 27.59, 
1416, 3.48, 0.47, 27.60, 
1417, 3.48, 0.47, 27.62, 
1418, 3.48, 0.47, 27.64, 
1419, 3.48, 0.47, 27.65, 
1420, 3.48, 0.47, 27.67, 
1421, 3.48, 0.47, 27.69, 
1422, 3.48, 0.47, 27.70, 
1423, 3.48, 0.47, 27.72, 
1424, 3.48, 0.47, 27.73, 
1425, 3.48, 0.47, 27.75, 
1426, 3.48, 0.47, 27.77, 
1427, 3.48, 0.47, 27.78, 
1428, 3.48, 0.47, 27.80, 
1429, 3.48, 0.47, 27.82, 
1430, 3.48, 0.47, 27.83, 
1431, 3.48, 0.47, 27.85, 
1432, 3.48, 0.47, 27.87, 
1433, 3.48, 0.47, 27.88, 
1434, 3.48, 0.47, 27.90, 
1435, 3.48, 0.47, 27.91, 
1436, 3.48, 0.47, 27.93, 
1437, 3.48, 0.47, 27.95, 
1438, 3.48, 0.47, 27.96, 
1439, 3.48, 0.47, 27.98, 
1440, 3.48, 0.47, 28.00, 
1441, 3.48, 0.47, 28.01, 
1442, 3.48, 0.47, 28.03, 
1443, 3.48, 0.47, 28.05, 
1444, 3.48, 0.47, 28.06, 
1445, 3.48, 0.47, 28.08, 
1446, 3.48, 0.47, 28.10, 
1447, 3.48, 0.47, 28.11, 
1448, 3.48, 0.47, 28.13, 
1449, 3.48, 0.47, 28.14, 
1450, 3.48, 0.47, 28.16, 
1451, 3.48, 0.47, 28.18, 
1452, 3.48, 0.47, 28.19, 
1453, 3.48, 0.47, 28.21, 
1454, 3.48, 0.47, 28.23, 
1455, 3.48, 0.47, 28.24, 
1456, 3.48, 0.47, 28.26, 
1457, 3.48, 0.47, 28.27, 
1458, 3.48, 0.47, 28.29, 
1459, 3.48, 0.47, 28.31, 
1460, 3.48, 0.47, 28.32, 
1461, 3.48, 0.47, 28.34, 
1462, 3.48, 0.47, 28.36, 
1463, 3.48, 0.47, 28.37, 
1464, 3.48, 0.47, 28.39, 
1465, 3.48, 0.47, 28.41, 
1466, 3.48, 0.47, 28.42, 
1467, 3.48, 0.47, 28.44, 
1468, 3.48, 0.47, 28.45, 
1469, 3.48, 0.47, 28.47, 
1470, 3.48, 0.47, 28.49, 
1471, 3.48, 0.47, 28.50, 
1472, 3.48, 0.47, 28.52, 
1473, 3.48, 0.47, 28.54, 
1474, 3.48, 0.47, 28.55, 
1475, 3.48, 0.47, 28.57, 
1476, 3.48, 0.47, 28.58, 
1477, 3.48, 0.47, 28.60, 
1478, 3.48, 0.47, 28.62, 
1479, 3.48, 0.47, 28.63, 
1480, 3.48, 0.47, 28.65, 
1481, 3.48, 0.47, 28.67, 
1482, 3.48, 0.47, 28.68, 
1483, 3.48, 0.47, 28.70, 
1484, 3.48, 0.47, 28.72, 
1485, 3.48, 0.47, 28.73, 
1486, 3.48, 0.47, 28.75, 
1487, 3.48, 0.47, 28.76, 
1488, 3.48, 0.47, 28.78, 
1489, 3.48, 0.47, 28.80, 
1490, 3.48, 0.47, 28.81, 
1491, 3.48, 0.47, 28.83, 
1492, 3.48, 0.47, 28.85, 
1493, 3.48, 0.47, 28.86, 
1494, 3.48, 0.47, 28.88, 
1495, 3.48, 0.47, 28.89, 
1496, 3.48, 0.47, 28.91, 
1497, 3.49, 0.47, 28.93, 
1498, 3.48, 0.47, 28.94, 
1499, 3.48, 0.47, 28.96, 
1500, 3.48, 0.47, 28.98, 
1501, 3.48, 0.47, 28.99, 
1502, 3.48, 0.47, 29.01, 
1503, 3.48, 0.47, 29.02, 
1504, 3.48, 0.47, 29.04, 
1505, 3.48, 0.47, 29.06, 
1506, 3.49, 0.47, 29.07, 
1507, 3.48, 0.47, 29.09, 
1508, 3.49, 0.47, 29.11, 
1509, 3.48, 0.47, 29.12, 
1510, 3.48, 0.47, 29.14, 
1511, 3.49, 0.47, 29.15, 
1512, 3.49, 0.47, 29.17, 
1513, 3.49, 0.47, 29.19, 
1514, 3.48, 0.47, 29.20, 
1515, 3.49, 0.47, 29.22, 
1516, 3.49, 0.47, 29.23, 
1517, 3.49, 0.47, 29.25, 
1518, 3.49, 0.47, 29.27, 
1519, 3.49, 0.47, 29.28, 
1520, 3.49, 0.46, 29.30, 
1521, 3.48, 0.47, 29.32, 
1522, 3.49, 0.47, 29.33, 
1523, 3.49, 0.47, 29.35, 
1524, 3.49, 0.47, 29.36, 
1525, 3.49, 0.47, 29.38, 
1526, 3.49, 0.47, 29.40, 
1527, 3.49, 0.47, 29.41, 
1528, 3.48, 0.47, 29.43, 
1529, 3.49, 0.47, 29.45, 
1530, 3.49, 0.47, 29.46, 
1531, 3.49, 0.47, 29.48, 
1532, 3.48, 0.47, 29.49, 
1533, 3.49, 0.47, 29.51, 
1534, 3.49, 0.47, 29.53, 
1535, 3.48, 0.47, 29.54, 
1536, 3.49, 0.47, 29.56, 
1537, 3.49, 0.47, 29.57, 
1538, 3.49, 0.47, 29.59, 
1539, 3.49, 0.47, 29.61, 
1540, 3.49, 0.47, 29.62, 
1541, 3.49, 0.46, 29.64, 
1542, 3.49, 0.47, 29.66, 
1543, 3.49, 0.47, 29.67, 
1544, 3.49, 0.47, 29.69, 
1545, 3.49, 0.47, 29.70, 
1546, 3.49, 0.46, 29.72, 
1547, 3.49, 0.46, 29.74, 
1548, 3.49, 0.47, 29.75, 
1549, 3.49, 0.46, 29.77, 
1550, 3.49, 0.47, 29.79, 
1551, 3.49, 0.47, 29.80, 
1552, 3.49, 0.46, 29.82, 
1553, 3.49, 0.46, 29.83, 
1554, 3.49, 0.46, 29.85, 
1555, 3.49, 0.46, 29.87, 
1556, 3.49, 0.46, 29.88, 
1557, 3.49, 0.46, 29.90, 
1558, 3.49, 0.46, 29.91, 
1559, 3.49, 0.46, 29.93, 
1560, 3.49, 0.46, 29.95, 
1561, 3.49, 0.46, 29.96, 
1562, 3.49, 0.46, 29.98, 
1563, 3.49, 0.46, 29.99, 
1564, 3.49, 0.46, 30.01, 
1565, 3.49, 0.46, 30.03, 
1566, 3.49, 0.46, 30.04, 
1567, 3.49, 0.46, 30.06, 
1568, 3.49, 0.46, 30.08, 
1569, 3.49, 0.46, 30.09, 
1570, 3.49, 0.46, 30.11, 
1571, 3.49, 0.46, 30.12, 
1572, 3.49, 0.46, 30.14, 
1573, 3.49, 0.46, 30.16, 
1574, 3.49, 0.46, 30.17, 
1575, 3.49, 0.46, 30.19, 
1576, 3.49, 0.46, 30.20, 
1577, 3.49, 0.46, 30.22, 
1578, 3.49, 0.46, 30.24, 
1579, 3.49, 0.46, 30.25, 
1580, 3.49, 0.46, 30.27, 
1581, 3.49, 0.46, 30.28, 
1582, 3.49, 0.46, 30.30, 
1583, 3.49, 0.46, 30.32, 
1584, 3.49, 0.46, 30.33, 
1585, 3.49, 0.46, 30.35, 
1586, 3.49, 0.46, 30.36, 
1587, 3.49, 0.46, 30.38, 
1588, 3.49, 0.46, 30.40, 
1589, 3.49, 0.46, 30.41, 
1590, 3.49, 0.46, 30.43, 
1591, 3.49, 0.46, 30.44, 
1592, 3.50, 0.46, 30.46, 
1593, 3.49, 0.46, 30.48, 
1594, 3.49, 0.46, 30.49, 
1595, 3.49, 0.46, 30.51, 
1596, 3.50, 0.46, 30.53, 
1597, 3.49, 0.46, 30.54, 
1598, 3.49, 0.46, 30.56, 
1599, 3.49, 0.46, 30.57, 
1600, 3.49, 0.46, 30.59, 
1601, 3.49, 0.46, 30.61, 
1602, 3.50, 0.46, 30.62, 
1603, 3.50, 0.46, 30.64, 
1604, 3.49, 0.46, 30.65, 
1605, 3.50, 0.46, 30.67, 
1606, 3.50, 0.46, 30.69, 
1607, 3.49, 0.46, 30.70, 
1608, 3.50, 0.46, 30.72, 
1609, 3.49, 0.46, 30.73, 
1610, 3.50, 0.46, 30.75, 
1611, 3.50, 0.46, 30.77, 
1612, 3.50, 0.46, 30.78, 
1613, 3.50, 0.46, 30.80, 
1614, 3.50, 0.46, 30.81, 
1615, 3.49, 0.46, 30.83, 
1616, 3.50, 0.46, 30.85, 
1617, 3.50, 0.46, 30.86, 
1618, 3.49, 0.46, 30.88, 
1619, 3.50, 0.46, 30.89, 
1620, 3.49, 0.46, 30.91, 
1621, 3.50, 0.46, 30.93, 
1622, 3.49, 0.46, 30.94, 
1623, 3.50, 0.46, 30.96, 
1624, 3.50, 0.46, 30.97, 
1625, 3.50, 0.46, 30.99, 
1626, 3.50, 0.46, 31.01, 
1627, 3.50, 0.46, 31.02, 
1628, 3.49, 0.46, 31.04, 
1629, 3.50, 0.46, 31.05, 
1630, 3.50, 0.46, 31.07, 
1631, 3.50, 0.46, 31.08, 
1632, 3.50, 0.46, 31.10, 
1633, 3.50, 0.46, 31.12, 
1634, 3.50, 0.46, 31.13, 
1635, 3.50, 0.46, 31.15, 
1636, 3.50, 0.46, 31.16, 
1637, 3.50, 0.46, 31.18, 
1638, 3.50, 0.46, 31.20, 
1639, 3.50, 0.46, 31.21, 
1640, 3.50, 0.46, 31.23, 
1641, 3.50, 0.46, 31.24, 
1642, 3.50, 0.46, 31.26, 
1643, 3.49, 0.46, 31.28, 
1644, 3.50, 0.46, 31.29, 
1645, 3.50, 0.46, 31.31, 
1646, 3.50, 0.46, 31.32, 
1647, 3.50, 0.46, 31.34, 
1648, 3.50, 0.46, 31.36, 
1649, 3.50, 0.46, 31.37, 
1650, 3.50, 0.46, 31.39, 
1651, 3.50, 0.46, 31.40, 
1652, 3.50, 0.46, 31.42, 
1653, 3.50, 0.46, 31.44, 
1654, 3.50, 0.46, 31.45, 
1655, 3.50, 0.46, 31.47, 
1656, 3.50, 0.46, 31.48, 
1657, 3.50, 0.46, 31.50, 
1658, 3.50, 0.46, 31.51, 
1659, 3.49, 0.46, 31.53, 
1660, 3.50, 0.46, 31.55, 
1661, 3.50, 0.46, 31.56, 
1662, 3.50, 0.46, 31.58, 
1663, 3.50, 0.46, 31.59, 
1664, 3.50, 0.46, 31.61, 
1665, 3.50, 0.46, 31.63, 
1666, 3.50, 0.46, 31.64, 
1667, 3.50, 0.46, 31.66, 
1668, 3.50, 0.46, 31.67, 
1669, 3.50, 0.46, 31.69, 
1670, 3.50, 0.46, 31.71, 
1671, 3.50, 0.46, 31.72, 
1672, 3.50, 0.46, 31.74, 
1673, 3.50, 0.46, 31.75, 
1674, 3.50, 0.46, 31.77, 
1675, 3.50, 0.46, 31.78, 
1676, 3.50, 0.46, 31.80, 
1677, 3.50, 0.46, 31.82, 
1678, 3.50, 0.46, 31.83, 
1679, 3.50, 0.46, 31.85, 
1680, 3.50, 0.46, 31.86, 
1681, 3.50, 0.46, 31.88, 
1682, 3.50, 0.46, 31.90, 
1683, 3.50, 0.46, 31.91, 
1684, 3.50, 0.46, 31.93, 
1685, 3.50, 0.46, 31.94, 
1686, 3.50, 0.46, 31.96, 
1687, 3.50, 0.46, 31.97, 
1688, 3.50, 0.45, 31.99, 
1689, 3.50, 0.46, 32.01, 
1690, 3.50, 0.46, 32.02, 
1691, 3.50, 0.46, 32.04, 
1692, 3.50, 0.46, 32.05, 
1693, 3.50, 0.46, 32.07, 
1694, 3.51, 0.45, 32.09, 
1695, 3.50, 0.46, 32.10, 
1696, 3.51, 0.46, 32.12, 
1697, 3.50, 0.45, 32.13, 
1698, 3.51, 0.45, 32.15, 
1699, 3.51, 0.45, 32.16, 
1700, 3.50, 0.45, 32.18, 
1701, 3.51, 0.45, 32.20, 
1702, 3.51, 0.45, 32.21, 
1703, 3.51, 0.45, 32.23, 
1704, 3.51, 0.45, 32.24, 
1705, 3.51, 0.45, 32.26, 
1706, 3.50, 0.45, 32.27, 
1707, 3.51, 0.45, 32.29, 
1708, 3.51, 0.45, 32.31, 
1709, 3.51, 0.45, 32.32, 
1710, 3.50, 0.45, 32.34, 
1711, 3.50, 0.45, 32.35, 
1712, 3.51, 0.45, 32.37, 
1713, 3.50, 0.45, 32.39, 
1714, 3.51, 0.45, 32.40, 
1715, 3.50, 0.45, 32.42, 
1716, 3.51, 0.45, 32.43, 
1717, 3.50, 0.45, 32.45, 
1718, 3.51, 0.45, 32.46, 
1719, 3.51, 0.45, 32.48, 
1720, 3.50, 0.45, 32.50, 
1721, 3.51, 0.45, 32.51, 
1722, 3.51, 0.45, 32.53, 
1723, 3.50, 0.45, 32.54, 
1724, 3.50, 0.45, 32.56, 
1725, 3.50, 0.45, 32.57, 
1726, 3.51, 0.45, 32.59, 
1727, 3.50, 0.45, 32.61, 
1728, 3.51, 0.45, 32.62, 
1729, 3.51, 0.45, 32.64, 
1730, 3.51, 0.45, 32.65, 
1731, 3.51, 0.45, 32.67, 
1732, 3.51, 0.45, 32.68, 
1733, 3.51, 0.45, 32.70, 
1734, 3.50, 0.45, 32.72, 
1735, 3.51, 0.45, 32.73, 
1736, 3.51, 0.45, 32.75, 
1737, 3.51, 0.45, 32.76, 
1738, 3.50, 0.45, 32.78, 
1739, 3.51, 0.45, 32.79, 
1740, 3.51, 0.45, 32.81, 
1741, 3.51, 0.45, 32.83, 
1742, 3.51, 0.45, 32.84, 
1743, 3.51, 0.45, 32.86, 
1744, 3.51, 0.45, 32.87, 
1745, 3.51, 0.45, 32.89, 
1746, 3.51, 0.45, 32.90, 
1747, 3.51, 0.45, 32.92, 
1748, 3.51, 0.45, 32.94, 
1749, 3.50, 0.45, 32.95, 
1750, 3.51, 0.45, 32.97, 
1751, 3.51, 0.45, 32.98, 
1752, 3.51, 0.45, 33.00, 
1753, 3.50, 0.45, 33.01, 
1754, 3.50, 0.45, 33.03, 
1755, 3.51, 0.45, 33.05, 
1756, 3.51, 0.45, 33.06, 
1757, 3.51, 0.45, 33.08, 
1758, 3.51, 0.45, 33.09, 
1759, 3.51, 0.45, 33.11, 
1760, 3.51, 0.45, 33.12, 
1761, 3.51, 0.45, 33.14, 
1762, 3.51, 0.45, 33.16, 
1763, 3.51, 0.45, 33.17, 
1764, 3.51, 0.45, 33.19, 
1765, 3.51, 0.45, 33.20, 
1766, 3.51, 0.45, 33.22, 
1767, 3.51, 0.45, 33.23, 
1768, 3.51, 0.45, 33.25, 
1769, 3.51, 0.45, 33.27, 
1770, 3.51, 0.45, 33.28, 
1771, 3.51, 0.45, 33.30, 
1772, 3.51, 0.45, 33.31, 
1773, 3.51, 0.45, 33.33, 
1774, 3.51, 0.45, 33.34, 
1775, 3.51, 0.45, 33.36, 
1776, 3.51, 0.45, 33.37, 
1777, 3.51, 0.45, 33.39, 
1778, 3.51, 0.45, 33.41, 
1779, 3.51, 0.45, 33.42, 
1780, 3.51, 0.45, 33.44, 
1781, 3.51, 0.45, 33.45, 
1782, 3.51, 0.45, 33.47, 
1783, 3.51, 0.45, 33.48, 
1784, 3.51, 0.45, 33.50, 
1785, 3.51, 0.45, 33.52, 
1786, 3.51, 0.45, 33.53, 
1787, 3.51, 0.45, 33.55, 
1788, 3.51, 0.45, 33.56, 
1789, 3.51, 0.45, 33.58, 
1790, 3.51, 0.45, 33.59, 
1791, 3.52, 0.45, 33.61, 
1792, 3.51, 0.45, 33.62, 
1793, 3.52, 0.45, 33.64, 
1794, 3.52, 0.45, 33.66, 
1795, 3.51, 0.45, 33.67, 
1796, 3.51, 0.45, 33.69, 
1797, 3.51, 0.45, 33.70, 
1798, 3.51, 0.45, 33.72, 
1799, 3.51, 0.45, 33.73, 
1800, 3.51, 0.45, 33.75, 
1801, 3.51, 0.45, 33.76, 
1802, 3.51, 0.45, 33.78, 
1803, 3.51, 0.45, 33.80, 
1804, 3.52, 0.45, 33.81, 
1805, 3.52, 0.45, 33.83, 
1806, 3.52, 0.45, 33.84, 
1807, 3.51, 0.45, 33.86, 
1808, 3.51, 0.45, 33.87, 
1809, 3.52, 0.45, 33.89, 
1810, 3.51, 0.45, 33.90, 
1811, 3.52, 0.45, 33.92, 
1812, 3.52, 0.45, 33.94, 
1813, 3.51, 0.45, 33.95, 
1814, 3.51, 0.45, 33.97, 
1815, 3.51, 0.45, 33.98, 
1816, 3.51, 0.45, 34.00, 
1817, 3.51, 0.45, 34.01, 
1818, 3.51, 0.45, 34.03, 
1819, 3.52, 0.45, 34.04, 
1820, 3.52, 0.45, 34.06, 
1821, 3.52, 0.45, 34.08, 
1822, 3.52, 0.45, 34.09, 
1823, 3.52, 0.45, 34.11, 
1824, 3.52, 0.45, 34.12, 
1825, 3.52, 0.45, 34.14, 
1826, 3.51, 0.45, 34.15, 
1827, 3.51, 0.45, 34.17, 
1828, 3.51, 0.45, 34.18, 
1829, 3.52, 0.45, 34.20, 
1830, 3.51, 0.45, 34.22, 
1831, 3.51, 0.44, 34.23, 
1832, 3.51, 0.45, 34.25, 
1833, 3.52, 0.45, 34.26, 
1834, 3.52, 0.45, 34.28, 
1835, 3.51, 0.45, 34.29, 
1836, 3.52, 0.45, 34.31, 
1837, 3.52, 0.45, 34.32, 
1838, 3.51, 0.45, 34.34, 
1839, 3.51, 0.45, 34.35, 
1840, 3.52, 0.45, 34.37, 
1841, 3.52, 0.44, 34.39, 
1842, 3.51, 0.45, 34.40, 
1843, 3.52, 0.45, 34.42, 
1844, 3.52, 0.44, 34.43, 
1845, 3.51, 0.45, 34.45, 
1846, 3.52, 0.44, 34.46, 
1847, 3.52, 0.44, 34.48, 
1848, 3.52, 0.44, 34.49, 
1849, 3.52, 0.44, 34.51, 
1850, 3.52, 0.44, 34.52, 
1851, 3.52, 0.44, 34.54, 
1852, 3.52, 0.44, 34.56, 
1853, 3.52, 0.44, 34.57, 
1854, 3.52, 0.44, 34.59, 
1855, 3.52, 0.44, 34.60, 
1856, 3.52, 0.44, 34.62, 
1857, 3.52, 0.44, 34.63, 
1858, 3.52, 0.44, 34.65, 
1859, 3.52, 0.44, 34.66, 
1860, 3.52, 0.44, 34.68, 
1861, 3.52, 0.44, 34.69, 
1862, 3.52, 0.44, 34.71, 
1863, 3.52, 0.44, 34.73, 
1864, 3.52, 0.44, 34.74, 
1865, 3.52, 0.44, 34.76, 
1866, 3.52, 0.44, 34.77, 
1867, 3.52, 0.44, 34.79, 
1868, 3.52, 0.44, 34.80, 
1869, 3.52, 0.44, 34.82, 
1870, 3.52, 0.44, 34.83, 
1871, 3.52, 0.44, 34.85, 
1872, 3.52, 0.44, 34.86, 
1873, 3.52, 0.44, 34.88, 
1874, 3.52, 0.44, 34.89, 
1875, 3.52, 0.44, 34.91, 
1876, 3.52, 0.44, 34.93, 
1877, 3.52, 0.44, 34.94, 
1878, 3.52, 0.44, 34.96, 
1879, 3.52, 0.44, 34.97, 
1880, 3.52, 0.44, 34.99, 
1881, 3.52, 0.44, 35.00, 
1882, 3.52, 0.44, 35.02, 
1883, 3.52, 0.44, 35.03, 
1884, 3.52, 0.44, 35.05, 
1885, 3.52, 0.44, 35.06, 
1886, 3.52, 0.44, 35.08, 
1887, 3.52, 0.44, 35.09, 
1888, 3.52, 0.44, 35.11, 
1889, 3.53, 0.44, 35.13, 
1890, 3.52, 0.44, 35.14, 
1891, 3.52, 0.44, 35.16, 
1892, 3.52, 0.44, 35.17, 
1893, 3.52, 0.44, 35.19, 
1894, 3.52, 0.44, 35.20, 
1895, 3.52, 0.44, 35.22, 
1896, 3.52, 0.44, 35.23, 
1897, 3.52, 0.44, 35.25, 
1898, 3.52, 0.44, 35.26, 
1899, 3.52, 0.44, 35.28, 
1900, 3.52, 0.44, 35.29, 
1901, 3.52, 0.44, 35.31, 
1902, 3.52, 0.44, 35.32, 
1903, 3.52, 0.44, 35.34, 
1904, 3.52, 0.44, 35.36, 
1905, 3.52, 0.44, 35.37, 
1906, 3.53, 0.44, 35.39, 
1907, 3.53, 0.44, 35.40, 
1908, 3.52, 0.44, 35.42, 
1909, 3.53, 0.44, 35.43, 
1910, 3.52, 0.44, 35.45, 
1911, 3.52, 0.44, 35.46, 
1912, 3.53, 0.44, 35.48, 
1913, 3.52, 0.44, 35.49, 
1914, 3.53, 0.44, 35.51, 
1915, 3.53, 0.44, 35.52, 
1916, 3.52, 0.44, 35.54, 
1917, 3.53, 0.44, 35.55, 
1918, 3.52, 0.44, 35.57, 
1919, 3.52, 0.44, 35.59, 
1920, 3.53, 0.44, 35.60, 
1921, 3.52, 0.44, 35.62, 
1922, 3.52, 0.44, 35.63, 
1923, 3.52, 0.44, 35.65, 
1924, 3.52, 0.44, 35.66, 
1925, 3.53, 0.44, 35.68, 
1926, 3.53, 0.44, 35.69, 
1927, 3.53, 0.44, 35.71, 
1928, 3.52, 0.44, 35.72, 
1929, 3.53, 0.44, 35.74, 
1930, 3.53, 0.44, 35.75, 
1931, 3.53, 0.44, 35.77, 
1932, 3.53, 0.44, 35.78, 
1933, 3.53, 0.44, 35.80, 
1934, 3.53, 0.44, 35.81, 
1935, 3.53, 0.44, 35.83, 
1936, 3.53, 0.44, 35.84, 
1937, 3.53, 0.44, 35.86, 
1938, 3.53, 0.44, 35.88, 
1939, 3.53, 0.44, 35.89, 
1940, 3.53, 0.44, 35.91, 
1941, 3.53, 0.44, 35.92, 
1942, 3.53, 0.44, 35.94, 
1943, 3.53, 0.44, 35.95, 
1944, 3.53, 0.44, 35.97, 
1945, 3.53, 0.44, 35.98, 
1946, 3.53, 0.44, 36.00, 
1947, 3.53, 0.44, 36.01, 
1948, 3.53, 0.44, 36.03, 
1949, 3.53, 0.44, 36.04, 
1950, 3.53, 0.44, 36.06, 
1951, 3.53, 0.44, 36.07, 
1952, 3.53, 0.44, 36.09, 
1953, 3.53, 0.44, 36.10, 
1954, 3.53, 0.44, 36.12, 
1955, 3.53, 0.44, 36.13, 
1956, 3.53, 0.44, 36.15, 
1957, 3.53, 0.44, 36.16, 
1958, 3.53, 0.44, 36.18, 
1959, 3.53, 0.44, 36.19, 
1960, 3.53, 0.44, 36.21, 
1961, 3.53, 0.44, 36.22, 
1962, 3.54, 0.44, 36.24, 
1963, 3.53, 0.44, 36.26, 
1964, 3.53, 0.44, 36.27, 
1965, 3.53, 0.44, 36.29, 
1966, 3.53, 0.44, 36.30, 
1967, 3.53, 0.44, 36.32, 
1968, 3.53, 0.44, 36.33, 
1969, 3.53, 0.44, 36.35, 
1970, 3.53, 0.44, 36.36, 
1971, 3.53, 0.44, 36.38, 
1972, 3.53, 0.44, 36.39, 
1973, 3.53, 0.44, 36.41, 
1974, 3.53, 0.44, 36.42, 
1975, 3.53, 0.44, 36.44, 
1976, 3.53, 0.44, 36.45, 
1977, 3.53, 0.44, 36.47, 
1978, 3.53, 0.44, 36.48, 
1979, 3.53, 0.44, 36.50, 
1980, 3.54, 0.44, 36.51, 
1981, 3.53, 0.44, 36.53, 
1982, 3.54, 0.44, 36.54, 
1983, 3.53, 0.43, 36.56, 
1984, 3.53, 0.44, 36.57, 
1985, 3.54, 0.43, 36.59, 
1986, 3.53, 0.43, 36.60, 
1987, 3.53, 0.43, 36.62, 
1988, 3.53, 0.44, 36.63, 
1989, 3.53, 0.43, 36.65, 
1990, 3.53, 0.43, 36.66, 
1991, 3.53, 0.43, 36.68, 
1992, 3.54, 0.43, 36.69, 
1993, 3.53, 0.44, 36.71, 
1994, 3.53, 0.43, 36.72, 
1995, 3.53, 0.43, 36.74, 
1996, 3.53, 0.43, 36.75, 
1997, 3.53, 0.43, 36.77, 
1998, 3.54, 0.43, 36.78, 
1999, 3.53, 0.43, 36.80, 
2000, 3.53, 0.43, 36.81, 
2001, 3.53, 0.43, 36.83, 
2002, 3.53, 0.43, 36.84, 
2003, 3.54, 0.43, 36.86, 
2004, 3.54, 0.43, 36.87, 
2005, 3.53, 0.43, 36.89, 
2006, 3.53, 0.43, 36.90, 
2007, 3.53, 0.43, 36.92, 
2008, 3.54, 0.43, 36.94, 
2009, 3.54, 0.43, 36.95, 
2010, 3.53, 0.43, 36.97, 
2011, 3.53, 0.43, 36.98, 
2012, 3.53, 0.43, 37.00, 
2013, 3.53, 0.43, 37.01, 
2014, 3.54, 0.43, 37.03, 
2015, 3.54, 0.43, 37.04, 
2016, 3.53, 0.43, 37.06, 
2017, 3.54, 0.43, 37.07, 
2018, 3.54, 0.43, 37.09, 
2019, 3.54, 0.43, 37.10, 
2020, 3.54, 0.43, 37.12, 
2021, 3.54, 0.43, 37.13, 
2022, 3.54, 0.43, 37.15, 
2023, 3.54, 0.43, 37.16, 
2024, 3.54, 0.43, 37.18, 
2025, 3.54, 0.43, 37.19, 
2026, 3.54, 0.43, 37.21, 
2027, 3.54, 0.43, 37.22, 
2028, 3.54, 0.43, 37.24, 
2029, 3.54, 0.43, 37.25, 
2030, 3.54, 0.43, 37.27, 
2031, 3.54, 0.43, 37.28, 
2032, 3.54, 0.43, 37.30, 
2033, 3.54, 0.43, 37.31, 
2034, 3.54, 0.43, 37.33, 
2035, 3.54, 0.43, 37.34, 
2036, 3.54, 0.43, 37.36, 
2037, 3.54, 0.43, 37.37, 
2038, 3.54, 0.43, 37.39, 
2039, 3.54, 0.43, 37.40, 
2040, 3.54, 0.43, 37.42, 
2041, 3.54, 0.43, 37.43, 
2042, 3.54, 0.43, 37.45, 
2043, 3.54, 0.43, 37.46, 
2044, 3.54, 0.43, 37.48, 
2045, 3.54, 0.43, 37.49, 
2046, 3.54, 0.43, 37.51, 
2047, 3.54, 0.43, 37.52, 
2048, 3.54, 0.43, 37.54, 
2049, 3.54, 0.43, 37.55, 
2050, 3.54, 0.43, 37.57, 
2051, 3.54, 0.43, 37.58, 
2052, 3.54, 0.43, 37.60, 
2053, 3.54, 0.43, 37.61, 
2054, 3.54, 0.43, 37.62, 
2055, 3.54, 0.43, 37.64, 
2056, 3.54, 0.43, 37.65, 
2057, 3.54, 0.43, 37.67, 
2058, 3.54, 0.43, 37.68, 
2059, 3.55, 0.43, 37.70, 
2060, 3.54, 0.43, 37.71, 
2061, 3.54, 0.43, 37.73, 
2062, 3.54, 0.43, 37.74, 
2063, 3.54, 0.43, 37.76, 
2064, 3.54, 0.43, 37.77, 
2065, 3.54, 0.43, 37.79, 
2066, 3.54, 0.43, 37.80, 
2067, 3.55, 0.43, 37.82, 
2068, 3.54, 0.43, 37.83, 
2069, 3.54, 0.43, 37.85, 
2070, 3.54, 0.43, 37.86, 
2071, 3.54, 0.43, 37.88, 
2072, 3.54, 0.43, 37.89, 
2073, 3.54, 0.43, 37.91, 
2074, 3.54, 0.43, 37.92, 
2075, 3.55, 0.43, 37.94, 
2076, 3.55, 0.43, 37.95, 
2077, 3.55, 0.43, 37.97, 
2078, 3.54, 0.43, 37.98, 
2079, 3.54, 0.43, 38.00, 
2080, 3.55, 0.43, 38.01, 
2081, 3.55, 0.43, 38.03, 
2082, 3.54, 0.43, 38.04, 
2083, 3.55, 0.43, 38.06, 
2084, 3.55, 0.43, 38.07, 
2085, 3.55, 0.43, 38.09, 
2086, 3.54, 0.43, 38.10, 
2087, 3.54, 0.43, 38.12, 
2088, 3.55, 0.43, 38.13, 
2089, 3.55, 0.43, 38.15, 
2090, 3.55, 0.43, 38.16, 
2091, 3.55, 0.43, 38.18, 
2092, 3.54, 0.43, 38.19, 
2093, 3.54, 0.43, 38.21, 
2094, 3.55, 0.43, 38.22, 
2095, 3.55, 0.43, 38.24, 
2096, 3.55, 0.43, 38.25, 
2097, 3.55, 0.43, 38.27, 
2098, 3.55, 0.43, 38.28, 
2099, 3.54, 0.43, 38.29, 
2100, 3.55, 0.43, 38.31, 
2101, 3.55, 0.43, 38.32, 
2102, 3.55, 0.43, 38.34, 
2103, 3.55, 0.43, 38.35, 
2104, 3.54, 0.43, 38.37, 
2105, 3.55, 0.43, 38.38, 
2106, 3.55, 0.43, 38.40, 
2107, 3.55, 0.43, 38.41, 
2108, 3.55, 0.43, 38.43, 
2109, 3.55, 0.43, 38.44, 
2110, 3.55, 0.43, 38.46, 
2111, 3.55, 0.43, 38.47, 
2112, 3.55, 0.43, 38.49, 
2113, 3.55, 0.43, 38.50, 
2114, 3.55, 0.43, 38.52, 
2115, 3.55, 0.43, 38.53, 
2116, 3.55, 0.43, 38.55, 
2117, 3.55, 0.42, 38.56, 
2118, 3.55, 0.42, 38.58, 
2119, 3.55, 0.43, 38.59, 
2120, 3.55, 0.43, 38.61, 
2121, 3.55, 0.43, 38.62, 
2122, 3.55, 0.42, 38.64, 
2123, 3.55, 0.43, 38.65, 
2124, 3.55, 0.42, 38.66, 
2125, 3.55, 0.42, 38.68, 
2126, 3.55, 0.43, 38.69, 
2127, 3.55, 0.43, 38.71, 
2128, 3.55, 0.42, 38.72, 
2129, 3.55, 0.42, 38.74, 
2130, 3.55, 0.42, 38.75, 
2131, 3.55, 0.42, 38.77, 
2132, 3.56, 0.42, 38.78, 
2133, 3.55, 0.42, 38.80, 
2134, 3.55, 0.42, 38.81, 
2135, 3.55, 0.42, 38.83, 
2136, 3.55, 0.42, 38.84, 
2137, 3.55, 0.42, 38.86, 
2138, 3.55, 0.42, 38.87, 
2139, 3.55, 0.42, 38.89, 
2140, 3.55, 0.42, 38.90, 
2141, 3.55, 0.42, 38.92, 
2142, 3.55, 0.42, 38.93, 
2143, 3.55, 0.42, 38.94, 
2144, 3.55, 0.42, 38.96, 
2145, 3.55, 0.42, 38.97, 
2146, 3.55, 0.42, 38.99, 
2147, 3.55, 0.42, 39.00, 
2148, 3.55, 0.42, 39.02, 
2149, 3.55, 0.42, 39.03, 
2150, 3.55, 0.42, 39.05, 
2151, 3.55, 0.42, 39.06, 
2152, 3.55, 0.42, 39.08, 
2153, 3.55, 0.42, 39.09, 
2154, 3.55, 0.42, 39.11, 
2155, 3.55, 0.42, 39.12, 
2156, 3.55, 0.42, 39.14, 
2157, 3.55, 0.42, 39.15, 
2158, 3.55, 0.42, 39.16, 
2159, 3.55, 0.42, 39.18, 
2160, 3.55, 0.42, 39.19, 
2161, 3.55, 0.42, 39.21, 
2162, 3.55, 0.42, 39.22, 
2163, 3.55, 0.42, 39.24, 
2164, 3.55, 0.42, 39.25, 
2165, 3.55, 0.42, 39.27, 
2166, 3.55, 0.42, 39.28, 
2167, 3.55, 0.42, 39.30, 
2168, 3.56, 0.42, 39.31, 
2169, 3.55, 0.42, 39.33, 
2170, 3.56, 0.42, 39.34, 
2171, 3.56, 0.42, 39.36, 
2172, 3.56, 0.42, 39.37, 
2173, 3.55, 0.42, 39.38, 
2174, 3.56, 0.42, 39.40, 
2175, 3.56, 0.42, 39.41, 
2176, 3.56, 0.42, 39.43, 
2177, 3.55, 0.42, 39.44, 
2178, 3.56, 0.42, 39.46, 
2179, 3.56, 0.42, 39.47, 
2180, 3.56, 0.42, 39.49, 
2181, 3.56, 0.42, 39.50, 
2182, 3.56, 0.42, 39.52, 
2183, 3.56, 0.42, 39.53, 
2184, 3.56, 0.42, 39.55, 
2185, 3.56, 0.42, 39.56, 
2186, 3.56, 0.42, 39.57, 
2187, 3.56, 0.42, 39.59, 
2188, 3.56, 0.42, 39.60, 
2189, 3.56, 0.42, 39.62, 
2190, 3.56, 0.42, 39.63, 
2191, 3.56, 0.42, 39.65, 
2192, 3.56, 0.42, 39.66, 
2193, 3.55, 0.42, 39.68, 
2194, 3.56, 0.42, 39.69, 
2195, 3.56, 0.42, 39.71, 
2196, 3.56, 0.42, 39.72, 
2197, 3.56, 0.42, 39.73, 
2198, 3.56, 0.42, 39.75, 
2199, 3.56, 0.42, 39.76, 
2200, 3.56, 0.42, 39.78, 
2201, 3.56, 0.42, 39.79, 
2202, 3.56, 0.42, 39.81, 
2203, 3.56, 0.42, 39.82, 
2204, 3.56, 0.42, 39.84, 
2205, 3.56, 0.42, 39.85, 
2206, 3.56, 0.42, 39.87, 
2207, 3.56, 0.42, 39.88, 
2208, 3.56, 0.42, 39.89, 
2209, 3.56, 0.42, 39.91, 
2210, 3.56, 0.42, 39.92, 
2211, 3.56, 0.42, 39.94, 
2212, 3.56, 0.42, 39.95, 
2213, 3.56, 0.42, 39.97, 
2214, 3.56, 0.42, 39.98, 
2215, 3.56, 0.42, 40.00, 
2216, 3.56, 0.42, 40.01, 
2217, 3.55, 0.42, 40.02, 
2218, 3.56, 0.42, 40.04, 
2219, 3.56, 0.42, 40.05, 
2220, 3.56, 0.42, 40.07, 
2221, 3.56, 0.42, 40.08, 
2222, 3.56, 0.42, 40.10, 
2223, 3.56, 0.42, 40.11, 
2224, 3.56, 0.42, 40.13, 
2225, 3.57, 0.42, 40.14, 
2226, 3.56, 0.42, 40.16, 
2227, 3.56, 0.42, 40.17, 
2228, 3.56, 0.42, 40.18, 
2229, 3.56, 0.42, 40.20, 
2230, 3.56, 0.42, 40.21, 
2231, 3.56, 0.42, 40.23, 
2232, 3.56, 0.42, 40.24, 
2233, 3.56, 0.42, 40.26, 
2234, 3.56, 0.42, 40.27, 
2235, 3.56, 0.42, 40.29, 
2236, 3.56, 0.42, 40.30, 
2237, 3.56, 0.42, 40.31, 
2238, 3.56, 0.42, 40.33, 
2239, 3.56, 0.41, 40.34, 
2240, 3.56, 0.42, 40.36, 
2241, 3.56, 0.42, 40.37, 
2242, 3.57, 0.41, 40.39, 
2243, 3.57, 0.41, 40.40, 
2244, 3.56, 0.41, 40.42, 
2245, 3.56, 0.42, 40.43, 
2246, 3.56, 0.41, 40.44, 
2247, 3.57, 0.41, 40.46, 
2248, 3.57, 0.42, 40.47, 
2249, 3.57, 0.41, 40.49, 
2250, 3.57, 0.41, 40.50, 
2251, 3.57, 0.41, 40.52, 
2252, 3.57, 0.41, 40.53, 
2253, 3.56, 0.41, 40.54, 
2254, 3.56, 0.41, 40.56, 
2255, 3.57, 0.41, 40.57, 
2256, 3.57, 0.41, 40.59, 
2257, 3.56, 0.41, 40.60, 
2258, 3.57, 0.41, 40.62, 
2259, 3.57, 0.41, 40.63, 
2260, 3.57, 0.41, 40.65, 
2261, 3.57, 0.41, 40.66, 
2262, 3.57, 0.41, 40.67, 
2263, 3.57, 0.41, 40.69, 
2264, 3.56, 0.41, 40.70, 
2265, 3.57, 0.41, 40.72, 
2266, 3.56, 0.41, 40.73, 
2267, 3.57, 0.41, 40.75, 
2268, 3.57, 0.41, 40.76, 
2269, 3.57, 0.41, 40.77, 
2270, 3.57, 0.41, 40.79, 
2271, 3.57, 0.41, 40.80, 
2272, 3.57, 0.41, 40.82, 
2273, 3.57, 0.41, 40.83, 
2274, 3.57, 0.41, 40.85, 
2275, 3.57, 0.41, 40.86, 
2276, 3.57, 0.41, 40.88, 
2277, 3.57, 0.41, 40.89, 
2278, 3.57, 0.41, 40.90, 
2279, 3.56, 0.41, 40.92, 
2280, 3.57, 0.41, 40.93, 
2281, 3.57, 0.41, 40.95, 
2282, 3.57, 0.41, 40.96, 
2283, 3.57, 0.41, 40.98, 
2284, 3.57, 0.41, 40.99, 
2285, 3.57, 0.41, 41.00, 
2286, 3.57, 0.41, 41.02, 
2287, 3.57, 0.41, 41.03, 
2288, 3.57, 0.41, 41.05, 
2289, 3.57, 0.41, 41.06, 
2290, 3.57, 0.41, 41.08, 
2291, 3.57, 0.41, 41.09, 
2292, 3.57, 0.41, 41.10, 
2293, 3.57, 0.41, 41.12, 
2294, 3.57, 0.41, 41.13, 
2295, 3.57, 0.41, 41.15, 
2296, 3.57, 0.41, 41.16, 
2297, 3.57, 0.41, 41.18, 
2298, 3.57, 0.41, 41.19, 
2299, 3.57, 0.41, 41.20, 
2300, 3.57, 0.41, 41.22, 
2301, 3.57, 0.41, 41.23, 
2302, 3.57, 0.41, 41.25, 
2303, 3.57, 0.41, 41.26, 
2304, 3.57, 0.41, 41.28, 
2305, 3.57, 0.41, 41.29, 
2306, 3.57, 0.41, 41.30, 
2307, 3.57, 0.41, 41.32, 
2308, 3.57, 0.41, 41.33, 
2309, 3.57, 0.41, 41.35, 
2310, 3.57, 0.41, 41.36, 
2311, 3.57, 0.41, 41.38, 
2312, 3.57, 0.41, 41.39, 
2313, 3.57, 0.41, 41.40, 
2314, 3.57, 0.41, 41.42, 
2315, 3.57, 0.41, 41.43, 
2316, 3.58, 0.41, 41.45, 
2317, 3.57, 0.41, 41.46, 
2318, 3.57, 0.41, 41.47, 
2319, 3.57, 0.41, 41.49, 
2320, 3.58, 0.41, 41.50, 
2321, 3.58, 0.41, 41.52, 
2322, 3.58, 0.41, 41.53, 
2323, 3.58, 0.41, 41.55, 
2324, 3.57, 0.41, 41.56, 
2325, 3.57, 0.41, 41.57, 
2326, 3.58, 0.41, 41.59, 
2327, 3.58, 0.41, 41.60, 
2328, 3.58, 0.41, 41.62, 
2329, 3.57, 0.41, 41.63, 
2330, 3.58, 0.41, 41.64, 
2331, 3.57, 0.41, 41.66, 
2332, 3.57, 0.41, 41.67, 
2333, 3.57, 0.41, 41.69, 
2334, 3.58, 0.41, 41.70, 
2335, 3.58, 0.41, 41.72, 
2336, 3.58, 0.41, 41.73, 
2337, 3.58, 0.41, 41.74, 
2338, 3.57, 0.41, 41.76, 
2339, 3.57, 0.41, 41.77, 
2340, 3.58, 0.41, 41.79, 
2341, 3.58, 0.41, 41.80, 
2342, 3.58, 0.41, 41.81, 
2343, 3.58, 0.41, 41.83, 
2344, 3.57, 0.41, 41.84, 
2345, 3.58, 0.41, 41.86, 
2346, 3.58, 0.41, 41.87, 
2347, 3.58, 0.41, 41.89, 
2348, 3.58, 0.41, 41.90, 
2349, 3.57, 0.41, 41.91, 
2350, 3.58, 0.40, 41.93, 
2351, 3.57, 0.41, 41.94, 
2352, 3.57, 0.41, 41.96, 
2353, 3.58, 0.40, 41.97, 
2354, 3.58, 0.40, 41.98, 
2355, 3.58, 0.41, 42.00, 
2356, 3.58, 0.41, 42.01, 
2357, 3.58, 0.40, 42.03, 
2358, 3.58, 0.40, 42.04, 
2359, 3.58, 0.41, 42.05, 
2360, 3.58, 0.41, 42.07, 
2361, 3.58, 0.41, 42.08, 
2362, 3.58, 0.40, 42.10, 
2363, 3.58, 0.41, 42.11, 
2364, 3.58, 0.40, 42.12, 
2365, 3.58, 0.41, 42.14, 
2366, 3.58, 0.40, 42.15, 
2367, 3.58, 0.40, 42.17, 
2368, 3.58, 0.40, 42.18, 
2369, 3.58, 0.40, 42.19, 
2370, 3.57, 0.40, 42.21, 
2371, 3.58, 0.40, 42.22, 
2372, 3.58, 0.40, 42.24, 
2373, 3.58, 0.40, 42.25, 
2374, 3.58, 0.40, 42.27, 
2375, 3.58, 0.40, 42.28, 
2376, 3.58, 0.40, 42.29, 
2377, 3.58, 0.40, 42.31, 
2378, 3.58, 0.40, 42.32, 
2379, 3.58, 0.40, 42.34, 
2380, 3.58, 0.40, 42.35, 
2381, 3.58, 0.40, 42.36, 
2382, 3.58, 0.40, 42.38, 
2383, 3.58, 0.40, 42.39, 
2384, 3.59, 0.40, 42.40, 
2385, 3.58, 0.40, 42.42, 
2386, 3.58, 0.40, 42.43, 
2387, 3.59, 0.40, 42.45, 
2388, 3.58, 0.40, 42.46, 
2389, 3.58, 0.40, 42.47, 
2390, 3.58, 0.40, 42.49, 
2391, 3.58, 0.40, 42.50, 
2392, 3.59, 0.40, 42.52, 
2393, 3.59, 0.40, 42.53, 
2394, 3.59, 0.40, 42.54, 
2395, 3.59, 0.40, 42.56, 
2396, 3.58, 0.40, 42.57, 
2397, 3.59, 0.40, 42.59, 
2398, 3.58, 0.40, 42.60, 
2399, 3.58, 0.40, 42.61, 
2400, 3.58, 0.40, 42.63, 
2401, 3.58, 0.40, 42.64, 
2402, 3.58, 0.40, 42.66, 
2403, 3.58, 0.40, 42.67, 
2404, 3.59, 0.40, 42.68, 
2405, 3.58, 0.40, 42.70, 
2406, 3.58, 0.40, 42.71, 
2407, 3.58, 0.40, 42.73, 
2408, 3.58, 0.40, 42.74, 
2409, 3.59, 0.40, 42.75, 
2410, 3.59, 0.40, 42.77, 
2411, 3.58, 0.40, 42.78, 
2412, 3.59, 0.40, 42.80, 
2413, 3.58, 0.40, 42.81, 
2414, 3.59, 0.40, 42.82, 
2415, 3.59, 0.40, 42.84, 
2416, 3.59, 0.40, 42.85, 
2417, 3.58, 0.40, 42.87, 
2418, 3.58, 0.40, 42.88, 
2419, 3.59, 0.40, 42.89, 
2420, 3.58, 0.40, 42.91, 
2421, 3.59, 0.40, 42.92, 
2422, 3.59, 0.40, 42.94, 
2423, 3.59, 0.40, 42.95, 
2424, 3.59, 0.40, 42.96, 
2425, 3.59, 0.40, 42.98, 
2426, 3.58, 0.40, 42.99, 
2427, 3.59, 0.40, 43.00, 
2428, 3.59, 0.40, 43.02, 
2429, 3.58, 0.40, 43.03, 
2430, 3.59, 0.40, 43.05, 
2431, 3.59, 0.40, 43.06, 
2432, 3.59, 0.40, 43.07, 
2433, 3.59, 0.40, 43.09, 
2434, 3.59, 0.40, 43.10, 
2435, 3.59, 0.40, 43.12, 
2436, 3.59, 0.40, 43.13, 
2437, 3.59, 0.40, 43.14, 
2438, 3.59, 0.40, 43.16, 
2439, 3.58, 0.40, 43.17, 
2440, 3.59, 0.40, 43.19, 
2441, 3.59, 0.40, 43.20, 
2442, 3.59, 0.40, 43.21, 
2443, 3.59, 0.40, 43.23, 
2444, 3.59, 0.40, 43.24, 
2445, 3.59, 0.40, 43.25, 
2446, 3.59, 0.40, 43.27, 
2447, 3.59, 0.40, 43.28, 
2448, 3.59, 0.40, 43.30, 
2449, 3.59, 0.40, 43.31, 
2450, 3.59, 0.40, 43.32, 
2451, 3.59, 0.40, 43.34, 
2452, 3.59, 0.40, 43.35, 
2453, 3.59, 0.40, 43.37, 
2454, 3.59, 0.40, 43.38, 
2455, 3.59, 0.40, 43.39, 
2456, 3.59, 0.40, 43.41, 
2457, 3.59, 0.40, 43.42, 
2458, 3.59, 0.40, 43.43, 
2459, 3.59, 0.40, 43.45, 
2460, 3.59, 0.40, 43.46, 
2461, 3.59, 0.40, 43.48, 
2462, 3.59, 0.40, 43.49, 
2463, 3.59, 0.40, 43.50, 
2464, 3.59, 0.40, 43.52, 
2465, 3.59, 0.40, 43.53, 
2466, 3.59, 0.40, 43.55, 
2467, 3.60, 0.40, 43.56, 
2468, 3.59, 0.40, 43.57, 
2469, 3.59, 0.40, 43.59, 
2470, 3.60, 0.40, 43.60, 
2471, 3.60, 0.40, 43.61, 
2472, 3.59, 0.40, 43.63, 
2473, 3.60, 0.40, 43.64, 
2474, 3.59, 0.40, 43.66, 
2475, 3.60, 0.40, 43.67, 
2476, 3.59, 0.40, 43.68, 
2477, 3.60, 0.40, 43.70, 
2478, 3.59, 0.40, 43.71, 
2479, 3.60, 0.40, 43.72, 
2480, 3.60, 0.40, 43.74, 
2481, 3.59, 0.40, 43.75, 
2482, 3.60, 0.40, 43.77, 
2483, 3.60, 0.39, 43.78, 
2484, 3.60, 0.40, 43.79, 
2485, 3.60, 0.40, 43.81, 
2486, 3.60, 0.40, 43.82, 
2487, 3.60, 0.40, 43.83, 
2488, 3.60, 0.40, 43.85, 
2489, 3.60, 0.40, 43.86, 
2490, 3.60, 0.40, 43.88, 
2491, 3.60, 0.39, 43.89, 
2492, 3.60, 0.39, 43.90, 
2493, 3.59, 0.39, 43.92, 
2494, 3.59, 0.39, 43.93, 
2495, 3.59, 0.39, 43.94, 
2496, 3.60, 0.39, 43.96, 
2497, 3.60, 0.39, 43.97, 
2498, 3.60, 0.39, 43.98, 
2499, 3.60, 0.39, 44.00, 
2500, 3.59, 0.39, 44.01, 
2501, 3.60, 0.39, 44.03, 
2502, 3.59, 0.39, 44.04, 
2503, 3.60, 0.39, 44.05, 
2504, 3.60, 0.39, 44.07, 
2505, 3.60, 0.39, 44.08, 
2506, 3.60, 0.39, 44.09, 
2507, 3.60, 0.39, 44.11, 
2508, 3.60, 0.39, 44.12, 
2509, 3.60, 0.39, 44.14, 
2510, 3.60, 0.39, 44.15, 
2511, 3.60, 0.39, 44.16, 
2512, 3.60, 0.39, 44.18, 
2513, 3.59, 0.39, 44.19, 
2514, 3.60, 0.39, 44.20, 
2515, 3.60, 0.39, 44.22, 
2516, 3.60, 0.39, 44.23, 
2517, 3.60, 0.39, 44.24, 
2518, 3.60, 0.39, 44.26, 
2519, 3.60, 0.39, 44.27, 
2520, 3.60, 0.39, 44.29, 
2521, 3.60, 0.39, 44.30, 
2522, 3.60, 0.39, 44.31, 
2523, 3.60, 0.39, 44.33, 
2524, 3.60, 0.39, 44.34, 
2525, 3.60, 0.39, 44.35, 
2526, 3.60, 0.39, 44.37, 
2527, 3.60, 0.39, 44.38, 
2528, 3.60, 0.39, 44.39, 
2529, 3.60, 0.39, 44.41, 
2530, 3.60, 0.39, 44.42, 
2531, 3.60, 0.39, 44.43, 
2532, 3.60, 0.39, 44.45, 
2533, 3.60, 0.39, 44.46, 
2534, 3.60, 0.39, 44.48, 
2535, 3.60, 0.39, 44.49, 
2536, 3.61, 0.39, 44.50, 
2537, 3.60, 0.39, 44.52, 
2538, 3.60, 0.39, 44.53, 
2539, 3.60, 0.39, 44.54, 
2540, 3.60, 0.39, 44.56, 
2541, 3.60, 0.39, 44.57, 
2542, 3.60, 0.39, 44.58, 
2543, 3.60, 0.39, 44.60, 
2544, 3.60, 0.39, 44.61, 
2545, 3.60, 0.39, 44.62, 
2546, 3.60, 0.39, 44.64, 
2547, 3.60, 0.39, 44.65, 
2548, 3.61, 0.39, 44.67, 
2549, 3.60, 0.39, 44.68, 
2550, 3.60, 0.39, 44.69, 
2551, 3.61, 0.39, 44.71, 
2552, 3.61, 0.39, 44.72, 
2553, 3.60, 0.39, 44.73, 
2554, 3.61, 0.39, 44.75, 
2555, 3.60, 0.39, 44.76, 
2556, 3.61, 0.39, 44.77, 
2557, 3.60, 0.39, 44.79, 
2558, 3.61, 0.39, 44.80, 
2559, 3.60, 0.39, 44.81, 
2560, 3.60, 0.39, 44.83, 
2561, 3.60, 0.39, 44.84, 
2562, 3.60, 0.39, 44.85, 
2563, 3.60, 0.39, 44.87, 
2564, 3.60, 0.39, 44.88, 
2565, 3.61, 0.39, 44.90, 
2566, 3.61, 0.39, 44.91, 
2567, 3.60, 0.39, 44.92, 
2568, 3.61, 0.39, 44.94, 
2569, 3.60, 0.39, 44.95, 
2570, 3.60, 0.39, 44.96, 
2571, 3.61, 0.39, 44.98, 
2572, 3.60, 0.39, 44.99, 
2573, 3.60, 0.39, 45.00, 
2574, 3.60, 0.39, 45.02, 
2575, 3.61, 0.39, 45.03, 
2576, 3.60, 0.39, 45.04, 
2577, 3.61, 0.39, 45.06, 
2578, 3.61, 0.39, 45.07, 
2579, 3.61, 0.39, 45.08, 
2580, 3.61, 0.39, 45.10, 
2581, 3.61, 0.39, 45.11, 
2582, 3.61, 0.39, 45.12, 
2583, 3.61, 0.39, 45.14, 
2584, 3.61, 0.39, 45.15, 
2585, 3.61, 0.39, 45.16, 
2586, 3.61, 0.39, 45.18, 
2587, 3.61, 0.39, 45.19, 
2588, 3.61, 0.38, 45.20, 
2589, 3.61, 0.39, 45.22, 
2590, 3.61, 0.39, 45.23, 
2591, 3.61, 0.39, 45.24, 
2592, 3.61, 0.39, 45.26, 
2593, 3.61, 0.39, 45.27, 
2594, 3.61, 0.39, 45.29, 
2595, 3.61, 0.39, 45.30, 
2596, 3.61, 0.38, 45.31, 
2597, 3.61, 0.39, 45.33, 
2598, 3.61, 0.38, 45.34, 
2599, 3.61, 0.39, 45.35, 
2600, 3.61, 0.39, 45.37, 
2601, 3.61, 0.38, 45.38, 
2602, 3.61, 0.38, 45.39, 
2603, 3.61, 0.38, 45.41, 
2604, 3.61, 0.38, 45.42, 
2605, 3.61, 0.38, 45.43, 
2606, 3.61, 0.38, 45.45, 
2607, 3.61, 0.38, 45.46, 
2608, 3.61, 0.38, 45.47, 
2609, 3.61, 0.38, 45.49, 
2610, 3.61, 0.38, 45.50, 
2611, 3.61, 0.38, 45.51, 
2612, 3.61, 0.38, 45.53, 
2613, 3.61, 0.38, 45.54, 
2614, 3.61, 0.38, 45.55, 
2615, 3.62, 0.38, 45.57, 
2616, 3.61, 0.38, 45.58, 
2617, 3.61, 0.38, 45.59, 
2618, 3.61, 0.38, 45.61, 
2619, 3.62, 0.38, 45.62, 
2620, 3.62, 0.38, 45.63, 
2621, 3.61, 0.38, 45.65, 
2622, 3.61, 0.38, 45.66, 
2623, 3.61, 0.38, 45.67, 
2624, 3.61, 0.38, 45.69, 
2625, 3.61, 0.38, 45.70, 
2626, 3.61, 0.38, 45.71, 
2627, 3.62, 0.38, 45.73, 
2628, 3.62, 0.38, 45.74, 
2629, 3.61, 0.38, 45.75, 
2630, 3.61, 0.38, 45.76, 
2631, 3.61, 0.38, 45.78, 
2632, 3.61, 0.38, 45.79, 
2633, 3.61, 0.38, 45.80, 
2634, 3.61, 0.38, 45.82, 
2635, 3.61, 0.38, 45.83, 
2636, 3.61, 0.38, 45.84, 
2637, 3.61, 0.38, 45.86, 
2638, 3.62, 0.38, 45.87, 
2639, 3.62, 0.38, 45.88, 
2640, 3.61, 0.38, 45.90, 
2641, 3.61, 0.38, 45.91, 
2642, 3.62, 0.38, 45.92, 
2643, 3.61, 0.38, 45.94, 
2644, 3.62, 0.38, 45.95, 
2645, 3.62, 0.38, 45.96, 
2646, 3.62, 0.38, 45.98, 
2647, 3.62, 0.38, 45.99, 
2648, 3.62, 0.38, 46.00, 
2649, 3.62, 0.38, 46.02, 
2650, 3.62, 0.38, 46.03, 
2651, 3.62, 0.38, 46.04, 
2652, 3.62, 0.38, 46.06, 
2653, 3.62, 0.38, 46.07, 
2654, 3.62, 0.38, 46.08, 
2655, 3.62, 0.38, 46.10, 
2656, 3.62, 0.38, 46.11, 
2657, 3.62, 0.38, 46.12, 
2658, 3.62, 0.38, 46.14, 
2659, 3.62, 0.38, 46.15, 
2660, 3.62, 0.38, 46.16, 
2661, 3.62, 0.38, 46.18, 
2662, 3.62, 0.38, 46.19, 
2663, 3.62, 0.38, 46.20, 
2664, 3.62, 0.38, 46.21, 
2665, 3.62, 0.38, 46.23, 
2666, 3.62, 0.38, 46.24, 
2667, 3.62, 0.38, 46.25, 
2668, 3.62, 0.38, 46.27, 
2669, 3.62, 0.38, 46.28, 
2670, 3.62, 0.38, 46.29, 
2671, 3.62, 0.38, 46.31, 
2672, 3.62, 0.38, 46.32, 
2673, 3.61, 0.38, 46.33, 
2674, 3.62, 0.38, 46.35, 
2675, 3.62, 0.38, 46.36, 
2676, 3.62, 0.38, 46.37, 
2677, 3.62, 0.38, 46.39, 
2678, 3.62, 0.38, 46.40, 
2679, 3.62, 0.38, 46.41, 
2680, 3.62, 0.38, 46.43, 
2681, 3.62, 0.38, 46.44, 
2682, 3.62, 0.38, 46.45, 
2683, 3.63, 0.38, 46.46, 
2684, 3.62, 0.38, 46.48, 
2685, 3.62, 0.38, 46.49, 
2686, 3.62, 0.38, 46.50, 
2687, 3.62, 0.38, 46.52, 
2688, 3.62, 0.38, 46.53, 
2689, 3.62, 0.38, 46.54, 
2690, 3.62, 0.38, 46.56, 
2691, 3.62, 0.38, 46.57, 
2692, 3.62, 0.38, 46.58, 
2693, 3.63, 0.38, 46.60, 
2694, 3.62, 0.38, 46.61, 
2695, 3.62, 0.38, 46.62, 
2696, 3.62, 0.38, 46.63, 
2697, 3.63, 0.38, 46.65, 
2698, 3.62, 0.38, 46.66, 
2699, 3.62, 0.38, 46.67, 
2700, 3.62, 0.38, 46.69, 
2701, 3.62, 0.38, 46.70, 
2702, 3.62, 0.38, 46.71, 
2703, 3.62, 0.38, 46.73, 
2704, 3.62, 0.38, 46.74, 
2705, 3.62, 0.38, 46.75, 
2706, 3.62, 0.38, 46.77, 
2707, 3.62, 0.37, 46.78, 
2708, 3.62, 0.37, 46.79, 
2709, 3.63, 0.37, 46.80, 
2710, 3.63, 0.37, 46.82, 
2711, 3.63, 0.37, 46.83, 
2712, 3.63, 0.37, 46.84, 
2713, 3.63, 0.37, 46.86, 
2714, 3.62, 0.38, 46.87, 
2715, 3.63, 0.38, 46.88, 
2716, 3.63, 0.37, 46.90, 
2717, 3.63, 0.38, 46.91, 
2718, 3.63, 0.37, 46.92, 
2719, 3.63, 0.37, 46.93, 
2720, 3.63, 0.37, 46.95, 
2721, 3.63, 0.37, 46.96, 
2722, 3.63, 0.37, 46.97, 
2723, 3.63, 0.37, 46.99, 
2724, 3.62, 0.37, 47.00, 
2725, 3.63, 0.37, 47.01, 
2726, 3.63, 0.37, 47.03, 
2727, 3.63, 0.37, 47.04, 
2728, 3.63, 0.37, 47.05, 
2729, 3.63, 0.37, 47.06, 
2730, 3.63, 0.37, 47.08, 
2731, 3.63, 0.37, 47.09, 
2732, 3.63, 0.37, 47.10, 
2733, 3.63, 0.37, 47.12, 
2734, 3.63, 0.37, 47.13, 
2735, 3.63, 0.37, 47.14, 
2736, 3.62, 0.37, 47.16, 
2737, 3.63, 0.37, 47.17, 
2738, 3.63, 0.37, 47.18, 
2739, 3.63, 0.37, 47.19, 
2740, 3.63, 0.37, 47.21, 
2741, 3.63, 0.37, 47.22, 
2742, 3.63, 0.37, 47.23, 
2743, 3.63, 0.37, 47.25, 
2744, 3.63, 0.37, 47.26, 
2745, 3.63, 0.37, 47.27, 
2746, 3.63, 0.37, 47.28, 
2747, 3.63, 0.37, 47.30, 
2748, 3.63, 0.37, 47.31, 
2749, 3.63, 0.37, 47.32, 
2750, 3.63, 0.37, 47.34, 
2751, 3.63, 0.37, 47.35, 
2752, 3.63, 0.37, 47.36, 
2753, 3.63, 0.37, 47.38, 
2754, 3.63, 0.37, 47.39, 
2755, 3.63, 0.37, 47.40, 
2756, 3.63, 0.37, 47.41, 
2757, 3.63, 0.37, 47.43, 
2758, 3.63, 0.37, 47.44, 
2759, 3.63, 0.37, 47.45, 
2760, 3.63, 0.37, 47.47, 
2761, 3.63, 0.37, 47.48, 
2762, 3.63, 0.37, 47.49, 
2763, 3.64, 0.37, 47.50, 
2764, 3.63, 0.37, 47.52, 
2765, 3.63, 0.37, 47.53, 
2766, 3.63, 0.37, 47.54, 
2767, 3.63, 0.37, 47.56, 
2768, 3.64, 0.37, 47.57, 
2769, 3.63, 0.37, 47.58, 
2770, 3.63, 0.37, 47.59, 
2771, 3.63, 0.37, 47.61, 
2772, 3.63, 0.37, 47.62, 
2773, 3.64, 0.37, 47.63, 
2774, 3.63, 0.37, 47.65, 
2775, 3.64, 0.37, 47.66, 
2776, 3.64, 0.37, 47.67, 
2777, 3.63, 0.37, 47.68, 
2778, 3.63, 0.37, 47.70, 
2779, 3.64, 0.37, 47.71, 
2780, 3.64, 0.37, 47.72, 
2781, 3.63, 0.37, 47.73, 
2782, 3.64, 0.37, 47.75, 
2783, 3.64, 0.37, 47.76, 
2784, 3.64, 0.37, 47.77, 
2785, 3.64, 0.37, 47.79, 
2786, 3.64, 0.37, 47.80, 
2787, 3.64, 0.37, 47.81, 
2788, 3.64, 0.37, 47.82, 
2789, 3.64, 0.37, 47.84, 
2790, 3.64, 0.37, 47.85, 
2791, 3.64, 0.37, 47.86, 
2792, 3.64, 0.37, 47.88, 
2793, 3.63, 0.37, 47.89, 
2794, 3.64, 0.37, 47.90, 
2795, 3.63, 0.37, 47.91, 
2796, 3.64, 0.37, 47.93, 
2797, 3.63, 0.37, 47.94, 
2798, 3.64, 0.37, 47.95, 
2799, 3.64, 0.37, 47.96, 
2800, 3.64, 0.37, 47.98, 
2801, 3.64, 0.37, 47.99, 
2802, 3.64, 0.37, 48.00, 
2803, 3.64, 0.37, 48.02, 
2804, 3.64, 0.37, 48.03, 
2805, 3.64, 0.37, 48.04, 
2806, 3.64, 0.37, 48.05, 
2807, 3.64, 0.37, 48.07, 
2808, 3.64, 0.37, 48.08, 
2809, 3.64, 0.37, 48.09, 
2810, 3.64, 0.37, 48.11, 
2811, 3.64, 0.37, 48.12, 
2812, 3.64, 0.37, 48.13, 
2813, 3.64, 0.37, 48.14, 
2814, 3.64, 0.37, 48.16, 
2815, 3.64, 0.37, 48.17, 
2816, 3.64, 0.36, 48.18, 
2817, 3.64, 0.36, 48.19, 
2818, 3.64, 0.37, 48.21, 
2819, 3.64, 0.36, 48.22, 
2820, 3.64, 0.36, 48.23, 
2821, 3.64, 0.36, 48.24, 
2822, 3.64, 0.36, 48.26, 
2823, 3.64, 0.36, 48.27, 
2824, 3.64, 0.36, 48.28, 
2825, 3.64, 0.36, 48.30, 
2826, 3.64, 0.36, 48.31, 
2827, 3.64, 0.36, 48.32, 
2828, 3.64, 0.36, 48.33, 
2829, 3.64, 0.36, 48.35, 
2830, 3.64, 0.36, 48.36, 
2831, 3.64, 0.36, 48.37, 
2832, 3.64, 0.36, 48.38, 
2833, 3.64, 0.36, 48.40, 
2834, 3.64, 0.36, 48.41, 
2835, 3.64, 0.36, 48.42, 
2836, 3.64, 0.36, 48.43, 
2837, 3.65, 0.36, 48.45, 
2838, 3.65, 0.36, 48.46, 
2839, 3.64, 0.36, 48.47, 
2840, 3.64, 0.36, 48.48, 
2841, 3.64, 0.36, 48.50, 
2842, 3.64, 0.36, 48.51, 
2843, 3.65, 0.36, 48.52, 
2844, 3.65, 0.36, 48.54, 
2845, 3.64, 0.36, 48.55, 
2846, 3.64, 0.36, 48.56, 
2847, 3.65, 0.36, 48.57, 
2848, 3.65, 0.36, 48.59, 
2849, 3.65, 0.36, 48.60, 
2850, 3.65, 0.36, 48.61, 
2851, 3.65, 0.36, 48.62, 
2852, 3.65, 0.36, 48.64, 
2853, 3.65, 0.36, 48.65, 
2854, 3.65, 0.36, 48.66, 
2855, 3.65, 0.36, 48.67, 
2856, 3.65, 0.36, 48.69, 
2857, 3.65, 0.36, 48.70, 
2858, 3.65, 0.36, 48.71, 
2859, 3.65, 0.36, 48.72, 
2860, 3.65, 0.36, 48.74, 
2861, 3.65, 0.36, 48.75, 
2862, 3.65, 0.36, 48.76, 
2863, 3.65, 0.36, 48.77, 
2864, 3.65, 0.36, 48.79, 
2865, 3.64, 0.36, 48.80, 
2866, 3.65, 0.36, 48.81, 
2867, 3.64, 0.36, 48.82, 
2868, 3.65, 0.36, 48.84, 
2869, 3.65, 0.36, 48.85, 
2870, 3.65, 0.36, 48.86, 
2871, 3.65, 0.36, 48.87, 
2872, 3.65, 0.36, 48.89, 
2873, 3.65, 0.36, 48.90, 
2874, 3.65, 0.36, 48.91, 
2875, 3.65, 0.36, 48.92, 
2876, 3.65, 0.36, 48.94, 
2877, 3.65, 0.36, 48.95, 
2878, 3.65, 0.36, 48.96, 
2879, 3.65, 0.36, 48.97, 
2880, 3.65, 0.36, 48.99, 
2881, 3.65, 0.36, 49.00, 
2882, 3.65, 0.36, 49.01, 
2883, 3.65, 0.36, 49.02, 
2884, 3.65, 0.36, 49.04, 
2885, 3.65, 0.36, 49.05, 
2886, 3.65, 0.36, 49.06, 
2887, 3.65, 0.36, 49.07, 
2888, 3.65, 0.36, 49.09, 
2889, 3.65, 0.36, 49.10, 
2890, 3.65, 0.36, 49.11, 
2891, 3.65, 0.36, 49.12, 
2892, 3.65, 0.36, 49.14, 
2893, 3.65, 0.36, 49.15, 
2894, 3.65, 0.36, 49.16, 
2895, 3.65, 0.36, 49.17, 
2896, 3.65, 0.36, 49.19, 
2897, 3.65, 0.36, 49.20, 
2898, 3.65, 0.36, 49.21, 
2899, 3.65, 0.36, 49.22, 
2900, 3.65, 0.36, 49.24, 
2901, 3.65, 0.36, 49.25, 
2902, 3.65, 0.36, 49.26, 
2903, 3.65, 0.36, 49.27, 
2904, 3.65, 0.36, 49.29, 
2905, 3.65, 0.36, 49.30, 
2906, 3.65, 0.36, 49.31, 
2907, 3.66, 0.36, 49.32, 
2908, 3.65, 0.36, 49.33, 
2909, 3.66, 0.36, 49.35, 
2910, 3.66, 0.36, 49.36, 
2911, 3.65, 0.36, 49.37, 
2912, 3.66, 0.36, 49.38, 
2913, 3.66, 0.36, 49.40, 
2914, 3.66, 0.36, 49.41, 
2915, 3.66, 0.36, 49.42, 
2916, 3.65, 0.36, 49.43, 
2917, 3.66, 0.36, 49.45, 
2918, 3.65, 0.36, 49.46, 
2919, 3.66, 0.36, 49.47, 
2920, 3.66, 0.36, 49.48, 
2921, 3.66, 0.36, 49.50, 
2922, 3.66, 0.35, 49.51, 
2923, 3.66, 0.35, 49.52, 
2924, 3.65, 0.36, 49.53, 
2925, 3.66, 0.36, 49.55, 
2926, 3.66, 0.35, 49.56, 
2927, 3.65, 0.35, 49.57, 
2928, 3.66, 0.35, 49.58, 
2929, 3.66, 0.36, 49.59, 
2930, 3.66, 0.35, 49.61, 
2931, 3.66, 0.35, 49.62, 
2932, 3.66, 0.35, 49.63, 
2933, 3.66, 0.35, 49.64, 
2934, 3.65, 0.35, 49.66, 
2935, 3.65, 0.35, 49.67, 
2936, 3.66, 0.35, 49.68, 
2937, 3.66, 0.35, 49.69, 
2938, 3.66, 0.35, 49.71, 
2939, 3.66, 0.35, 49.72, 
2940, 3.66, 0.35, 49.73, 
2941, 3.66, 0.35, 49.74, 
2942, 3.65, 0.35, 49.75, 
2943, 3.66, 0.35, 49.77, 
2944, 3.66, 0.35, 49.78, 
2945, 3.66, 0.35, 49.79, 
2946, 3.66, 0.35, 49.80, 
2947, 3.66, 0.35, 49.82, 
2948, 3.66, 0.35, 49.83, 
2949, 3.66, 0.35, 49.84, 
2950, 3.66, 0.35, 49.85, 
2951, 3.66, 0.35, 49.86, 
2952, 3.66, 0.35, 49.88, 
2953, 3.66, 0.35, 49.89, 
2954, 3.66, 0.35, 49.90, 
2955, 3.66, 0.35, 49.91, 
2956, 3.66, 0.35, 49.93, 
2957, 3.66, 0.35, 49.94, 
2958, 3.66, 0.35, 49.95, 
2959, 3.66, 0.35, 49.96, 
2960, 3.66, 0.35, 49.97, 
2961, 3.66, 0.35, 49.99, 
2962, 3.66, 0.35, 50.00, 
2963, 3.67, 0.35, 50.01, 
2964, 3.66, 0.35, 50.02, 
2965, 3.66, 0.35, 50.04, 
2966, 3.66, 0.35, 50.05, 
2967, 3.66, 0.35, 50.06, 
2968, 3.66, 0.35, 50.07, 
2969, 3.66, 0.35, 50.08, 
2970, 3.67, 0.35, 50.10, 
2971, 3.66, 0.35, 50.11, 
2972, 3.67, 0.35, 50.12, 
2973, 3.66, 0.35, 50.13, 
2974, 3.66, 0.35, 50.15, 
2975, 3.67, 0.35, 50.16, 
2976, 3.66, 0.35, 50.17, 
2977, 3.67, 0.35, 50.18, 
2978, 3.66, 0.35, 50.19, 
2979, 3.67, 0.35, 50.21, 
2980, 3.67, 0.35, 50.22, 
2981, 3.67, 0.35, 50.23, 
2982, 3.67, 0.35, 50.24, 
2983, 3.67, 0.35, 50.25, 
2984, 3.66, 0.35, 50.27, 
2985, 3.66, 0.35, 50.28, 
2986, 3.67, 0.35, 50.29, 
2987, 3.66, 0.35, 50.30, 
2988, 3.66, 0.35, 50.32, 
2989, 3.67, 0.35, 50.33, 
2990, 3.67, 0.35, 50.34, 
2991, 3.67, 0.35, 50.35, 
2992, 3.67, 0.35, 50.36, 
2993, 3.67, 0.35, 50.38, 
2994, 3.66, 0.35, 50.39, 
2995, 3.66, 0.35, 50.40, 
2996, 3.67, 0.35, 50.41, 
2997, 3.66, 0.35, 50.42, 
2998, 3.66, 0.35, 50.44, 
2999, 3.67, 0.35, 50.45, 
3000, 3.66, 0.35, 50.46, 
3001, 3.66, 0.35, 50.47, 
3002, 3.67, 0.35, 50.48, 
3003, 3.67, 0.35, 50.50, 
3004, 3.67, 0.35, 50.51, 
3005, 3.67, 0.35, 50.52, 
3006, 3.67, 0.35, 50.53, 
3007, 3.67, 0.35, 50.55, 
3008, 3.67, 0.35, 50.56, 
3009, 3.67, 0.35, 50.57, 
3010, 3.67, 0.35, 50.58, 
3011, 3.67, 0.35, 50.59, 
3012, 3.67, 0.35, 50.61, 
3013, 3.67, 0.35, 50.62, 
3014, 3.67, 0.35, 50.63, 
3015, 3.67, 0.35, 50.64, 
3016, 3.66, 0.35, 50.65, 
3017, 3.66, 0.35, 50.67, 
3018, 3.67, 0.35, 50.68, 
3019, 3.67, 0.35, 50.69, 
3020, 3.67, 0.35, 50.70, 
3021, 3.67, 0.35, 50.71, 
3022, 3.67, 0.35, 50.73, 
3023, 3.67, 0.35, 50.74, 
3024, 3.67, 0.35, 50.75, 
3025, 3.67, 0.35, 50.76, 
3026, 3.67, 0.35, 50.77, 
3027, 3.67, 0.35, 50.79, 
3028, 3.67, 0.35, 50.80, 
3029, 3.67, 0.35, 50.81, 
3030, 3.67, 0.35, 50.82, 
3031, 3.67, 0.35, 50.83, 
3032, 3.68, 0.35, 50.85, 
3033, 3.67, 0.35, 50.86, 
3034, 3.67, 0.34, 50.87, 
3035, 3.67, 0.34, 50.88, 
3036, 3.67, 0.34, 50.89, 
3037, 3.67, 0.35, 50.91, 
3038, 3.67, 0.34, 50.92, 
3039, 3.67, 0.34, 50.93, 
3040, 3.68, 0.34, 50.94, 
3041, 3.68, 0.34, 50.95, 
3042, 3.67, 0.34, 50.97, 
3043, 3.67, 0.34, 50.98, 
3044, 3.67, 0.34, 50.99, 
3045, 3.67, 0.34, 51.00, 
3046, 3.67, 0.34, 51.01, 
3047, 3.67, 0.34, 51.03, 
3048, 3.68, 0.34, 51.04, 
3049, 3.67, 0.34, 51.05, 
3050, 3.67, 0.34, 51.06, 
3051, 3.67, 0.34, 51.07, 
3052, 3.68, 0.34, 51.09, 
3053, 3.67, 0.34, 51.10, 
3054, 3.67, 0.34, 51.11, 
3055, 3.67, 0.34, 51.12, 
3056, 3.67, 0.34, 51.13, 
3057, 3.68, 0.34, 51.15, 
3058, 3.67, 0.34, 51.16, 
3059, 3.67, 0.34, 51.17, 
3060, 3.68, 0.34, 51.18, 
3061, 3.67, 0.34, 51.19, 
3062, 3.67, 0.34, 51.20, 
3063, 3.68, 0.34, 51.22, 
3064, 3.68, 0.34, 51.23, 
3065, 3.67, 0.34, 51.24, 
3066, 3.68, 0.34, 51.25, 
3067, 3.68, 0.34, 51.26, 
3068, 3.67, 0.34, 51.28, 
3069, 3.68, 0.34, 51.29, 
3070, 3.68, 0.34, 51.30, 
3071, 3.68, 0.34, 51.31, 
3072, 3.68, 0.34, 51.32, 
3073, 3.68, 0.34, 51.34, 
3074, 3.68, 0.34, 51.35, 
3075, 3.68, 0.34, 51.36, 
3076, 3.67, 0.34, 51.37, 
3077, 3.68, 0.34, 51.38, 
3078, 3.68, 0.34, 51.39, 
3079, 3.68, 0.34, 51.41, 
3080, 3.68, 0.34, 51.42, 
3081, 3.68, 0.34, 51.43, 
3082, 3.68, 0.34, 51.44, 
3083, 3.68, 0.34, 51.45, 
3084, 3.68, 0.34, 51.47, 
3085, 3.68, 0.34, 51.48, 
3086, 3.68, 0.34, 51.49, 
3087, 3.68, 0.34, 51.50, 
3088, 3.68, 0.34, 51.51, 
3089, 3.68, 0.34, 51.52, 
3090, 3.68, 0.34, 51.54, 
3091, 3.68, 0.34, 51.55, 
3092, 3.68, 0.34, 51.56, 
3093, 3.68, 0.34, 51.57, 
3094, 3.68, 0.34, 51.58, 
3095, 3.68, 0.34, 51.60, 
3096, 3.68, 0.34, 51.61, 
3097, 3.68, 0.34, 51.62, 
3098, 3.68, 0.34, 51.63, 
3099, 3.68, 0.34, 51.64, 
3100, 3.68, 0.34, 51.65, 
3101, 3.68, 0.34, 51.67, 
3102, 3.68, 0.34, 51.68, 
3103, 3.69, 0.34, 51.69, 
3104, 3.68, 0.34, 51.70, 
3105, 3.68, 0.34, 51.71, 
3106, 3.68, 0.34, 51.72, 
3107, 3.68, 0.34, 51.74, 
3108, 3.68, 0.34, 51.75, 
3109, 3.68, 0.34, 51.76, 
3110, 3.68, 0.34, 51.77, 
3111, 3.68, 0.34, 51.78, 
3112, 3.69, 0.34, 51.80, 
3113, 3.68, 0.34, 51.81, 
3114, 3.68, 0.34, 51.82, 
3115, 3.68, 0.34, 51.83, 
3116, 3.68, 0.34, 51.84, 
3117, 3.68, 0.34, 51.85, 
3118, 3.69, 0.34, 51.87, 
3119, 3.68, 0.34, 51.88, 
3120, 3.68, 0.34, 51.89, 
3121, 3.68, 0.34, 51.90, 
3122, 3.68, 0.34, 51.91, 
3123, 3.68, 0.34, 51.92, 
3124, 3.68, 0.34, 51.94, 
3125, 3.68, 0.34, 51.95, 
3126, 3.68, 0.34, 51.96, 
3127, 3.68, 0.34, 51.97, 
3128, 3.69, 0.34, 51.98, 
3129, 3.69, 0.34, 51.99, 
3130, 3.68, 0.34, 52.01, 
3131, 3.68, 0.34, 52.02, 
3132, 3.69, 0.34, 52.03, 
3133, 3.68, 0.34, 52.04, 
3134, 3.68, 0.34, 52.05, 
3135, 3.68, 0.34, 52.06, 
3136, 3.69, 0.34, 52.08, 
3137, 3.69, 0.34, 52.09, 
3138, 3.68, 0.33, 52.10, 
3139, 3.68, 0.34, 52.11, 
3140, 3.69, 0.33, 52.12, 
3141, 3.69, 0.33, 52.13, 
3142, 3.68, 0.34, 52.15, 
3143, 3.68, 0.34, 52.16, 
3144, 3.69, 0.33, 52.17, 
3145, 3.69, 0.33, 52.18, 
3146, 3.68, 0.34, 52.19, 
3147, 3.69, 0.33, 52.20, 
3148, 3.69, 0.33, 52.22, 
3149, 3.69, 0.33, 52.23, 
3150, 3.68, 0.33, 52.24, 
3151, 3.69, 0.33, 52.25, 
3152, 3.69, 0.33, 52.26, 
3153, 3.69, 0.33, 52.27, 
3154, 3.69, 0.33, 52.29, 
3155, 3.69, 0.33, 52.30, 
3156, 3.69, 0.33, 52.31, 
3157, 3.69, 0.33, 52.32, 
3158, 3.69, 0.33, 52.33, 
3159, 3.69, 0.33, 52.34, 
3160, 3.69, 0.33, 52.35, 
3161, 3.69, 0.33, 52.37, 
3162, 3.69, 0.33, 52.38, 
3163, 3.69, 0.33, 52.39, 
3164, 3.69, 0.33, 52.40, 
3165, 3.69, 0.33, 52.41, 
3166, 3.69, 0.33, 52.42, 
3167, 3.70, 0.33, 52.44, 
3168, 3.69, 0.33, 52.45, 
3169, 3.69, 0.33, 52.46, 
3170, 3.69, 0.33, 52.47, 
3171, 3.69, 0.33, 52.48, 
3172, 3.69, 0.33, 52.49, 
3173, 3.69, 0.33, 52.50, 
3174, 3.69, 0.33, 52.52, 
3175, 3.69, 0.33, 52.53, 
3176, 3.70, 0.33, 52.54, 
3177, 3.69, 0.33, 52.55, 
3178, 3.69, 0.33, 52.56, 
3179, 3.69, 0.33, 52.57, 
3180, 3.69, 0.33, 52.59, 
3181, 3.69, 0.33, 52.60, 
3182, 3.70, 0.33, 52.61, 
3183, 3.69, 0.33, 52.62, 
3184, 3.69, 0.33, 52.63, 
3185, 3.69, 0.33, 52.64, 
3186, 3.69, 0.33, 52.65, 
3187, 3.69, 0.33, 52.67, 
3188, 3.69, 0.33, 52.68, 
3189, 3.69, 0.33, 52.69, 
3190, 3.70, 0.33, 52.70, 
3191, 3.69, 0.33, 52.71, 
3192, 3.70, 0.33, 52.72, 
3193, 3.70, 0.33, 52.73, 
3194, 3.70, 0.33, 52.75, 
3195, 3.70, 0.33, 52.76, 
3196, 3.69, 0.33, 52.77, 
3197, 3.69, 0.33, 52.78, 
3198, 3.69, 0.33, 52.79, 
3199, 3.69, 0.33, 52.80, 
3200, 3.69, 0.33, 52.82, 
3201, 3.70, 0.33, 52.83, 
3202, 3.70, 0.33, 52.84, 
3203, 3.70, 0.33, 52.85, 
3204, 3.70, 0.33, 52.86, 
3205, 3.70, 0.33, 52.87, 
3206, 3.70, 0.33, 52.88, 
3207, 3.70, 0.33, 52.89, 
3208, 3.70, 0.33, 52.91, 
3209, 3.69, 0.33, 52.92, 
3210, 3.70, 0.33, 52.93, 
3211, 3.70, 0.33, 52.94, 
3212, 3.70, 0.33, 52.95, 
3213, 3.70, 0.33, 52.96, 
3214, 3.70, 0.33, 52.97, 
3215, 3.70, 0.33, 52.99, 
3216, 3.70, 0.33, 53.00, 
3217, 3.70, 0.33, 53.01, 
3218, 3.70, 0.33, 53.02, 
3219, 3.70, 0.33, 53.03, 
3220, 3.70, 0.33, 53.04, 
3221, 3.70, 0.33, 53.05, 
3222, 3.69, 0.33, 53.07, 
3223, 3.69, 0.33, 53.08, 
3224, 3.70, 0.33, 53.09, 
3225, 3.70, 0.33, 53.10, 
3226, 3.70, 0.33, 53.11, 
3227, 3.70, 0.33, 53.12, 
3228, 3.70, 0.33, 53.13, 
3229, 3.70, 0.33, 53.15, 
3230, 3.70, 0.33, 53.16, 
3231, 3.70, 0.33, 53.17, 
3232, 3.70, 0.33, 53.18, 
3233, 3.70, 0.33, 53.19, 
3234, 3.70, 0.33, 53.20, 
3235, 3.70, 0.33, 53.21, 
3236, 3.71, 0.33, 53.22, 
3237, 3.70, 0.33, 53.24, 
3238, 3.70, 0.33, 53.25, 
3239, 3.69, 0.32, 53.26, 
3240, 3.70, 0.33, 53.27, 
3241, 3.70, 0.33, 53.28, 
3242, 3.70, 0.33, 53.29, 
3243, 3.70, 0.33, 53.30, 
3244, 3.71, 0.33, 53.32, 
3245, 3.71, 0.32, 53.33, 
3246, 3.70, 0.32, 53.34, 
3247, 3.70, 0.32, 53.35, 
3248, 3.70, 0.32, 53.36, 
3249, 3.70, 0.32, 53.37, 
3250, 3.71, 0.32, 53.38, 
3251, 3.70, 0.32, 53.39, 
3252, 3.70, 0.32, 53.41, 
3253, 3.70, 0.32, 53.42, 
3254, 3.70, 0.32, 53.43, 
3255, 3.71, 0.32, 53.44, 
3256, 3.70, 0.32, 53.45, 
3257, 3.70, 0.32, 53.46, 
3258, 3.70, 0.32, 53.47, 
3259, 3.71, 0.32, 53.48, 
3260, 3.71, 0.32, 53.50, 
3261, 3.70, 0.32, 53.51, 
3262, 3.70, 0.32, 53.52, 
3263, 3.71, 0.32, 53.53, 
3264, 3.71, 0.32, 53.54, 
3265, 3.71, 0.32, 53.55, 
3266, 3.70, 0.32, 53.56, 
3267, 3.71, 0.32, 53.57, 
3268, 3.71, 0.32, 53.59, 
3269, 3.71, 0.32, 53.60, 
3270, 3.71, 0.32, 53.61, 
3271, 3.71, 0.32, 53.62, 
3272, 3.71, 0.32, 53.63, 
3273, 3.70, 0.32, 53.64, 
3274, 3.70, 0.32, 53.65, 
3275, 3.71, 0.32, 53.66, 
3276, 3.71, 0.32, 53.67, 
3277, 3.71, 0.32, 53.69, 
3278, 3.71, 0.32, 53.70, 
3279, 3.71, 0.32, 53.71, 
3280, 3.71, 0.32, 53.72, 
3281, 3.70, 0.32, 53.73, 
3282, 3.71, 0.32, 53.74, 
3283, 3.71, 0.32, 53.75, 
3284, 3.71, 0.32, 53.76, 
3285, 3.71, 0.32, 53.78, 
3286, 3.71, 0.32, 53.79, 
3287, 3.71, 0.32, 53.80, 
3288, 3.71, 0.32, 53.81, 
3289, 3.71, 0.32, 53.82, 
3290, 3.71, 0.32, 53.83, 
3291, 3.71, 0.32, 53.84, 
3292, 3.71, 0.32, 53.85, 
3293, 3.71, 0.32, 53.86, 
3294, 3.70, 0.32, 53.88, 
3295, 3.71, 0.32, 53.89, 
3296, 3.71, 0.32, 53.90, 
3297, 3.71, 0.32, 53.91, 
3298, 3.72, 0.32, 53.92, 
3299, 3.71, 0.32, 53.93, 
3300, 3.71, 0.32, 53.94, 
3301, 3.71, 0.32, 53.95, 
3302, 3.71, 0.32, 53.96, 
3303, 3.71, 0.32, 53.98, 
3304, 3.71, 0.32, 53.99, 
3305, 3.71, 0.32, 54.00, 
3306, 3.71, 0.32, 54.01, 
3307, 3.71, 0.32, 54.02, 
3308, 3.71, 0.32, 54.03, 
3309, 3.71, 0.32, 54.04, 
3310, 3.71, 0.32, 54.05, 
3311, 3.71, 0.32, 54.06, 
3312, 3.71, 0.32, 54.08, 
3313, 3.72, 0.32, 54.09, 
3314, 3.72, 0.32, 54.10, 
3315, 3.71, 0.32, 54.11, 
3316, 3.71, 0.32, 54.12, 
3317, 3.71, 0.32, 54.13, 
3318, 3.71, 0.32, 54.14, 
3319, 3.71, 0.32, 54.15, 
3320, 3.72, 0.32, 54.16, 
3321, 3.71, 0.32, 54.18, 
3322, 3.71, 0.32, 54.19, 
3323, 3.71, 0.32, 54.20, 
3324, 3.71, 0.32, 54.21, 
3325, 3.71, 0.32, 54.22, 
3326, 3.71, 0.32, 54.23, 
3327, 3.71, 0.32, 54.24, 
3328, 3.71, 0.32, 54.25, 
3329, 3.71, 0.32, 54.26, 
3330, 3.71, 0.32, 54.27, 
3331, 3.72, 0.32, 54.29, 
3332, 3.71, 0.32, 54.30, 
3333, 3.72, 0.32, 54.31, 
3334, 3.71, 0.32, 54.32, 
3335, 3.72, 0.32, 54.33, 
3336, 3.72, 0.32, 54.34, 
3337, 3.72, 0.32, 54.35, 
3338, 3.72, 0.32, 54.36, 
3339, 3.72, 0.32, 54.37, 
3340, 3.72, 0.32, 54.38, 
3341, 3.72, 0.32, 54.40, 
3342, 3.71, 0.32, 54.41, 
3343, 3.72, 0.32, 54.42, 
3344, 3.72, 0.32, 54.43, 
3345, 3.72, 0.32, 54.44, 
3346, 3.71, 0.32, 54.45, 
3347, 3.71, 0.32, 54.46, 
3348, 3.72, 0.32, 54.47, 
3349, 3.72, 0.31, 54.48, 
3350, 3.72, 0.32, 54.49, 
3351, 3.72, 0.32, 54.51, 
3352, 3.72, 0.32, 54.52, 
3353, 3.72, 0.32, 54.53, 
3354, 3.71, 0.32, 54.54, 
3355, 3.72, 0.31, 54.55, 
3356, 3.71, 0.31, 54.56, 
3357, 3.72, 0.31, 54.57, 
3358, 3.71, 0.31, 54.58, 
3359, 3.72, 0.31, 54.59, 
3360, 3.72, 0.31, 54.60, 
3361, 3.72, 0.31, 54.61, 
3362, 3.72, 0.31, 54.63, 
3363, 3.71, 0.31, 54.64, 
3364, 3.72, 0.31, 54.65, 
3365, 3.72, 0.31, 54.66, 
3366, 3.71, 0.31, 54.67, 
3367, 3.72, 0.31, 54.68, 
3368, 3.72, 0.31, 54.69, 
3369, 3.72, 0.31, 54.70, 
3370, 3.72, 0.31, 54.71, 
3371, 3.72, 0.31, 54.72, 
3372, 3.72, 0.31, 54.73, 
3373, 3.72, 0.31, 54.75, 
3374, 3.72, 0.31, 54.76, 
3375, 3.72, 0.31, 54.77, 
3376, 3.72, 0.31, 54.78, 
3377, 3.72, 0.31, 54.79, 
3378, 3.72, 0.31, 54.80, 
3379, 3.72, 0.31, 54.81, 
3380, 3.72, 0.31, 54.82, 
3381, 3.72, 0.31, 54.83, 
3382, 3.72, 0.31, 54.84, 
3383, 3.72, 0.31, 54.85, 
3384, 3.72, 0.31, 54.86, 
3385, 3.72, 0.31, 54.88, 
3386, 3.72, 0.31, 54.89, 
3387, 3.72, 0.31, 54.90, 
3388, 3.72, 0.31, 54.91, 
3389, 3.72, 0.31, 54.92, 
3390, 3.72, 0.31, 54.93, 
3391, 3.72, 0.31, 54.94, 
3392, 3.72, 0.31, 54.95, 
3393, 3.73, 0.31, 54.96, 
3394, 3.72, 0.31, 54.97, 
3395, 3.72, 0.31, 54.98, 
3396, 3.72, 0.31, 54.99, 
3397, 3.72, 0.31, 55.01, 
3398, 3.73, 0.31, 55.02, 
3399, 3.72, 0.31, 55.03, 
3400, 3.73, 0.31, 55.04, 
3401, 3.73, 0.31, 55.05, 
3402, 3.72, 0.31, 55.06, 
3403, 3.73, 0.31, 55.07, 
3404, 3.73, 0.31, 55.08, 
3405, 3.73, 0.31, 55.09, 
3406, 3.73, 0.31, 55.10, 
3407, 3.72, 0.31, 55.11, 
3408, 3.73, 0.31, 55.12, 
3409, 3.72, 0.31, 55.13, 
3410, 3.73, 0.31, 55.15, 
3411, 3.73, 0.31, 55.16, 
3412, 3.72, 0.31, 55.17, 
3413, 3.73, 0.31, 55.18, 
3414, 3.72, 0.31, 55.19, 
3415, 3.73, 0.31, 55.20, 
3416, 3.73, 0.31, 55.21, 
3417, 3.73, 0.31, 55.22, 
3418, 3.73, 0.31, 55.23, 
3419, 3.72, 0.31, 55.24, 
3420, 3.72, 0.31, 55.25, 
3421, 3.73, 0.31, 55.26, 
3422, 3.72, 0.31, 55.27, 
3423, 3.73, 0.31, 55.28, 
3424, 3.72, 0.31, 55.30, 
3425, 3.73, 0.31, 55.31, 
3426, 3.73, 0.31, 55.32, 
3427, 3.73, 0.31, 55.33, 
3428, 3.73, 0.31, 55.34, 
3429, 3.73, 0.31, 55.35, 
3430, 3.73, 0.31, 55.36, 
3431, 3.73, 0.31, 55.37, 
3432, 3.73, 0.31, 55.38, 
3433, 3.73, 0.31, 55.39, 
3434, 3.72, 0.31, 55.40, 
3435, 3.73, 0.31, 55.41, 
3436, 3.73, 0.31, 55.42, 
3437, 3.73, 0.31, 55.43, 
3438, 3.73, 0.31, 55.45, 
3439, 3.73, 0.31, 55.46, 
3440, 3.73, 0.31, 55.47, 
3441, 3.73, 0.31, 55.48, 
3442, 3.73, 0.31, 55.49, 
3443, 3.73, 0.31, 55.50, 
3444, 3.73, 0.31, 55.51, 
3445, 3.73, 0.31, 55.52, 
3446, 3.73, 0.31, 55.53, 
3447, 3.73, 0.31, 55.54, 
3448, 3.73, 0.31, 55.55, 
3449, 3.73, 0.31, 55.56, 
3450, 3.73, 0.31, 55.57, 
3451, 3.73, 0.31, 55.58, 
3452, 3.73, 0.30, 55.59, 
3453, 3.73, 0.31, 55.60, 
3454, 3.73, 0.31, 55.62, 
3455, 3.73, 0.30, 55.63, 
3456, 3.73, 0.30, 55.64, 
3457, 3.73, 0.31, 55.65, 
3458, 3.73, 0.30, 55.66, 
3459, 3.73, 0.30, 55.67, 
3460, 3.73, 0.30, 55.68, 
3461, 3.74, 0.31, 55.69, 
3462, 3.73, 0.30, 55.70, 
3463, 3.73, 0.30, 55.71, 
3464, 3.73, 0.30, 55.72, 
3465, 3.74, 0.30, 55.73, 
3466, 3.73, 0.30, 55.74, 
3467, 3.74, 0.30, 55.75, 
3468, 3.73, 0.30, 55.76, 
3469, 3.74, 0.30, 55.77, 
3470, 3.73, 0.30, 55.78, 
3471, 3.74, 0.30, 55.80, 
3472, 3.73, 0.30, 55.81, 
3473, 3.74, 0.30, 55.82, 
3474, 3.73, 0.30, 55.83, 
3475, 3.74, 0.30, 55.84, 
3476, 3.74, 0.30, 55.85, 
3477, 3.73, 0.30, 55.86, 
3478, 3.74, 0.30, 55.87, 
3479, 3.73, 0.30, 55.88, 
3480, 3.74, 0.30, 55.89, 
3481, 3.73, 0.30, 55.90, 
3482, 3.74, 0.30, 55.91, 
3483, 3.74, 0.30, 55.92, 
3484, 3.74, 0.30, 55.93, 
3485, 3.73, 0.30, 55.94, 
3486, 3.73, 0.30, 55.95, 
3487, 3.74, 0.30, 55.96, 
3488, 3.74, 0.30, 55.97, 
3489, 3.74, 0.30, 55.98, 
3490, 3.73, 0.30, 56.00, 
3491, 3.74, 0.30, 56.01, 
3492, 3.73, 0.30, 56.02, 
3493, 3.74, 0.30, 56.03, 
3494, 3.74, 0.30, 56.04, 
3495, 3.74, 0.30, 56.05, 
3496, 3.75, 0.30, 56.06, 
3497, 3.75, 0.30, 56.07, 
3498, 3.73, 0.30, 56.08, 
3499, 3.73, 0.30, 56.09, 
3500, 3.74, 0.30, 56.10, 
3501, 3.74, 0.30, 56.11, 
3502, 3.74, 0.30, 56.12, 
3503, 3.74, 0.30, 56.13, 
3504, 3.74, 0.30, 56.14, 
3505, 3.74, 0.30, 56.15, 
3506, 3.74, 0.30, 56.16, 
3507, 3.74, 0.30, 56.17, 
3508, 3.74, 0.30, 56.18, 
3509, 3.74, 0.30, 56.19, 
3510, 3.74, 0.30, 56.20, 
3511, 3.74, 0.30, 56.21, 
3512, 3.73, 0.30, 56.22, 
3513, 3.75, 0.30, 56.24, 
3514, 3.75, 0.30, 56.25, 
3515, 3.74, 0.30, 56.26, 
3516, 3.74, 0.30, 56.27, 
3517, 3.74, 0.30, 56.28, 
3518, 3.74, 0.30, 56.29, 
3519, 3.74, 0.30, 56.30, 
3520, 3.74, 0.30, 56.31, 
3521, 3.75, 0.30, 56.32, 
3522, 3.74, 0.30, 56.33, 
3523, 3.75, 0.30, 56.34, 
3524, 3.74, 0.30, 56.35, 
3525, 3.74, 0.30, 56.36, 
3526, 3.74, 0.30, 56.37, 
3527, 3.74, 0.30, 56.38, 
3528, 3.74, 0.30, 56.39, 
3529, 3.74, 0.30, 56.40, 
3530, 3.73, 0.30, 56.41, 
3531, 3.74, 0.30, 56.42, 
3532, 3.74, 0.30, 56.43, 
3533, 3.75, 0.30, 56.44, 
3534, 3.75, 0.30, 56.45, 
3535, 3.75, 0.30, 56.46, 
3536, 3.75, 0.30, 56.47, 
3537, 3.74, 0.30, 56.48, 
3538, 3.74, 0.30, 56.49, 
3539, 3.74, 0.30, 56.51, 
3540, 3.74, 0.30, 56.52, 
3541, 3.74, 0.30, 56.53, 
3542, 3.75, 0.30, 56.54, 
3543, 3.75, 0.30, 56.55, 
3544, 3.75, 0.30, 56.56, 
3545, 3.75, 0.30, 56.57, 
3546, 3.74, 0.30, 56.58, 
3547, 3.74, 0.30, 56.59, 
3548, 3.75, 0.30, 56.60, 
3549, 3.75, 0.30, 56.61, 
3550, 3.75, 0.30, 56.62, 
3551, 3.74, 0.30, 56.63, 
3552, 3.75, 0.30, 56.64, 
3553, 3.74, 0.30, 56.65, 
3554, 3.74, 0.30, 56.66, 
3555, 3.74, 0.30, 56.67, 
3556, 3.75, 0.29, 56.68, 
3557, 3.74, 0.30, 56.69, 
3558, 3.74, 0.30, 56.70, 
3559, 3.75, 0.30, 56.71, 
3560, 3.75, 0.30, 56.72, 
3561, 3.74, 0.29, 56.73, 
3562, 3.75, 0.29, 56.74, 
3563, 3.74, 0.29, 56.75, 
3564, 3.75, 0.29, 56.76, 
3565, 3.74, 0.29, 56.77, 
3566, 3.75, 0.29, 56.78, 
3567, 3.75, 0.29, 56.79, 
3568, 3.75, 0.29, 56.80, 
3569, 3.75, 0.29, 56.81, 
3570, 3.75, 0.29, 56.82, 
3571, 3.75, 0.29, 56.83, 
3572, 3.75, 0.29, 56.84, 
3573, 3.75, 0.29, 56.85, 
3574, 3.75, 0.29, 56.86, 
3575, 3.75, 0.29, 56.87, 
3576, 3.75, 0.29, 56.88, 
3577, 3.75, 0.29, 56.90, 
3578, 3.75, 0.29, 56.91, 
3579, 3.75, 0.29, 56.92, 
3580, 3.75, 0.29, 56.93, 
3581, 3.75, 0.29, 56.94, 
3582, 3.75, 0.29, 56.95, 
3583, 3.75, 0.29, 56.96, 
3584, 3.75, 0.29, 56.97, 
3585, 3.75, 0.29, 56.98, 
3586, 3.75, 0.29, 56.99, 
3587, 3.75, 0.29, 57.00, 
3588, 3.75, 0.29, 57.01, 
3589, 3.76, 0.29, 57.02, 
3590, 3.75, 0.29, 57.03, 
3591, 3.75, 0.29, 57.04, 
3592, 3.75, 0.29, 57.05, 
3593, 3.74, 0.29, 57.06, 
3594, 3.75, 0.29, 57.07, 
3595, 3.75, 0.29, 57.08, 
3596, 3.75, 0.29, 57.09, 
3597, 3.75, 0.29, 57.10, 
3598, 3.75, 0.29, 57.11, 
3599, 3.75, 0.29, 57.12, 
3600, 3.76, 0.29, 57.13, 
3601, 3.76, 0.29, 57.14, 
3602, 3.76, 0.29, 57.15, 
3603, 3.75, 0.29, 57.16, 
3604, 3.75, 0.29, 57.17, 
3605, 3.75, 0.29, 57.18, 
3606, 3.76, 0.29, 57.19, 
3607, 3.75, 0.29, 57.20, 
3608, 3.75, 0.29, 57.21, 
3609, 3.75, 0.29, 57.22, 
3610, 3.76, 0.29, 57.23, 
3611, 3.75, 0.29, 57.24, 
3612, 3.75, 0.29, 57.25, 
3613, 3.75, 0.29, 57.26, 
3614, 3.75, 0.29, 57.27, 
3615, 3.76, 0.29, 57.28, 
3616, 3.75, 0.29, 57.29, 
3617, 3.74, 0.29, 57.30, 
3618, 3.76, 0.29, 57.31, 
3619, 3.75, 0.29, 57.32, 
3620, 3.75, 0.29, 57.33, 
3621, 3.75, 0.29, 57.34, 
3622, 3.75, 0.29, 57.35, 
3623, 3.75, 0.29, 57.36, 
3624, 3.75, 0.29, 57.37, 
3625, 3.75, 0.29, 57.38, 
3626, 3.76, 0.29, 57.39, 
3627, 3.75, 0.29, 57.40, 
3628, 3.75, 0.29, 57.41, 
3629, 3.75, 0.29, 57.42, 
3630, 3.76, 0.29, 57.43, 
3631, 3.76, 0.29, 57.44, 
3632, 3.76, 0.29, 57.45, 
3633, 3.76, 0.29, 57.46, 
3634, 3.76, 0.29, 57.47, 
3635, 3.75, 0.29, 57.48, 
3636, 3.76, 0.29, 57.49, 
3637, 3.76, 0.29, 57.50, 
3638, 3.76, 0.29, 57.51, 
3639, 3.76, 0.29, 57.52, 
3640, 3.76, 0.29, 57.53, 
3641, 3.76, 0.29, 57.54, 
3642, 3.76, 0.29, 57.55, 
3643, 3.76, 0.29, 57.56, 
3644, 3.75, 0.29, 57.57, 
3645, 3.76, 0.29, 57.58, 
3646, 3.75, 0.29, 57.59, 
3647, 3.76, 0.29, 57.60, 
3648, 3.76, 0.29, 57.61, 
3649, 3.75, 0.29, 57.62, 
3650, 3.76, 0.29, 57.63, 
3651, 3.75, 0.29, 57.64, 
3652, 3.76, 0.29, 57.65, 
3653, 3.76, 0.29, 57.66, 
3654, 3.76, 0.29, 57.67, 
3655, 3.75, 0.29, 57.68, 
3656, 3.75, 0.29, 57.69, 
3657, 3.75, 0.29, 57.70, 
3658, 3.76, 0.29, 57.71, 
3659, 3.76, 0.29, 57.72, 
3660, 3.76, 0.28, 57.73, 
3661, 3.76, 0.29, 57.74, 
3662, 3.75, 0.29, 57.75, 
3663, 3.76, 0.29, 57.76, 
3664, 3.76, 0.28, 57.77, 
3665, 3.75, 0.28, 57.78, 
3666, 3.75, 0.29, 57.79, 
3667, 3.75, 0.29, 57.80, 
3668, 3.76, 0.29, 57.81, 
3669, 3.75, 0.29, 57.82, 
3670, 3.75, 0.29, 57.83, 
3671, 3.76, 0.29, 57.84, 
3672, 3.76, 0.29, 57.85, 
3673, 3.77, 0.29, 57.86, 
3674, 3.75, 0.28, 57.87, 
3675, 3.77, 0.28, 57.88, 
3676, 3.77, 0.29, 57.89, 
3677, 3.76, 0.29, 57.90, 
3678, 3.77, 0.29, 57.91, 
3679, 3.77, 0.28, 57.92, 
3680, 3.76, 0.28, 57.93, 
3681, 3.76, 0.28, 57.94, 
3682, 3.77, 0.28, 57.95, 
3683, 3.76, 0.28, 57.96, 
3684, 3.76, 0.28, 57.97, 
3685, 3.77, 0.28, 57.98, 
3686, 3.76, 0.28, 57.99, 
3687, 3.76, 0.28, 58.00, 
3688, 3.77, 0.28, 58.01, 
3689, 3.76, 0.28, 58.02, 
3690, 3.77, 0.28, 58.03, 
3691, 3.78, 0.28, 58.04, 
3692, 3.76, 0.28, 58.05, 
3693, 3.76, 0.28, 58.06, 
3694, 3.76, 0.28, 58.07, 
3695, 3.76, 0.28, 58.08, 
3696, 3.77, 0.28, 58.09, 
3697, 3.77, 0.28, 58.10, 
3698, 3.77, 0.28, 58.11, 
3699, 3.76, 0.28, 58.12, 
3700, 3.75, 0.28, 58.13, 
3701, 3.76, 0.28, 58.14, 
3702, 3.77, 0.28, 58.15, 
3703, 3.77, 0.28, 58.16, 
3704, 3.77, 0.28, 58.17, 
3705, 3.77, 0.28, 58.18, 
3706, 3.77, 0.28, 58.19, 
3707, 3.77, 0.28, 58.20, 
3708, 3.77, 0.28, 58.21, 
3709, 3.77, 0.28, 58.21, 
3710, 3.77, 0.28, 58.22, 
3711, 3.77, 0.28, 58.23, 
3712, 3.77, 0.28, 58.24, 
3713, 3.77, 0.28, 58.25, 
3714, 3.77, 0.28, 58.26, 
3715, 3.77, 0.28, 58.27, 
3716, 3.77, 0.28, 58.28, 
3717, 3.77, 0.28, 58.29, 
3718, 3.76, 0.28, 58.30, 
3719, 3.77, 0.28, 58.31, 
3720, 3.76, 0.28, 58.32, 
3721, 3.75, 0.28, 58.33, 
3722, 3.76, 0.28, 58.34, 
3723, 3.77, 0.28, 58.35, 
3724, 3.78, 0.28, 58.36, 
3725, 3.77, 0.28, 58.37, 
3726, 3.78, 0.28, 58.38, 
3727, 3.77, 0.28, 58.39, 
3728, 3.76, 0.28, 58.40, 
3729, 3.77, 0.28, 58.41, 
3730, 3.77, 0.28, 58.42, 
3731, 3.76, 0.28, 58.43, 
3732, 3.77, 0.28, 58.44, 
3733, 3.77, 0.28, 58.45, 
3734, 3.77, 0.28, 58.46, 
3735, 3.77, 0.28, 58.47, 
3736, 3.77, 0.28, 58.48, 
3737, 3.77, 0.28, 58.49, 
3738, 3.76, 0.28, 58.50, 
3739, 3.78, 0.28, 58.51, 
3740, 3.77, 0.28, 58.52, 
3741, 3.76, 0.28, 58.53, 
3742, 3.76, 0.28, 58.54, 
3743, 3.77, 0.28, 58.55, 
3744, 3.76, 0.28, 58.56, 
3745, 3.77, 0.28, 58.57, 
3746, 3.77, 0.28, 58.58, 
3747, 3.78, 0.28, 58.59, 
3748, 3.77, 0.28, 58.60, 
3749, 3.76, 0.28, 58.60, 
3750, 3.77, 0.28, 58.61, 
3751, 3.77, 0.28, 58.62, 
3752, 3.77, 0.28, 58.63, 
3753, 3.77, 0.28, 58.64, 
3754, 3.77, 0.28, 58.65, 
3755, 3.78, 0.28, 58.66, 
3756, 3.78, 0.28, 58.67, 
3757, 3.77, 0.28, 58.68, 
3758, 3.76, 0.28, 58.69, 
3759, 3.77, 0.28, 58.70, 
3760, 3.78, 0.28, 58.71, 
3761, 3.77, 0.28, 58.72, 
3762, 3.78, 0.28, 58.73, 
3763, 3.77, 0.28, 58.74, 
3764, 3.77, 0.28, 58.75, 
3765, 3.77, 0.28, 58.76, 
3766, 3.77, 0.28, 58.77, 
3767, 3.78, 0.28, 58.78, 
3768, 3.78, 0.28, 58.79, 
3769, 3.78, 0.28, 58.80, 
3770, 3.77, 0.28, 58.81, 
3771, 3.77, 0.28, 58.82, 
3772, 3.78, 0.28, 58.83, 
3773, 3.78, 0.28, 58.84, 
3774, 3.78, 0.28, 58.85, 
3775, 3.78, 0.28, 58.86, 
3776, 3.78, 0.28, 58.86, 
3777, 3.78, 0.27, 58.87, 
3778, 3.78, 0.28, 58.88, 
3779, 3.78, 0.28, 58.89, 
3780, 3.78, 0.28, 58.90, 
3781, 3.78, 0.28, 58.91, 
3782, 3.78, 0.28, 58.92, 
3783, 3.77, 0.28, 58.93, 
3784, 3.77, 0.28, 58.94, 
3785, 3.78, 0.28, 58.95, 
3786, 3.78, 0.28, 58.96, 
3787, 3.78, 0.28, 58.97, 
3788, 3.78, 0.28, 58.98, 
3789, 3.77, 0.28, 58.99, 
3790, 3.78, 0.27, 59.00, 
3791, 3.78, 0.28, 59.01, 
3792, 3.78, 0.27, 59.02, 
3793, 3.78, 0.27, 59.03, 
3794, 3.78, 0.27, 59.04, 
3795, 3.78, 0.27, 59.05, 
3796, 3.78, 0.27, 59.06, 
3797, 3.78, 0.27, 59.07, 
3798, 3.78, 0.27, 59.08, 
3799, 3.78, 0.27, 59.08, 
3800, 3.78, 0.27, 59.09, 
3801, 3.78, 0.27, 59.10, 
3802, 3.77, 0.27, 59.11, 
3803, 3.78, 0.27, 59.12, 
3804, 3.77, 0.27, 59.13, 
3805, 3.79, 0.27, 59.14, 
3806, 3.78, 0.27, 59.15, 
3807, 3.78, 0.27, 59.16, 
3808, 3.78, 0.27, 59.17, 
3809, 3.78, 0.27, 59.18, 
3810, 3.78, 0.27, 59.19, 
3811, 3.78, 0.27, 59.20, 
3812, 3.78, 0.27, 59.21, 
3813, 3.78, 0.27, 59.22, 
3814, 3.78, 0.27, 59.23, 
3815, 3.79, 0.27, 59.24, 
3816, 3.78, 0.27, 59.25, 
3817, 3.78, 0.27, 59.26, 
3818, 3.78, 0.27, 59.26, 
3819, 3.78, 0.27, 59.27, 
3820, 3.78, 0.27, 59.28, 
3821, 3.78, 0.27, 59.29, 
3822, 3.78, 0.27, 59.30, 
3823, 3.78, 0.27, 59.31, 
3824, 3.78, 0.27, 59.32, 
3825, 3.78, 0.27, 59.33, 
3826, 3.78, 0.27, 59.34, 
3827, 3.78, 0.27, 59.35, 
3828, 3.78, 0.27, 59.36, 
3829, 3.79, 0.27, 59.37, 
3830, 3.78, 0.27, 59.38, 
3831, 3.78, 0.27, 59.39, 
3832, 3.78, 0.27, 59.40, 
3833, 3.78, 0.27, 59.41, 
3834, 3.78, 0.27, 59.42, 
3835, 3.78, 0.27, 59.43, 
3836, 3.79, 0.27, 59.43, 
3837, 3.79, 0.27, 59.44, 
3838, 3.79, 0.27, 59.45, 
3839, 3.78, 0.27, 59.46, 
3840, 3.79, 0.27, 59.47, 
3841, 3.79, 0.27, 59.48, 
3842, 3.79, 0.27, 59.49, 
3843, 3.78, 0.27, 59.50, 
3844, 3.79, 0.27, 59.51, 
3845, 3.79, 0.27, 59.52, 
3846, 3.79, 0.27, 59.53, 
3847, 3.79, 0.27, 59.54, 
3848, 3.79, 0.27, 59.55, 
3849, 3.79, 0.27, 59.56, 
3850, 3.79, 0.27, 59.57, 
3851, 3.79, 0.27, 59.58, 
3852, 3.78, 0.27, 59.58, 
3853, 3.78, 0.27, 59.59, 
3854, 3.79, 0.27, 59.60, 
3855, 3.79, 0.27, 59.61, 
3856, 3.78, 0.27, 59.62, 
3857, 3.79, 0.27, 59.63, 
3858, 3.78, 0.27, 59.64, 
3859, 3.79, 0.27, 59.65, 
3860, 3.79, 0.27, 59.66, 
3861, 3.79, 0.27, 59.67, 
3862, 3.79, 0.27, 59.68, 
3863, 3.79, 0.27, 59.69, 
3864, 3.78, 0.27, 59.70, 
3865, 3.79, 0.27, 59.71, 
3866, 3.80, 0.27, 59.72, 
3867, 3.79, 0.27, 59.72, 
3868, 3.79, 0.27, 59.73, 
3869, 3.78, 0.27, 59.74, 
3870, 3.78, 0.27, 59.75, 
3871, 3.79, 0.27, 59.76, 
3872, 3.79, 0.27, 59.77, 
3873, 3.79, 0.27, 59.78, 
3874, 3.79, 0.27, 59.79, 
3875, 3.79, 0.27, 59.80, 
3876, 3.79, 0.27, 59.81, 
3877, 3.78, 0.27, 59.82, 
3878, 3.78, 0.27, 59.83, 
3879, 3.79, 0.27, 59.84, 
3880, 3.79, 0.27, 59.85, 
3881, 3.79, 0.27, 59.85, 
3882, 3.79, 0.27, 59.86, 
3883, 3.79, 0.27, 59.87, 
3884, 3.79, 0.27, 59.88, 
3885, 3.79, 0.27, 59.89, 
3886, 3.79, 0.27, 59.90, 
3887, 3.79, 0.27, 59.91, 
3888, 3.79, 0.27, 59.92, 
3889, 3.79, 0.27, 59.93, 
3890, 3.79, 0.27, 59.94, 
3891, 3.79, 0.27, 59.95, 
3892, 3.79, 0.27, 59.96, 
3893, 3.79, 0.27, 59.97, 
3894, 3.79, 0.27, 59.98, 
3895, 3.79, 0.27, 59.98, 
3896, 3.79, 0.27, 59.99, 
3897, 3.80, 0.27, 60.00, 
3898, 3.79, 0.27, 60.01, 
3899, 3.79, 0.27, 60.02, 
3900, 3.79, 0.26, 60.03, 
3901, 3.79, 0.27, 60.04, 
3902, 3.79, 0.26, 60.05, 
3903, 3.79, 0.26, 60.06, 
3904, 3.79, 0.26, 60.07, 
3905, 3.79, 0.26, 60.08, 
3906, 3.79, 0.26, 60.09, 
3907, 3.79, 0.26, 60.09, 
3908, 3.79, 0.26, 60.10, 
3909, 3.79, 0.26, 60.11, 
3910, 3.79, 0.26, 60.12, 
3911, 3.80, 0.26, 60.13, 
3912, 3.79, 0.26, 60.14, 
3913, 3.79, 0.26, 60.15, 
3914, 3.80, 0.26, 60.16, 
3915, 3.79, 0.26, 60.17, 
3916, 3.80, 0.26, 60.18, 
3917, 3.80, 0.26, 60.19, 
3918, 3.80, 0.26, 60.20, 
3919, 3.80, 0.26, 60.21, 
3920, 3.80, 0.26, 60.21, 
3921, 3.80, 0.26, 60.22, 
3922, 3.79, 0.26, 60.23, 
3923, 3.79, 0.26, 60.24, 
3924, 3.80, 0.26, 60.25, 
3925, 3.80, 0.26, 60.26, 
3926, 3.80, 0.26, 60.27, 
3927, 3.80, 0.26, 60.28, 
3928, 3.79, 0.26, 60.29, 
3929, 3.80, 0.26, 60.30, 
3930, 3.79, 0.26, 60.31, 
3931, 3.80, 0.26, 60.31, 
3932, 3.79, 0.26, 60.32, 
3933, 3.80, 0.26, 60.33, 
3934, 3.80, 0.26, 60.34, 
3935, 3.80, 0.26, 60.35, 
3936, 3.80, 0.26, 60.36, 
3937, 3.80, 0.26, 60.37, 
3938, 3.80, 0.26, 60.38, 
3939, 3.80, 0.26, 60.39, 
3940, 3.80, 0.26, 60.40, 
3941, 3.80, 0.26, 60.41, 
3942, 3.80, 0.26, 60.41, 
3943, 3.80, 0.26, 60.42, 
3944, 3.80, 0.26, 60.43, 
3945, 3.79, 0.26, 60.44, 
3946, 3.80, 0.26, 60.45, 
3947, 3.80, 0.26, 60.46, 
3948, 3.80, 0.26, 60.47, 
3949, 3.80, 0.26, 60.48, 
3950, 3.80, 0.26, 60.49, 
3951, 3.80, 0.26, 60.50, 
3952, 3.80, 0.26, 60.51, 
3953, 3.80, 0.26, 60.51, 
3954, 3.80, 0.26, 60.52, 
3955, 3.80, 0.26, 60.53, 
3956, 3.80, 0.26, 60.54, 
3957, 3.80, 0.26, 60.55, 
3958, 3.80, 0.26, 60.56, 
3959, 3.80, 0.26, 60.57, 
3960, 3.80, 0.26, 60.58, 
3961, 3.80, 0.26, 60.59, 
3962, 3.80, 0.26, 60.60, 
3963, 3.80, 0.26, 60.61, 
3964, 3.80, 0.26, 60.61, 
3965, 3.80, 0.26, 60.62, 
3966, 3.80, 0.26, 60.63, 
3967, 3.80, 0.26, 60.64, 
3968, 3.81, 0.26, 60.65, 
3969, 3.80, 0.26, 60.66, 
3970, 3.80, 0.26, 60.67, 
3971, 3.80, 0.26, 60.68, 
3972, 3.80, 0.26, 60.69, 
3973, 3.80, 0.26, 60.70, 
3974, 3.80, 0.26, 60.70, 
3975, 3.80, 0.26, 60.71, 
3976, 3.80, 0.26, 60.72, 
3977, 3.81, 0.26, 60.73, 
3978, 3.81, 0.26, 60.74, 
3979, 3.80, 0.26, 60.75, 
3980, 3.80, 0.26, 60.76, 
3981, 3.81, 0.26, 60.77, 
3982, 3.80, 0.26, 60.78, 
3983, 3.81, 0.26, 60.79, 
3984, 3.80, 0.26, 60.79, 
3985, 3.81, 0.26, 60.80, 
3986, 3.80, 0.26, 60.81, 
3987, 3.81, 0.26, 60.82, 
3988, 3.80, 0.26, 60.83, 
3989, 3.80, 0.26, 60.84, 
3990, 3.81, 0.26, 60.85, 
3991, 3.81, 0.26, 60.86, 
3992, 3.81, 0.26, 60.87, 
3993, 3.81, 0.26, 60.88, 
3994, 3.81, 0.26, 60.88, 
3995, 3.80, 0.26, 60.89, 
3996, 3.81, 0.26, 60.90, 
3997, 3.80, 0.26, 60.91, 
3998, 3.81, 0.26, 60.92, 
3999, 3.80, 0.26, 60.93, 
4000, 3.81, 0.26, 60.94, 
4001, 3.80, 0.26, 60.95, 
4002, 3.81, 0.26, 60.96, 
4003, 3.81, 0.26, 60.96, 
4004, 3.81, 0.26, 60.97, 
4005, 3.80, 0.26, 60.98, 
4006, 3.80, 0.26, 60.99, 
4007, 3.81, 0.26, 61.00, 
4008, 3.81, 0.26, 61.01, 
4009, 3.81, 0.26, 61.02, 
4010, 3.81, 0.25, 61.03, 
4011, 3.81, 0.26, 61.04, 
4012, 3.81, 0.26, 61.04, 
4013, 3.81, 0.26, 61.05, 
4014, 3.80, 0.26, 61.06, 
4015, 3.80, 0.26, 61.07, 
4016, 3.81, 0.26, 61.08, 
4017, 3.80, 0.26, 61.09, 
4018, 3.81, 0.26, 61.10, 
4019, 3.81, 0.25, 61.11, 
4020, 3.81, 0.25, 61.12, 
4021, 3.81, 0.26, 61.12, 
4022, 3.81, 0.26, 61.13, 
4023, 3.81, 0.25, 61.14, 
4024, 3.81, 0.25, 61.15, 
4025, 3.81, 0.25, 61.16, 
4026, 3.81, 0.25, 61.17, 
4027, 3.81, 0.25, 61.18, 
4028, 3.81, 0.25, 61.19, 
4029, 3.81, 0.25, 61.20, 
4030, 3.81, 0.25, 61.20, 
4031, 3.81, 0.25, 61.21, 
4032, 3.81, 0.25, 61.22, 
4033, 3.80, 0.25, 61.23, 
4034, 3.81, 0.25, 61.24, 
4035, 3.81, 0.25, 61.25, 
4036, 3.81, 0.25, 61.26, 
4037, 3.81, 0.25, 61.27, 
4038, 3.82, 0.25, 61.27, 
4039, 3.81, 0.25, 61.28, 
4040, 3.81, 0.25, 61.29, 
4041, 3.81, 0.25, 61.30, 
4042, 3.81, 0.25, 61.31, 
4043, 3.81, 0.25, 61.32, 
4044, 3.81, 0.25, 61.33, 
4045, 3.81, 0.25, 61.34, 
4046, 3.81, 0.25, 61.35, 
4047, 3.81, 0.25, 61.35, 
4048, 3.81, 0.25, 61.36, 
4049, 3.81, 0.25, 61.37, 
4050, 3.81, 0.25, 61.38, 
4051, 3.81, 0.25, 61.39, 
4052, 3.82, 0.25, 61.40, 
4053, 3.81, 0.25, 61.41, 
4054, 3.82, 0.25, 61.42, 
4055, 3.81, 0.25, 61.42, 
4056, 3.81, 0.25, 61.43, 
4057, 3.81, 0.25, 61.44, 
4058, 3.82, 0.25, 61.45, 
4059, 3.82, 0.25, 61.46, 
4060, 3.81, 0.25, 61.47, 
4061, 3.82, 0.25, 61.48, 
4062, 3.82, 0.25, 61.49, 
4063, 3.82, 0.25, 61.49, 
4064, 3.81, 0.25, 61.50, 
4065, 3.81, 0.25, 61.51, 
4066, 3.82, 0.25, 61.52, 
4067, 3.81, 0.25, 61.53, 
4068, 3.82, 0.25, 61.54, 
4069, 3.82, 0.25, 61.55, 
4070, 3.81, 0.25, 61.56, 
4071, 3.82, 0.25, 61.56, 
4072, 3.81, 0.25, 61.57, 
4073, 3.82, 0.25, 61.58, 
4074, 3.81, 0.25, 61.59, 
4075, 3.81, 0.25, 61.60, 
4076, 3.82, 0.25, 61.61, 
4077, 3.82, 0.25, 61.62, 
4078, 3.82, 0.25, 61.63, 
4079, 3.81, 0.25, 61.63, 
4080, 3.81, 0.25, 61.64, 
4081, 3.81, 0.25, 61.65, 
4082, 3.82, 0.25, 61.66, 
4083, 3.82, 0.25, 61.67, 
4084, 3.82, 0.25, 61.68, 
4085, 3.82, 0.25, 61.69, 
4086, 3.81, 0.25, 61.69, 
4087, 3.82, 0.25, 61.70, 
4088, 3.82, 0.25, 61.71, 
4089, 3.82, 0.25, 61.72, 
4090, 3.81, 0.25, 61.73, 
4091, 3.81, 0.25, 61.74, 
4092, 3.82, 0.25, 61.75, 
4093, 3.81, 0.25, 61.76, 
4094, 3.82, 0.25, 61.76, 
4095, 3.81, 0.25, 61.77, 
4096, 3.82, 0.25, 61.78, 
4097, 3.81, 0.25, 61.79, 
4098, 3.82, 0.25, 61.80, 
4099, 3.82, 0.25, 61.81, 
4100, 3.82, 0.25, 61.82, 
4101, 3.82, 0.25, 61.83, 
4102, 3.81, 0.25, 61.83, 
4103, 3.82, 0.25, 61.84, 
4104, 3.82, 0.25, 61.85, 
4105, 3.82, 0.25, 61.86, 
4106, 3.82, 0.25, 61.87, 
4107, 3.82, 0.25, 61.88, 
4108, 3.82, 0.25, 61.89, 
4109, 3.82, 0.25, 61.89, 
4110, 3.82, 0.25, 61.90, 
4111, 3.82, 0.25, 61.91, 
4112, 3.81, 0.25, 61.92, 
4113, 3.82, 0.25, 61.93, 
4114, 3.82, 0.25, 61.94, 
4115, 3.82, 0.25, 61.95, 
4116, 3.82, 0.25, 61.95, 
4117, 3.82, 0.25, 61.96, 
4118, 3.82, 0.25, 61.97, 
4119, 3.83, 0.25, 61.98, 
4120, 3.82, 0.25, 61.99, 
4121, 3.82, 0.25, 62.00, 
4122, 3.82, 0.25, 62.01, 
4123, 3.82, 0.25, 62.01, 
4124, 3.82, 0.25, 62.02, 
4125, 3.82, 0.25, 62.03, 
4126, 3.82, 0.25, 62.04, 
4127, 3.82, 0.25, 62.05, 
4128, 3.83, 0.25, 62.06, 
4129, 3.82, 0.25, 62.07, 
4130, 3.82, 0.25, 62.07, 
4131, 3.82, 0.25, 62.08, 
4132, 3.82, 0.25, 62.09, 
4133, 3.83, 0.25, 62.10, 
4134, 3.82, 0.25, 62.11, 
4135, 3.83, 0.25, 62.12, 
4136, 3.82, 0.25, 62.13, 
4137, 3.82, 0.25, 62.13, 
4138, 3.82, 0.25, 62.14, 
4139, 3.82, 0.25, 62.15, 
4140, 3.82, 0.25, 62.16, 
4141, 3.82, 0.25, 62.17, 
4142, 3.82, 0.25, 62.18, 
4143, 3.83, 0.25, 62.19, 
4144, 3.82, 0.25, 62.19, 
4145, 3.82, 0.25, 62.20, 
4146, 3.82, 0.25, 62.21, 
4147, 3.82, 0.25, 62.22, 
4148, 3.82, 0.25, 62.23, 
4149, 3.82, 0.25, 62.24, 
4150, 3.83, 0.25, 62.25, 
4151, 3.83, 0.24, 62.25, 
4152, 3.83, 0.25, 62.26, 
4153, 3.82, 0.25, 62.27, 
4154, 3.82, 0.25, 62.28, 
4155, 3.82, 0.25, 62.29, 
4156, 3.83, 0.25, 62.30, 
4157, 3.83, 0.24, 62.31, 
4158, 3.82, 0.24, 62.31, 
4159, 3.83, 0.24, 62.32, 
4160, 3.83, 0.24, 62.33, 
4161, 3.82, 0.24, 62.34, 
4162, 3.82, 0.24, 62.35, 
4163, 3.83, 0.24, 62.36, 
4164, 3.83, 0.24, 62.36, 
4165, 3.83, 0.24, 62.37, 
4166, 3.82, 0.24, 62.38, 
4167, 3.82, 0.24, 62.39, 
4168, 3.82, 0.24, 62.40, 
4169, 3.82, 0.24, 62.41, 
4170, 3.82, 0.24, 62.42, 
4171, 3.82, 0.24, 62.42, 
4172, 3.82, 0.24, 62.43, 
4173, 3.83, 0.24, 62.44, 
4174, 3.83, 0.24, 62.45, 
4175, 3.82, 0.24, 62.46, 
4176, 3.82, 0.24, 62.47, 
4177, 3.82, 0.24, 62.47, 
4178, 3.83, 0.24, 62.48, 
4179, 3.83, 0.24, 62.49, 
4180, 3.83, 0.24, 62.50, 
4181, 3.82, 0.24, 62.51, 
4182, 3.83, 0.24, 62.52, 
4183, 3.83, 0.24, 62.53, 
4184, 3.82, 0.24, 62.53, 
4185, 3.83, 0.24, 62.54, 
4186, 3.83, 0.24, 62.55, 
4187, 3.83, 0.24, 62.56, 
4188, 3.83, 0.24, 62.57, 
4189, 3.83, 0.24, 62.58, 
4190, 3.83, 0.24, 62.58, 
4191, 3.83, 0.24, 62.59, 
4192, 3.83, 0.24, 62.60, 
4193, 3.83, 0.24, 62.61, 
4194, 3.83, 0.24, 62.62, 
4195, 3.83, 0.24, 62.63, 
4196, 3.83, 0.24, 62.63, 
4197, 3.83, 0.24, 62.64, 
4198, 3.83, 0.24, 62.65, 
4199, 3.83, 0.24, 62.66, 
4200, 3.83, 0.24, 62.67, 
4201, 3.83, 0.24, 62.68, 
4202, 3.83, 0.24, 62.68, 
4203, 3.83, 0.24, 62.69, 
4204, 3.83, 0.24, 62.70, 
4205, 3.83, 0.24, 62.71, 
4206, 3.83, 0.24, 62.72, 
4207, 3.83, 0.24, 62.73, 
4208, 3.83, 0.24, 62.74, 
4209, 3.83, 0.24, 62.74, 
4210, 3.83, 0.24, 62.75, 
4211, 3.83, 0.24, 62.76, 
4212, 3.83, 0.24, 62.77, 
4213, 3.83, 0.24, 62.78, 
4214, 3.84, 0.24, 62.79, 
4215, 3.84, 0.24, 62.79, 
4216, 3.83, 0.24, 62.80, 
4217, 3.83, 0.24, 62.81, 
4218, 3.83, 0.24, 62.82, 
4219, 3.83, 0.24, 62.83, 
4220, 3.83, 0.24, 62.84, 
4221, 3.83, 0.24, 62.84, 
4222, 3.83, 0.24, 62.85, 
4223, 3.83, 0.24, 62.86, 
4224, 3.83, 0.24, 62.87, 
4225, 3.84, 0.24, 62.88, 
4226, 3.83, 0.24, 62.89, 
4227, 3.83, 0.24, 62.89, 
4228, 3.83, 0.24, 62.90, 
4229, 3.83, 0.24, 62.91, 
4230, 3.83, 0.24, 62.92, 
4231, 3.83, 0.24, 62.93, 
4232, 3.83, 0.24, 62.93, 
4233, 3.83, 0.24, 62.94, 
4234, 3.83, 0.24, 62.95, 
4235, 3.83, 0.24, 62.96, 
4236, 3.83, 0.24, 62.97, 
4237, 3.83, 0.24, 62.98, 
4238, 3.83, 0.24, 62.98, 
4239, 3.83, 0.24, 62.99, 
4240, 3.83, 0.24, 63.00, 
4241, 3.83, 0.24, 63.01, 
4242, 3.83, 0.24, 63.02, 
4243, 3.83, 0.24, 63.03, 
4244, 3.83, 0.24, 63.03, 
4245, 3.83, 0.24, 63.04, 
4246, 3.83, 0.24, 63.05, 
4247, 3.83, 0.24, 63.06, 
4248, 3.84, 0.24, 63.07, 
4249, 3.84, 0.24, 63.08, 
4250, 3.84, 0.24, 63.08, 
4251, 3.84, 0.24, 63.09, 
4252, 3.83, 0.24, 63.10, 
4253, 3.84, 0.24, 63.11, 
4254, 3.84, 0.24, 63.12, 
4255, 3.83, 0.24, 63.13, 
4256, 3.83, 0.24, 63.13, 
4257, 3.84, 0.24, 63.14, 
4258, 3.84, 0.24, 63.15, 
4259, 3.84, 0.24, 63.16, 
4260, 3.84, 0.24, 63.17, 
4261, 3.84, 0.24, 63.17, 
4262, 3.84, 0.24, 63.18, 
4263, 3.84, 0.24, 63.19, 
4264, 3.84, 0.24, 63.20, 
4265, 3.84, 0.24, 63.21, 
4266, 3.84, 0.24, 63.22, 
4267, 3.84, 0.24, 63.22, 
4268, 3.83, 0.24, 63.23, 
4269, 3.84, 0.24, 63.24, 
4270, 3.84, 0.24, 63.25, 
4271, 3.84, 0.24, 63.26, 
4272, 3.84, 0.24, 63.26, 
4273, 3.84, 0.24, 63.27, 
4274, 3.84, 0.24, 63.28, 
4275, 3.84, 0.24, 63.29, 
4276, 3.84, 0.24, 63.30, 
4277, 3.84, 0.24, 63.31, 
4278, 3.84, 0.24, 63.31, 
4279, 3.84, 0.24, 63.32, 
4280, 3.84, 0.23, 63.33, 
4281, 3.84, 0.23, 63.34, 
4282, 3.84, 0.23, 63.35, 
4283, 3.84, 0.24, 63.35, 
4284, 3.84, 0.24, 63.36, 
4285, 3.84, 0.24, 63.37, 
4286, 3.84, 0.23, 63.38, 
4287, 3.84, 0.23, 63.39, 
4288, 3.84, 0.23, 63.40, 
4289, 3.84, 0.23, 63.40, 
4290, 3.85, 0.23, 63.41, 
4291, 3.84, 0.23, 63.42, 
4292, 3.83, 0.24, 63.43, 
4293, 3.84, 0.23, 63.44, 
4294, 3.84, 0.23, 63.44, 
4295, 3.84, 0.23, 63.45, 
4296, 3.84, 0.23, 63.46, 
4297, 3.84, 0.23, 63.47, 
4298, 3.84, 0.23, 63.48, 
4299, 3.84, 0.23, 63.48, 
4300, 3.85, 0.23, 63.49, 
4301, 3.84, 0.23, 63.50, 
4302, 3.84, 0.23, 63.51, 
4303, 3.84, 0.23, 63.52, 
4304, 3.84, 0.23, 63.53, 
4305, 3.84, 0.23, 63.53, 
4306, 3.84, 0.23, 63.54, 
4307, 3.85, 0.23, 63.55, 
4308, 3.84, 0.23, 63.56, 
4309, 3.84, 0.23, 63.57, 
4310, 3.84, 0.23, 63.57, 
4311, 3.84, 0.23, 63.58, 
4312, 3.84, 0.23, 63.59, 
4313, 3.84, 0.23, 63.60, 
4314, 3.85, 0.23, 63.61, 
4315, 3.84, 0.23, 63.61, 
4316, 3.84, 0.23, 63.62, 
4317, 3.84, 0.23, 63.63, 
4318, 3.84, 0.23, 63.64, 
4319, 3.84, 0.23, 63.65, 
4320, 3.85, 0.23, 63.65, 
4321, 3.84, 0.23, 63.66, 
4322, 3.84, 0.23, 63.67, 
4323, 3.84, 0.23, 63.68, 
4324, 3.84, 0.23, 63.69, 
4325, 3.84, 0.23, 63.69, 
4326, 3.85, 0.23, 63.70, 
4327, 3.85, 0.23, 63.71, 
4328, 3.85, 0.23, 63.72, 
4329, 3.85, 0.23, 63.73, 
4330, 3.85, 0.23, 63.74, 
4331, 3.84, 0.23, 63.74, 
4332, 3.85, 0.23, 63.75, 
4333, 3.84, 0.23, 63.76, 
4334, 3.85, 0.23, 63.77, 
4335, 3.84, 0.23, 63.78, 
4336, 3.84, 0.23, 63.78, 
4337, 3.85, 0.23, 63.79, 
4338, 3.84, 0.23, 63.80, 
4339, 3.85, 0.23, 63.81, 
4340, 3.85, 0.23, 63.82, 
4341, 3.85, 0.23, 63.82, 
4342, 3.85, 0.23, 63.83, 
4343, 3.85, 0.23, 63.84, 
4344, 3.84, 0.23, 63.85, 
4345, 3.85, 0.23, 63.86, 
4346, 3.85, 0.23, 63.86, 
4347, 3.85, 0.23, 63.87, 
4348, 3.85, 0.23, 63.88, 
4349, 3.84, 0.23, 63.89, 
4350, 3.84, 0.23, 63.90, 
4351, 3.85, 0.23, 63.90, 
4352, 3.84, 0.23, 63.91, 
4353, 3.85, 0.23, 63.92, 
4354, 3.85, 0.23, 63.93, 
4355, 3.85, 0.23, 63.94, 
4356, 3.85, 0.23, 63.94, 
4357, 3.85, 0.23, 63.95, 
4358, 3.85, 0.23, 63.96, 
4359, 3.84, 0.23, 63.97, 
4360, 3.85, 0.23, 63.98, 
4361, 3.85, 0.23, 63.98, 
4362, 3.85, 0.23, 63.99, 
4363, 3.85, 0.23, 64.00, 
4364, 3.85, 0.23, 64.01, 
4365, 3.85, 0.23, 64.01, 
4366, 3.85, 0.23, 64.02, 
4367, 3.85, 0.23, 64.03, 
4368, 3.85, 0.23, 64.04, 
4369, 3.85, 0.23, 64.05, 
4370, 3.85, 0.23, 64.05, 
4371, 3.85, 0.23, 64.06, 
4372, 3.85, 0.23, 64.07, 
4373, 3.85, 0.23, 64.08, 
4374, 3.86, 0.23, 64.09, 
4375, 3.85, 0.23, 64.09, 
4376, 3.85, 0.23, 64.10, 
4377, 3.85, 0.23, 64.11, 
4378, 3.85, 0.23, 64.12, 
4379, 3.85, 0.23, 64.13, 
4380, 3.85, 0.23, 64.13, 
4381, 3.85, 0.23, 64.14, 
4382, 3.85, 0.23, 64.15, 
4383, 3.85, 0.23, 64.16, 
4384, 3.85, 0.23, 64.17, 
4385, 3.85, 0.23, 64.17, 
4386, 3.85, 0.23, 64.18, 
4387, 3.85, 0.23, 64.19, 
4388, 3.85, 0.23, 64.20, 
4389, 3.85, 0.23, 64.20, 
4390, 3.86, 0.23, 64.21, 
4391, 3.85, 0.23, 64.22, 
4392, 3.85, 0.23, 64.23, 
4393, 3.85, 0.23, 64.24, 
4394, 3.85, 0.23, 64.24, 
4395, 3.85, 0.23, 64.25, 
4396, 3.85, 0.23, 64.26, 
4397, 3.85, 0.23, 64.27, 
4398, 3.85, 0.23, 64.28, 
4399, 3.85, 0.23, 64.28, 
4400, 3.85, 0.23, 64.29, 
4401, 3.85, 0.23, 64.30, 
4402, 3.85, 0.23, 64.31, 
4403, 3.85, 0.23, 64.31, 
4404, 3.85, 0.23, 64.32, 
4405, 3.85, 0.23, 64.33, 
4406, 3.85, 0.23, 64.34, 
4407, 3.85, 0.22, 64.35, 
4408, 3.85, 0.23, 64.35, 
4409, 3.85, 0.23, 64.36, 
4410, 3.85, 0.23, 64.37, 
4411, 3.85, 0.23, 64.38, 
4412, 3.85, 0.23, 64.39, 
4413, 3.86, 0.22, 64.39, 
4414, 3.85, 0.23, 64.40, 
4415, 3.85, 0.22, 64.41, 
4416, 3.85, 0.22, 64.42, 
4417, 3.85, 0.23, 64.42, 
4418, 3.84, 0.22, 64.43, 
4419, 3.86, 0.22, 64.44, 
4420, 3.86, 0.22, 64.45, 
4421, 3.86, 0.22, 64.46, 
4422, 3.86, 0.22, 64.46, 
4423, 3.85, 0.22, 64.47, 
4424, 3.86, 0.22, 64.48, 
4425, 3.86, 0.22, 64.49, 
4426, 3.86, 0.22, 64.49, 
4427, 3.86, 0.22, 64.50, 
4428, 3.86, 0.22, 64.51, 
4429, 3.86, 0.22, 64.52, 
4430, 3.85, 0.22, 64.53, 
4431, 3.86, 0.22, 64.53, 
4432, 3.85, 0.22, 64.54, 
4433, 3.85, 0.22, 64.55, 
4434, 3.86, 0.22, 64.56, 
4435, 3.86, 0.22, 64.56, 
4436, 3.86, 0.22, 64.57, 
4437, 3.85, 0.22, 64.58, 
4438, 3.85, 0.22, 64.59, 
4439, 3.86, 0.22, 64.60, 
4440, 3.86, 0.22, 64.60, 
4441, 3.85, 0.22, 64.61, 
4442, 3.87, 0.22, 64.62, 
4443, 3.85, 0.22, 64.63, 
4444, 3.86, 0.22, 64.63, 
4445, 3.85, 0.22, 64.64, 
4446, 3.86, 0.22, 64.65, 
4447, 3.86, 0.22, 64.66, 
4448, 3.85, 0.22, 64.67, 
4449, 3.86, 0.22, 64.67, 
4450, 3.86, 0.22, 64.68, 
4451, 3.85, 0.22, 64.69, 
4452, 3.85, 0.22, 64.70, 
4453, 3.86, 0.22, 64.70, 
4454, 3.85, 0.22, 64.71, 
4455, 3.85, 0.22, 64.72, 
4456, 3.86, 0.22, 64.73, 
4457, 3.85, 0.22, 64.74, 
4458, 3.86, 0.22, 64.74, 
4459, 3.85, 0.22, 64.75, 
4460, 3.86, 0.22, 64.76, 
4461, 3.85, 0.22, 64.77, 
4462, 3.86, 0.22, 64.77, 
4463, 3.86, 0.22, 64.78, 
4464, 3.86, 0.22, 64.79, 
4465, 3.86, 0.22, 64.80, 
4466, 3.87, 0.22, 64.80, 
4467, 3.86, 0.22, 64.81, 
4468, 3.86, 0.22, 64.82, 
4469, 3.86, 0.22, 64.83, 
4470, 3.86, 0.22, 64.84, 
4471, 3.86, 0.22, 64.84, 
4472, 3.85, 0.22, 64.85, 
4473, 3.85, 0.22, 64.86, 
4474, 3.86, 0.22, 64.87, 
4475, 3.87, 0.22, 64.87, 
4476, 3.86, 0.22, 64.88, 
4477, 3.86, 0.22, 64.89, 
4478, 3.86, 0.22, 64.90, 
4479, 3.86, 0.22, 64.90, 
4480, 3.86, 0.22, 64.91, 
4481, 3.86, 0.22, 64.92, 
4482, 3.86, 0.22, 64.93, 
4483, 3.86, 0.22, 64.94, 
4484, 3.86, 0.22, 64.94, 
4485, 3.87, 0.22, 64.95, 
4486, 3.86, 0.22, 64.96, 
4487, 3.86, 0.22, 64.97, 
4488, 3.86, 0.22, 64.97, 
4489, 3.86, 0.22, 64.98, 
4490, 3.86, 0.22, 64.99, 
4491, 3.86, 0.22, 65.00, 
4492, 3.86, 0.22, 65.00, 
4493, 3.86, 0.22, 65.01, 
4494, 3.86, 0.22, 65.02, 
4495, 3.86, 0.22, 65.03, 
4496, 3.87, 0.22, 65.03, 
4497, 3.86, 0.22, 65.04, 
4498, 3.86, 0.22, 65.05, 
4499, 3.86, 0.22, 65.06, 
4500, 3.87, 0.22, 65.06, 
4501, 3.87, 0.22, 65.07, 
4502, 3.87, 0.22, 65.08, 
4503, 3.86, 0.22, 65.09, 
4504, 3.87, 0.22, 65.10, 
4505, 3.86, 0.22, 65.10, 
4506, 3.87, 0.22, 65.11, 
4507, 3.87, 0.22, 65.12, 
4508, 3.86, 0.22, 65.13, 
4509, 3.87, 0.22, 65.13, 
4510, 3.87, 0.22, 65.14, 
4511, 3.87, 0.22, 65.15, 
4512, 3.87, 0.22, 65.16, 
4513, 3.86, 0.22, 65.16, 
4514, 3.86, 0.22, 65.17, 
4515, 3.87, 0.22, 65.18, 
4516, 3.87, 0.22, 65.19, 
4517, 3.86, 0.22, 65.19, 
4518, 3.87, 0.22, 65.20, 
4519, 3.87, 0.22, 65.21, 
4520, 3.86, 0.22, 65.22, 
4521, 3.86, 0.22, 65.22, 
4522, 3.87, 0.22, 65.23, 
4523, 3.86, 0.22, 65.24, 
4524, 3.87, 0.22, 65.25, 
4525, 3.87, 0.22, 65.25, 
4526, 3.87, 0.22, 65.26, 
4527, 3.86, 0.22, 65.27, 
4528, 3.87, 0.22, 65.28, 
4529, 3.87, 0.22, 65.28, 
4530, 3.87, 0.22, 65.29, 
4531, 3.87, 0.22, 65.30, 
4532, 3.87, 0.22, 65.31, 
4533, 3.87, 0.22, 65.31, 
4534, 3.86, 0.22, 65.32, 
4535, 3.86, 0.22, 65.33, 
4536, 3.87, 0.22, 65.34, 
4537, 3.87, 0.22, 65.34, 
4538, 3.87, 0.22, 65.35, 
4539, 3.87, 0.22, 65.36, 
4540, 3.87, 0.22, 65.37, 
4541, 3.87, 0.22, 65.37, 
4542, 3.87, 0.22, 65.38, 
4543, 3.87, 0.22, 65.39, 
4544, 3.87, 0.22, 65.40, 
4545, 3.87, 0.22, 65.40, 
4546, 3.87, 0.22, 65.41, 
4547, 3.87, 0.22, 65.42, 
4548, 3.87, 0.22, 65.43, 
4549, 3.87, 0.22, 65.43, 
4550, 3.86, 0.21, 65.44, 
4551, 3.87, 0.22, 65.45, 
4552, 3.87, 0.22, 65.46, 
4553, 3.88, 0.22, 65.46, 
4554, 3.86, 0.22, 65.47, 
4555, 3.87, 0.22, 65.48, 
4556, 3.87, 0.22, 65.49, 
4557, 3.87, 0.22, 65.49, 
4558, 3.87, 0.22, 65.50, 
4559, 3.87, 0.22, 65.51, 
4560, 3.87, 0.21, 65.52, 
4561, 3.87, 0.21, 65.52, 
4562, 3.87, 0.21, 65.53, 
4563, 3.87, 0.21, 65.54, 
4564, 3.87, 0.22, 65.55, 
4565, 3.87, 0.21, 65.55, 
4566, 3.87, 0.21, 65.56, 
4567, 3.87, 0.21, 65.57, 
4568, 3.88, 0.21, 65.58, 
4569, 3.87, 0.21, 65.58, 
4570, 3.87, 0.21, 65.59, 
4571, 3.88, 0.21, 65.60, 
4572, 3.87, 0.21, 65.61, 
4573, 3.87, 0.21, 65.61, 
4574, 3.87, 0.21, 65.62, 
4575, 3.87, 0.21, 65.63, 
4576, 3.86, 0.21, 65.64, 
4577, 3.87, 0.21, 65.64, 
4578, 3.87, 0.21, 65.65, 
4579, 3.87, 0.21, 65.66, 
4580, 3.87, 0.21, 65.67, 
4581, 3.88, 0.21, 65.67, 
4582, 3.87, 0.21, 65.68, 
4583, 3.87, 0.21, 65.69, 
4584, 3.88, 0.21, 65.70, 
4585, 3.88, 0.21, 65.70, 
4586, 3.88, 0.21, 65.71, 
4587, 3.88, 0.21, 65.72, 
4588, 3.87, 0.21, 65.72, 
4589, 3.88, 0.21, 65.73, 
4590, 3.87, 0.21, 65.74, 
4591, 3.87, 0.21, 65.75, 
4592, 3.87, 0.21, 65.75, 
4593, 3.87, 0.21, 65.76, 
4594, 3.87, 0.21, 65.77, 
4595, 3.87, 0.21, 65.78, 
4596, 3.88, 0.21, 65.78, 
4597, 3.87, 0.21, 65.79, 
4598, 3.88, 0.21, 65.80, 
4599, 3.87, 0.21, 65.81, 
4600, 3.88, 0.21, 65.81, 
4601, 3.87, 0.21, 65.82, 
4602, 3.87, 0.21, 65.83, 
4603, 3.87, 0.21, 65.83, 
4604, 3.88, 0.21, 65.84, 
4605, 3.88, 0.21, 65.85, 
4606, 3.87, 0.21, 65.86, 
4607, 3.87, 0.21, 65.86, 
4608, 3.87, 0.21, 65.87, 
4609, 3.88, 0.21, 65.88, 
4610, 3.87, 0.21, 65.89, 
4611, 3.87, 0.21, 65.89, 
4612, 3.88, 0.21, 65.90, 
4613, 3.87, 0.21, 65.91, 
4614, 3.88, 0.21, 65.92, 
4615, 3.88, 0.21, 65.92, 
4616, 3.88, 0.21, 65.93, 
4617, 3.87, 0.21, 65.94, 
4618, 3.88, 0.21, 65.94, 
4619, 3.88, 0.21, 65.95, 
4620, 3.87, 0.21, 65.96, 
4621, 3.88, 0.21, 65.97, 
4622, 3.87, 0.21, 65.97, 
4623, 3.88, 0.21, 65.98, 
4624, 3.87, 0.21, 65.99, 
4625, 3.88, 0.21, 66.00, 
4626, 3.88, 0.21, 66.00, 
4627, 3.88, 0.21, 66.01, 
4628, 3.88, 0.21, 66.02, 
4629, 3.88, 0.21, 66.02, 
4630, 3.88, 0.21, 66.03, 
4631, 3.88, 0.21, 66.04, 
4632, 3.88, 0.21, 66.05, 
4633, 3.87, 0.21, 66.05, 
4634, 3.88, 0.21, 66.06, 
4635, 3.87, 0.21, 66.07, 
4636, 3.88, 0.21, 66.08, 
4637, 3.88, 0.21, 66.08, 
4638, 3.88, 0.21, 66.09, 
4639, 3.88, 0.21, 66.10, 
4640, 3.88, 0.21, 66.10, 
4641, 3.88, 0.21, 66.11, 
4642, 3.88, 0.21, 66.12, 
4643, 3.87, 0.21, 66.13, 
4644, 3.88, 0.21, 66.13, 
4645, 3.88, 0.21, 66.14, 
4646, 3.88, 0.21, 66.15, 
4647, 3.88, 0.21, 66.16, 
4648, 3.88, 0.21, 66.16, 
4649, 3.87, 0.21, 66.17, 
4650, 3.88, 0.21, 66.18, 
4651, 3.88, 0.21, 66.18, 
4652, 3.88, 0.21, 66.19, 
4653, 3.88, 0.21, 66.20, 
4654, 3.88, 0.21, 66.21, 
4655, 3.88, 0.21, 66.21, 
4656, 3.88, 0.21, 66.22, 
4657, 3.88, 0.21, 66.23, 
4658, 3.88, 0.21, 66.24, 
4659, 3.88, 0.21, 66.24, 
4660, 3.88, 0.21, 66.25, 
4661, 3.88, 0.21, 66.26, 
4662, 3.88, 0.21, 66.26, 
4663, 3.88, 0.21, 66.27, 
4664, 3.88, 0.21, 66.28, 
4665, 3.88, 0.21, 66.29, 
4666, 3.88, 0.21, 66.29, 
4667, 3.88, 0.21, 66.30, 
4668, 3.88, 0.21, 66.31, 
4669, 3.88, 0.21, 66.31, 
4670, 3.88, 0.21, 66.32, 
4671, 3.88, 0.21, 66.33, 
4672, 3.88, 0.21, 66.34, 
4673, 3.88, 0.21, 66.34, 
4674, 3.88, 0.21, 66.35, 
4675, 3.88, 0.21, 66.36, 
4676, 3.89, 0.21, 66.37, 
4677, 3.88, 0.21, 66.37, 
4678, 3.88, 0.21, 66.38, 
4679, 3.88, 0.21, 66.39, 
4680, 3.88, 0.21, 66.39, 
4681, 3.88, 0.21, 66.40, 
4682, 3.88, 0.21, 66.41, 
4683, 3.88, 0.21, 66.42, 
4684, 3.88, 0.21, 66.42, 
4685, 3.89, 0.21, 66.43, 
4686, 3.89, 0.21, 66.44, 
4687, 3.88, 0.21, 66.44, 
4688, 3.89, 0.21, 66.45, 
4689, 3.88, 0.21, 66.46, 
4690, 3.87, 0.21, 66.47, 
4691, 3.89, 0.21, 66.47, 
4692, 3.89, 0.21, 66.48, 
4693, 3.88, 0.20, 66.49, 
4694, 3.88, 0.20, 66.49, 
4695, 3.88, 0.21, 66.50, 
4696, 3.88, 0.20, 66.51, 
4697, 3.88, 0.21, 66.52, 
4698, 3.88, 0.21, 66.52, 
4699, 3.89, 0.20, 66.53, 
4700, 3.88, 0.20, 66.54, 
4701, 3.88, 0.21, 66.54, 
4702, 3.89, 0.20, 66.55, 
4703, 3.88, 0.20, 66.56, 
4704, 3.88, 0.21, 66.57, 
4705, 3.89, 0.21, 66.57, 
4706, 3.88, 0.20, 66.58, 
4707, 3.88, 0.20, 66.59, 
4708, 3.89, 0.20, 66.59, 
4709, 3.88, 0.20, 66.60, 
4710, 3.89, 0.20, 66.61, 
4711, 3.89, 0.20, 66.61, 
4712, 3.88, 0.20, 66.62, 
4713, 3.88, 0.20, 66.63, 
4714, 3.89, 0.20, 66.64, 
4715, 3.89, 0.20, 66.64, 
4716, 3.89, 0.20, 66.65, 
4717, 3.89, 0.20, 66.66, 
4718, 3.89, 0.20, 66.66, 
4719, 3.89, 0.20, 66.67, 
4720, 3.89, 0.20, 66.68, 
4721, 3.89, 0.20, 66.69, 
4722, 3.89, 0.20, 66.69, 
4723, 3.89, 0.20, 66.70, 
4724, 3.88, 0.20, 66.71, 
4725, 3.89, 0.20, 66.71, 
4726, 3.89, 0.20, 66.72, 
4727, 3.90, 0.20, 66.73, 
4728, 3.89, 0.20, 66.74, 
4729, 3.89, 0.20, 66.74, 
4730, 3.89, 0.20, 66.75, 
4731, 3.89, 0.20, 66.76, 
4732, 3.88, 0.20, 66.76, 
4733, 3.89, 0.20, 66.77, 
4734, 3.89, 0.20, 66.78, 
4735, 3.89, 0.20, 66.78, 
4736, 3.89, 0.20, 66.79, 
4737, 3.89, 0.20, 66.80, 
4738, 3.89, 0.20, 66.81, 
4739, 3.89, 0.20, 66.81, 
4740, 3.89, 0.20, 66.82, 
4741, 3.89, 0.20, 66.83, 
4742, 3.89, 0.20, 66.83, 
4743, 3.89, 0.20, 66.84, 
4744, 3.89, 0.20, 66.85, 
4745, 3.89, 0.20, 66.85, 
4746, 3.88, 0.20, 66.86, 
4747, 3.89, 0.20, 66.87, 
4748, 3.89, 0.20, 66.88, 
4749, 3.89, 0.20, 66.88, 
4750, 3.89, 0.20, 66.89, 
4751, 3.89, 0.20, 66.90, 
4752, 3.89, 0.20, 66.90, 
4753, 3.89, 0.20, 66.91, 
4754, 3.88, 0.20, 66.92, 
4755, 3.88, 0.20, 66.92, 
4756, 3.90, 0.20, 66.93, 
4757, 3.89, 0.20, 66.94, 
4758, 3.89, 0.20, 66.95, 
4759, 3.89, 0.20, 66.95, 
4760, 3.89, 0.20, 66.96, 
4761, 3.89, 0.20, 66.97, 
4762, 3.89, 0.20, 66.97, 
4763, 3.89, 0.20, 66.98, 
4764, 3.89, 0.20, 66.99, 
4765, 3.90, 0.20, 66.99, 
4766, 3.90, 0.20, 67.00, 
4767, 3.90, 0.20, 67.01, 
4768, 3.89, 0.20, 67.02, 
4769, 3.89, 0.20, 67.02, 
4770, 3.88, 0.20, 67.03, 
4771, 3.89, 0.20, 67.04, 
4772, 3.89, 0.20, 67.04, 
4773, 3.89, 0.20, 67.05, 
4774, 3.90, 0.20, 67.06, 
4775, 3.90, 0.20, 67.06, 
4776, 3.89, 0.20, 67.07, 
4777, 3.89, 0.20, 67.08, 
4778, 3.90, 0.20, 67.09, 
4779, 3.89, 0.20, 67.09, 
4780, 3.89, 0.20, 67.10, 
4781, 3.89, 0.20, 67.11, 
4782, 3.89, 0.20, 67.11, 
4783, 3.89, 0.20, 67.12, 
4784, 3.90, 0.20, 67.13, 
4785, 3.89, 0.20, 67.13, 
4786, 3.90, 0.20, 67.14, 
4787, 3.89, 0.20, 67.15, 
4788, 3.90, 0.20, 67.15, 
4789, 3.89, 0.20, 67.16, 
4790, 3.90, 0.20, 67.17, 
4791, 3.89, 0.20, 67.18, 
4792, 3.89, 0.20, 67.18, 
4793, 3.90, 0.20, 67.19, 
4794, 3.89, 0.20, 67.20, 
4795, 3.89, 0.20, 67.20, 
4796, 3.90, 0.20, 67.21, 
4797, 3.90, 0.20, 67.22, 
4798, 3.90, 0.20, 67.22, 
4799, 3.90, 0.20, 67.23, 
4800, 3.89, 0.20, 67.24, 
4801, 3.89, 0.20, 67.24, 
4802, 3.89, 0.20, 67.25, 
4803, 3.89, 0.20, 67.26, 
4804, 3.89, 0.20, 67.26, 
4805, 3.89, 0.20, 67.27, 
4806, 3.90, 0.20, 67.28, 
4807, 3.90, 0.20, 67.29, 
4808, 3.90, 0.20, 67.29, 
4809, 3.90, 0.20, 67.30, 
4810, 3.89, 0.20, 67.31, 
4811, 3.89, 0.20, 67.31, 
4812, 3.90, 0.20, 67.32, 
4813, 3.89, 0.20, 67.33, 
4814, 3.89, 0.20, 67.33, 
4815, 3.90, 0.20, 67.34, 
4816, 3.89, 0.20, 67.35, 
4817, 3.90, 0.20, 67.35, 
4818, 3.89, 0.20, 67.36, 
4819, 3.89, 0.20, 67.37, 
4820, 3.90, 0.20, 67.37, 
4821, 3.90, 0.20, 67.38, 
4822, 3.89, 0.20, 67.39, 
4823, 3.89, 0.20, 67.40, 
4824, 3.90, 0.20, 67.40, 
4825, 3.89, 0.20, 67.41, 
4826, 3.89, 0.20, 67.42, 
4827, 3.89, 0.20, 67.42, 
4828, 3.90, 0.20, 67.43, 
4829, 3.90, 0.20, 67.44, 
4830, 3.90, 0.20, 67.44, 
4831, 3.90, 0.20, 67.45, 
4832, 3.90, 0.20, 67.46, 
4833, 3.89, 0.20, 67.46, 
4834, 3.90, 0.20, 67.47, 
4835, 3.90, 0.20, 67.48, 
4836, 3.90, 0.20, 67.48, 
4837, 3.90, 0.19, 67.49, 
4838, 3.90, 0.20, 67.50, 
4839, 3.90, 0.20, 67.50, 
4840, 3.90, 0.20, 67.51, 
4841, 3.89, 0.20, 67.52, 
4842, 3.90, 0.20, 67.52, 
4843, 3.90, 0.20, 67.53, 
4844, 3.90, 0.19, 67.54, 
4845, 3.90, 0.20, 67.55, 
4846, 3.90, 0.20, 67.55, 
4847, 3.91, 0.19, 67.56, 
4848, 3.89, 0.20, 67.57, 
4849, 3.89, 0.19, 67.57, 
4850, 3.89, 0.19, 67.58, 
4851, 3.90, 0.19, 67.59, 
4852, 3.91, 0.19, 67.59, 
4853, 3.89, 0.19, 67.60, 
4854, 3.91, 0.19, 67.61, 
4855, 3.89, 0.19, 67.61, 
4856, 3.90, 0.19, 67.62, 
4857, 3.90, 0.19, 67.63, 
4858, 3.90, 0.19, 67.63, 
4859, 3.89, 0.19, 67.64, 
4860, 3.89, 0.19, 67.65, 
4861, 3.90, 0.19, 67.65, 
4862, 3.90, 0.19, 67.66, 
4863, 3.90, 0.19, 67.67, 
4864, 3.91, 0.19, 67.67, 
4865, 3.90, 0.19, 67.68, 
4866, 3.90, 0.19, 67.69, 
4867, 3.90, 0.19, 67.69, 
4868, 3.90, 0.19, 67.70, 
4869, 3.90, 0.19, 67.71, 
4870, 3.89, 0.19, 67.71, 
4871, 3.90, 0.19, 67.72, 
4872, 3.91, 0.19, 67.73, 
4873, 3.90, 0.19, 67.73, 
4874, 3.90, 0.19, 67.74, 
4875, 3.90, 0.19, 67.75, 
4876, 3.91, 0.19, 67.75, 
4877, 3.90, 0.19, 67.76, 
4878, 3.91, 0.19, 67.77, 
4879, 3.90, 0.19, 67.77, 
4880, 3.90, 0.19, 67.78, 
4881, 3.90, 0.19, 67.79, 
4882, 3.90, 0.19, 67.79, 
4883, 3.91, 0.19, 67.80, 
4884, 3.90, 0.19, 67.81, 
4885, 3.90, 0.19, 67.81, 
4886, 3.90, 0.19, 67.82, 
4887, 3.91, 0.19, 67.83, 
4888, 3.91, 0.19, 67.83, 
4889, 3.90, 0.19, 67.84, 
4890, 3.90, 0.19, 67.85, 
4891, 3.91, 0.19, 67.85, 
4892, 3.90, 0.19, 67.86, 
4893, 3.91, 0.19, 67.87, 
4894, 3.90, 0.19, 67.88, 
4895, 3.90, 0.19, 67.88, 
4896, 3.91, 0.19, 67.89, 
4897, 3.90, 0.19, 67.90, 
4898, 3.90, 0.19, 67.90, 
4899, 3.90, 0.19, 67.91, 
4900, 3.90, 0.19, 67.92, 
4901, 3.90, 0.19, 67.92, 
4902, 3.91, 0.19, 67.93, 
4903, 3.90, 0.19, 67.94, 
4904, 3.91, 0.19, 67.94, 
4905, 3.90, 0.19, 67.95, 
4906, 3.91, 0.19, 67.95, 
4907, 3.90, 0.19, 67.96, 
4908, 3.90, 0.19, 67.97, 
4909, 3.90, 0.19, 67.97, 
4910, 3.90, 0.19, 67.98, 
4911, 3.90, 0.19, 67.99, 
4912, 3.90, 0.19, 67.99, 
4913, 3.90, 0.19, 68.00, 
4914, 3.91, 0.19, 68.01, 
4915, 3.91, 0.19, 68.01, 
4916, 3.91, 0.19, 68.02, 
4917, 3.90, 0.19, 68.03, 
4918, 3.91, 0.19, 68.03, 
4919, 3.90, 0.19, 68.04, 
4920, 3.91, 0.19, 68.05, 
4921, 3.91, 0.19, 68.05, 
4922, 3.90, 0.19, 68.06, 
4923, 3.91, 0.19, 68.07, 
4924, 3.91, 0.19, 68.07, 
4925, 3.91, 0.19, 68.08, 
4926, 3.91, 0.19, 68.09, 
4927, 3.91, 0.19, 68.09, 
4928, 3.90, 0.19, 68.10, 
4929, 3.91, 0.19, 68.11, 
4930, 3.91, 0.19, 68.11, 
4931, 3.91, 0.19, 68.12, 
4932, 3.91, 0.19, 68.13, 
4933, 3.91, 0.19, 68.13, 
4934, 3.91, 0.19, 68.14, 
4935, 3.91, 0.19, 68.15, 
4936, 3.91, 0.19, 68.15, 
4937, 3.91, 0.19, 68.16, 
4938, 3.91, 0.19, 68.17, 
4939, 3.91, 0.19, 68.17, 
4940, 3.90, 0.19, 68.18, 
4941, 3.90, 0.19, 68.19, 
4942, 3.91, 0.19, 68.19, 
4943, 3.91, 0.19, 68.20, 
4944, 3.90, 0.19, 68.21, 
4945, 3.91, 0.19, 68.21, 
4946, 3.91, 0.19, 68.22, 
4947, 3.92, 0.19, 68.23, 
4948, 3.91, 0.19, 68.23, 
4949, 3.91, 0.19, 68.24, 
4950, 3.91, 0.19, 68.25, 
4951, 3.92, 0.19, 68.25, 
4952, 3.91, 0.19, 68.26, 
4953, 3.91, 0.19, 68.27, 
4954, 3.91, 0.19, 68.27, 
4955, 3.90, 0.19, 68.28, 
4956, 3.91, 0.19, 68.29, 
4957, 3.91, 0.19, 68.29, 
4958, 3.91, 0.19, 68.30, 
4959, 3.91, 0.19, 68.30, 
4960, 3.90, 0.19, 68.31, 
4961, 3.91, 0.19, 68.32, 
4962, 3.91, 0.19, 68.32, 
4963, 3.91, 0.19, 68.33, 
4964, 3.91, 0.19, 68.34, 
4965, 3.90, 0.19, 68.34, 
4966, 3.91, 0.19, 68.35, 
4967, 3.92, 0.19, 68.36, 
4968, 3.91, 0.19, 68.36, 
4969, 3.91, 0.19, 68.37, 
4970, 3.90, 0.19, 68.38, 
4971, 3.91, 0.19, 68.38, 
4972, 3.92, 0.19, 68.39, 
4973, 3.91, 0.19, 68.40, 
4974, 3.91, 0.19, 68.40, 
4975, 3.91, 0.19, 68.41, 
4976, 3.91, 0.19, 68.42, 
4977, 3.91, 0.19, 68.42, 
4978, 3.91, 0.19, 68.43, 
4979, 3.91, 0.19, 68.43, 
4980, 3.91, 0.19, 68.44, 
4981, 3.91, 0.19, 68.45, 
4982, 3.91, 0.19, 68.45, 
4983, 3.90, 0.19, 68.46, 
4984, 3.92, 0.19, 68.47, 
4985, 3.91, 0.19, 68.47, 
4986, 3.91, 0.19, 68.48, 
4987, 3.91, 0.19, 68.49, 
4988, 3.91, 0.19, 68.49, 
4989, 3.91, 0.19, 68.50, 
4990, 3.91, 0.19, 68.51, 
4991, 3.91, 0.19, 68.51, 
4992, 3.92, 0.19, 68.52, 
4993, 3.91, 0.19, 68.53, 
4994, 3.92, 0.19, 68.53, 
4995, 3.91, 0.19, 68.54, 
4996, 3.91, 0.19, 68.55, 
4997, 3.91, 0.19, 68.55, 
4998, 3.92, 0.19, 68.56, 
4999, 3.92, 0.19, 68.56, 
5000, 3.91, 0.19, 68.57, 
5001, 3.92, 0.19, 68.58, 
5002, 3.91, 0.19, 68.58, 
5003, 3.91, 0.19, 68.59, 
5004, 3.91, 0.19, 68.60, 
5005, 3.91, 0.19, 68.60, 
5006, 3.91, 0.19, 68.61, 
5007, 3.91, 0.19, 68.62, 
5008, 3.91, 0.19, 68.62, 
5009, 3.91, 0.19, 68.63, 
5010, 3.91, 0.19, 68.64, 
5011, 3.91, 0.19, 68.64, 
5012, 3.91, 0.19, 68.65, 
5013, 3.92, 0.18, 68.65, 
5014, 3.91, 0.19, 68.66, 
5015, 3.92, 0.18, 68.67, 
5016, 3.92, 0.18, 68.67, 
5017, 3.92, 0.18, 68.68, 
5018, 3.91, 0.18, 68.69, 
5019, 3.92, 0.18, 68.69, 
5020, 3.92, 0.18, 68.70, 
5021, 3.92, 0.18, 68.71, 
5022, 3.91, 0.18, 68.71, 
5023, 3.92, 0.18, 68.72, 
5024, 3.92, 0.18, 68.73, 
5025, 3.92, 0.18, 68.73, 
5026, 3.92, 0.18, 68.74, 
5027, 3.92, 0.18, 68.74, 
5028, 3.92, 0.18, 68.75, 
5029, 3.91, 0.18, 68.76, 
5030, 3.91, 0.18, 68.76, 
5031, 3.92, 0.18, 68.77, 
5032, 3.91, 0.18, 68.78, 
5033, 3.92, 0.18, 68.78, 
5034, 3.92, 0.18, 68.79, 
5035, 3.92, 0.18, 68.80, 
5036, 3.93, 0.18, 68.80, 
5037, 3.92, 0.18, 68.81, 
5038, 3.91, 0.18, 68.81, 
5039, 3.91, 0.18, 68.82, 
5040, 3.91, 0.18, 68.83, 
5041, 3.92, 0.18, 68.83, 
5042, 3.92, 0.18, 68.84, 
5043, 3.92, 0.18, 68.85, 
5044, 3.92, 0.18, 68.85, 
5045, 3.92, 0.18, 68.86, 
5046, 3.92, 0.18, 68.87, 
5047, 3.92, 0.18, 68.87, 
5048, 3.92, 0.18, 68.88, 
5049, 3.92, 0.18, 68.88, 
5050, 3.92, 0.18, 68.89, 
5051, 3.92, 0.18, 68.90, 
5052, 3.92, 0.18, 68.90, 
5053, 3.92, 0.18, 68.91, 
5054, 3.92, 0.18, 68.92, 
5055, 3.92, 0.18, 68.92, 
5056, 3.92, 0.18, 68.93, 
5057, 3.92, 0.18, 68.94, 
5058, 3.92, 0.18, 68.94, 
5059, 3.91, 0.18, 68.95, 
5060, 3.92, 0.18, 68.95, 
5061, 3.92, 0.18, 68.96, 
5062, 3.91, 0.18, 68.97, 
5063, 3.92, 0.18, 68.97, 
5064, 3.92, 0.18, 68.98, 
5065, 3.92, 0.18, 68.99, 
5066, 3.92, 0.18, 68.99, 
5067, 3.92, 0.18, 69.00, 
5068, 3.93, 0.18, 69.01, 
5069, 3.91, 0.18, 69.01, 
5070, 3.92, 0.18, 69.02, 
5071, 3.92, 0.18, 69.02, 
5072, 3.92, 0.18, 69.03, 
5073, 3.93, 0.18, 69.04, 
5074, 3.92, 0.18, 69.04, 
5075, 3.93, 0.18, 69.05, 
5076, 3.92, 0.18, 69.06, 
5077, 3.91, 0.18, 69.06, 
5078, 3.92, 0.18, 69.07, 
5079, 3.92, 0.18, 69.07, 
5080, 3.92, 0.18, 69.08, 
5081, 3.92, 0.18, 69.09, 
5082, 3.92, 0.18, 69.09, 
5083, 3.92, 0.18, 69.10, 
5084, 3.92, 0.18, 69.11, 
5085, 3.92, 0.18, 69.11, 
5086, 3.93, 0.18, 69.12, 
5087, 3.91, 0.18, 69.12, 
5088, 3.92, 0.18, 69.13, 
5089, 3.93, 0.18, 69.14, 
5090, 3.92, 0.18, 69.14, 
5091, 3.92, 0.18, 69.15, 
5092, 3.92, 0.18, 69.16, 
5093, 3.92, 0.18, 69.16, 
5094, 3.92, 0.18, 69.17, 
5095, 3.92, 0.18, 69.17, 
5096, 3.92, 0.18, 69.18, 
5097, 3.92, 0.18, 69.19, 
5098, 3.92, 0.18, 69.19, 
5099, 3.93, 0.18, 69.20, 
5100, 3.92, 0.18, 69.21, 
5101, 3.92, 0.18, 69.21, 
5102, 3.92, 0.18, 69.22, 
5103, 3.93, 0.18, 69.22, 
5104, 3.93, 0.18, 69.23, 
5105, 3.92, 0.18, 69.24, 
5106, 3.92, 0.18, 69.24, 
5107, 3.92, 0.18, 69.25, 
5108, 3.92, 0.18, 69.26, 
5109, 3.93, 0.18, 69.26, 
5110, 3.92, 0.18, 69.27, 
5111, 3.92, 0.18, 69.27, 
5112, 3.92, 0.18, 69.28, 
5113, 3.93, 0.18, 69.29, 
5114, 3.92, 0.18, 69.29, 
5115, 3.92, 0.18, 69.30, 
5116, 3.92, 0.18, 69.31, 
5117, 3.93, 0.18, 69.31, 
5118, 3.93, 0.18, 69.32, 
5119, 3.93, 0.18, 69.32, 
5120, 3.93, 0.18, 69.33, 
5121, 3.93, 0.18, 69.34, 
5122, 3.93, 0.18, 69.34, 
5123, 3.93, 0.18, 69.35, 
5124, 3.93, 0.18, 69.36, 
5125, 3.93, 0.18, 69.36, 
5126, 3.93, 0.18, 69.37, 
5127, 3.93, 0.18, 69.37, 
5128, 3.93, 0.18, 69.38, 
5129, 3.93, 0.18, 69.39, 
5130, 3.93, 0.18, 69.39, 
5131, 3.92, 0.18, 69.40, 
5132, 3.93, 0.18, 69.40, 
5133, 3.93, 0.18, 69.41, 
5134, 3.92, 0.18, 69.42, 
5135, 3.92, 0.18, 69.42, 
5136, 3.93, 0.18, 69.43, 
5137, 3.93, 0.18, 69.44, 
5138, 3.93, 0.18, 69.44, 
5139, 3.93, 0.18, 69.45, 
5140, 3.92, 0.18, 69.45, 
5141, 3.93, 0.18, 69.46, 
5142, 3.93, 0.18, 69.47, 
5143, 3.93, 0.18, 69.47, 
5144, 3.93, 0.18, 69.48, 
5145, 3.92, 0.18, 69.49, 
5146, 3.92, 0.18, 69.49, 
5147, 3.93, 0.18, 69.50, 
5148, 3.93, 0.18, 69.50, 
5149, 3.93, 0.18, 69.51, 
5150, 3.92, 0.18, 69.52, 
5151, 3.93, 0.18, 69.52, 
5152, 3.93, 0.18, 69.53, 
5153, 3.92, 0.18, 69.53, 
5154, 3.93, 0.18, 69.54, 
5155, 3.93, 0.18, 69.55, 
5156, 3.92, 0.18, 69.55, 
5157, 3.93, 0.18, 69.56, 
5158, 3.92, 0.18, 69.56, 
5159, 3.93, 0.18, 69.57, 
5160, 3.93, 0.18, 69.58, 
5161, 3.93, 0.18, 69.58, 
5162, 3.93, 0.18, 69.59, 
5163, 3.93, 0.18, 69.60, 
5164, 3.93, 0.18, 69.60, 
5165, 3.93, 0.18, 69.61, 
5166, 3.93, 0.18, 69.61, 
5167, 3.92, 0.18, 69.62, 
5168, 3.93, 0.18, 69.63, 
5169, 3.93, 0.18, 69.63, 
5170, 3.93, 0.18, 69.64, 
5171, 3.93, 0.18, 69.64, 
5172, 3.93, 0.18, 69.65, 
5173, 3.94, 0.18, 69.66, 
5174, 3.93, 0.18, 69.66, 
5175, 3.93, 0.18, 69.67, 
5176, 3.93, 0.18, 69.68, 
5177, 3.93, 0.18, 69.68, 
5178, 3.92, 0.18, 69.69, 
5179, 3.93, 0.18, 69.69, 
5180, 3.94, 0.17, 69.70, 
5181, 3.93, 0.17, 69.71, 
5182, 3.93, 0.17, 69.71, 
5183, 3.93, 0.17, 69.72, 
5184, 3.93, 0.17, 69.72, 
5185, 3.93, 0.17, 69.73, 
5186, 3.94, 0.18, 69.74, 
5187, 3.93, 0.17, 69.74, 
5188, 3.93, 0.17, 69.75, 
5189, 3.93, 0.18, 69.75, 
5190, 3.93, 0.18, 69.76, 
5191, 3.93, 0.17, 69.77, 
5192, 3.93, 0.17, 69.77, 
5193, 3.94, 0.17, 69.78, 
5194, 3.93, 0.17, 69.78, 
5195, 3.93, 0.18, 69.79, 
5196, 3.93, 0.17, 69.80, 
5197, 3.93, 0.17, 69.80, 
5198, 3.93, 0.17, 69.81, 
5199, 3.93, 0.17, 69.81, 
5200, 3.94, 0.17, 69.82, 
5201, 3.93, 0.17, 69.83, 
5202, 3.93, 0.17, 69.83, 
5203, 3.93, 0.17, 69.84, 
5204, 3.93, 0.17, 69.84, 
5205, 3.93, 0.17, 69.85, 
5206, 3.94, 0.17, 69.86, 
5207, 3.93, 0.17, 69.86, 
5208, 3.93, 0.17, 69.87, 
5209, 3.94, 0.17, 69.88, 
5210, 3.94, 0.17, 69.88, 
5211, 3.93, 0.17, 69.89, 
5212, 3.93, 0.17, 69.89, 
5213, 3.93, 0.17, 69.90, 
5214, 3.93, 0.17, 69.91, 
5215, 3.93, 0.17, 69.91, 
5216, 3.93, 0.17, 69.92, 
5217, 3.93, 0.17, 69.92, 
5218, 3.94, 0.17, 69.93, 
5219, 3.93, 0.17, 69.94, 
5220, 3.93, 0.17, 69.94, 
5221, 3.93, 0.17, 69.95, 
5222, 3.93, 0.17, 69.95, 
5223, 3.93, 0.17, 69.96, 
5224, 3.93, 0.17, 69.97, 
5225, 3.93, 0.17, 69.97, 
5226, 3.93, 0.17, 69.98, 
5227, 3.94, 0.17, 69.98, 
5228, 3.94, 0.17, 69.99, 
5229, 3.94, 0.17, 70.00, 
5230, 3.93, 0.17, 70.00, 
5231, 3.93, 0.17, 70.01, 
5232, 3.94, 0.17, 70.01, 
5233, 3.93, 0.17, 70.02, 
5234, 3.93, 0.17, 70.03, 
5235, 3.94, 0.17, 70.03, 
5236, 3.94, 0.17, 70.04, 
5237, 3.93, 0.17, 70.04, 
5238, 3.93, 0.17, 70.05, 
5239, 3.94, 0.17, 70.06, 
5240, 3.94, 0.17, 70.06, 
5241, 3.94, 0.17, 70.07, 
5242, 3.93, 0.17, 70.07, 
5243, 3.93, 0.17, 70.08, 
5244, 3.94, 0.17, 70.09, 
5245, 3.94, 0.17, 70.09, 
5246, 3.94, 0.17, 70.10, 
5247, 3.93, 0.17, 70.10, 
5248, 3.94, 0.17, 70.11, 
5249, 3.94, 0.17, 70.12, 
5250, 3.94, 0.17, 70.12, 
5251, 3.94, 0.17, 70.13, 
5252, 3.93, 0.17, 70.13, 
5253, 3.94, 0.17, 70.14, 
5254, 3.94, 0.17, 70.15, 
5255, 3.94, 0.17, 70.15, 
5256, 3.94, 0.17, 70.16, 
5257, 3.94, 0.17, 70.16, 
5258, 3.93, 0.17, 70.17, 
5259, 3.93, 0.17, 70.17, 
5260, 3.94, 0.17, 70.18, 
5261, 3.93, 0.17, 70.19, 
5262, 3.94, 0.17, 70.19, 
5263, 3.94, 0.17, 70.20, 
5264, 3.94, 0.17, 70.20, 
5265, 3.94, 0.17, 70.21, 
5266, 3.94, 0.17, 70.22, 
5267, 3.94, 0.17, 70.22, 
5268, 3.94, 0.17, 70.23, 
5269, 3.94, 0.17, 70.23, 
5270, 3.94, 0.17, 70.24, 
5271, 3.93, 0.17, 70.25, 
5272, 3.94, 0.17, 70.25, 
5273, 3.94, 0.17, 70.26, 
5274, 3.94, 0.17, 70.26, 
5275, 3.94, 0.17, 70.27, 
5276, 3.94, 0.17, 70.28, 
5277, 3.94, 0.17, 70.28, 
5278, 3.94, 0.17, 70.29, 
5279, 3.94, 0.17, 70.29, 
5280, 3.93, 0.17, 70.30, 
5281, 3.94, 0.17, 70.30, 
5282, 3.94, 0.17, 70.31, 
5283, 3.94, 0.17, 70.32, 
5284, 3.94, 0.17, 70.32, 
5285, 3.93, 0.17, 70.33, 
5286, 3.94, 0.17, 70.33, 
5287, 3.94, 0.17, 70.34, 
5288, 3.94, 0.17, 70.35, 
5289, 3.95, 0.17, 70.35, 
5290, 3.93, 0.17, 70.36, 
5291, 3.94, 0.17, 70.36, 
5292, 3.94, 0.17, 70.37, 
5293, 3.94, 0.17, 70.38, 
5294, 3.94, 0.17, 70.38, 
5295, 3.94, 0.17, 70.39, 
5296, 3.94, 0.17, 70.39, 
5297, 3.94, 0.17, 70.40, 
5298, 3.94, 0.17, 70.40, 
5299, 3.93, 0.17, 70.41, 
5300, 3.94, 0.17, 70.42, 
5301, 3.95, 0.17, 70.42, 
5302, 3.94, 0.17, 70.43, 
5303, 3.94, 0.17, 70.43, 
5304, 3.94, 0.17, 70.44, 
5305, 3.94, 0.17, 70.45, 
5306, 3.94, 0.17, 70.45, 
5307, 3.95, 0.17, 70.46, 
5308, 3.94, 0.17, 70.46, 
5309, 3.94, 0.17, 70.47, 
5310, 3.94, 0.17, 70.47, 
5311, 3.94, 0.17, 70.48, 
5312, 3.94, 0.17, 70.49, 
5313, 3.94, 0.17, 70.49, 
5314, 3.94, 0.17, 70.50, 
5315, 3.94, 0.17, 70.50, 
5316, 3.94, 0.17, 70.51, 
5317, 3.94, 0.17, 70.52, 
5318, 3.94, 0.17, 70.52, 
5319, 3.94, 0.17, 70.53, 
5320, 3.94, 0.17, 70.53, 
5321, 3.94, 0.17, 70.54, 
5322, 3.94, 0.17, 70.54, 
5323, 3.94, 0.17, 70.55, 
5324, 3.94, 0.17, 70.56, 
5325, 3.94, 0.17, 70.56, 
5326, 3.94, 0.17, 70.57, 
5327, 3.95, 0.17, 70.57, 
5328, 3.94, 0.17, 70.58, 
5329, 3.94, 0.17, 70.59, 
5330, 3.94, 0.17, 70.59, 
5331, 3.95, 0.17, 70.60, 
5332, 3.95, 0.17, 70.60, 
5333, 3.94, 0.17, 70.61, 
5334, 3.94, 0.17, 70.61, 
5335, 3.95, 0.17, 70.62, 
5336, 3.95, 0.17, 70.63, 
5337, 3.95, 0.17, 70.63, 
5338, 3.95, 0.17, 70.64, 
5339, 3.94, 0.17, 70.64, 
5340, 3.95, 0.17, 70.65, 
5341, 3.95, 0.17, 70.65, 
5342, 3.95, 0.17, 70.66, 
5343, 3.95, 0.17, 70.67, 
5344, 3.95, 0.17, 70.67, 
5345, 3.95, 0.17, 70.68, 
5346, 3.95, 0.17, 70.68, 
5347, 3.95, 0.17, 70.69, 
5348, 3.94, 0.17, 70.70, 
5349, 3.95, 0.17, 70.70, 
5350, 3.95, 0.17, 70.71, 
5351, 3.95, 0.17, 70.71, 
5352, 3.95, 0.16, 70.72, 
5353, 3.95, 0.17, 70.72, 
5354, 3.94, 0.17, 70.73, 
5355, 3.95, 0.17, 70.74, 
5356, 3.94, 0.16, 70.74, 
5357, 3.95, 0.17, 70.75, 
5358, 3.94, 0.17, 70.75, 
5359, 3.94, 0.16, 70.76, 
5360, 3.95, 0.16, 70.76, 
5361, 3.95, 0.16, 70.77, 
5362, 3.94, 0.16, 70.78, 
5363, 3.95, 0.16, 70.78, 
5364, 3.95, 0.17, 70.79, 
5365, 3.95, 0.16, 70.79, 
5366, 3.95, 0.16, 70.80, 
5367, 3.95, 0.17, 70.80, 
5368, 3.95, 0.16, 70.81, 
5369, 3.95, 0.16, 70.82, 
5370, 3.94, 0.17, 70.82, 
5371, 3.94, 0.16, 70.83, 
5372, 3.95, 0.16, 70.83, 
5373, 3.94, 0.16, 70.84, 
5374, 3.95, 0.16, 70.84, 
5375, 3.94, 0.16, 70.85, 
5376, 3.94, 0.16, 70.86, 
5377, 3.95, 0.16, 70.86, 
5378, 3.95, 0.16, 70.87, 
5379, 3.95, 0.16, 70.87, 
5380, 3.95, 0.16, 70.88, 
5381, 3.94, 0.16, 70.88, 
5382, 3.94, 0.16, 70.89, 
5383, 3.95, 0.16, 70.90, 
5384, 3.94, 0.16, 70.90, 
5385, 3.95, 0.16, 70.91, 
5386, 3.95, 0.16, 70.91, 
5387, 3.95, 0.16, 70.92, 
5388, 3.95, 0.16, 70.92, 
5389, 3.95, 0.16, 70.93, 
5390, 3.95, 0.16, 70.94, 
5391, 3.95, 0.16, 70.94, 
5392, 3.95, 0.16, 70.95, 
5393, 3.95, 0.16, 70.95, 
5394, 3.94, 0.16, 70.96, 
5395, 3.95, 0.16, 70.96, 
5396, 3.95, 0.16, 70.97, 
5397, 3.95, 0.16, 70.97, 
5398, 3.95, 0.16, 70.98, 
5399, 3.95, 0.16, 70.99, 
5400, 3.95, 0.16, 70.99, 
5401, 3.95, 0.16, 71.00, 
5402, 3.95, 0.16, 71.00, 
5403, 3.95, 0.16, 71.01, 
5404, 3.95, 0.16, 71.01, 
5405, 3.95, 0.16, 71.02, 
5406, 3.95, 0.16, 71.03, 
5407, 3.95, 0.16, 71.03, 
5408, 3.95, 0.16, 71.04, 
5409, 3.95, 0.16, 71.04, 
5410, 3.95, 0.16, 71.05, 
5411, 3.95, 0.16, 71.05, 
5412, 3.95, 0.16, 71.06, 
5413, 3.95, 0.16, 71.07, 
5414, 3.95, 0.16, 71.07, 
5415, 3.95, 0.16, 71.08, 
5416, 3.95, 0.16, 71.08, 
5417, 3.95, 0.16, 71.09, 
5418, 3.95, 0.16, 71.09, 
5419, 3.95, 0.16, 71.10, 
5420, 3.95, 0.16, 71.10, 
5421, 3.95, 0.16, 71.11, 
5422, 3.95, 0.16, 71.12, 
5423, 3.95, 0.16, 71.12, 
5424, 3.95, 0.16, 71.13, 
5425, 3.95, 0.16, 71.13, 
5426, 3.95, 0.16, 71.14, 
5427, 3.95, 0.16, 71.14, 
5428, 3.95, 0.16, 71.15, 
5429, 3.95, 0.16, 71.16, 
5430, 3.96, 0.16, 71.16, 
5431, 3.95, 0.16, 71.17, 
5432, 3.95, 0.16, 71.17, 
5433, 3.95, 0.16, 71.18, 
5434, 3.95, 0.16, 71.18, 
5435, 3.95, 0.16, 71.19, 
5436, 3.95, 0.16, 71.19, 
5437, 3.95, 0.16, 71.20, 
5438, 3.95, 0.16, 71.21, 
5439, 3.95, 0.16, 71.21, 
5440, 3.95, 0.16, 71.22, 
5441, 3.96, 0.16, 71.22, 
5442, 3.96, 0.16, 71.23, 
5443, 3.95, 0.16, 71.23, 
5444, 3.96, 0.16, 71.24, 
5445, 3.96, 0.16, 71.25, 
5446, 3.95, 0.16, 71.25, 
5447, 3.95, 0.16, 71.26, 
5448, 3.95, 0.16, 71.26, 
5449, 3.95, 0.16, 71.27, 
5450, 3.96, 0.16, 71.27, 
5451, 3.95, 0.16, 71.28, 
5452, 3.96, 0.16, 71.28, 
5453, 3.96, 0.16, 71.29, 
5454, 3.95, 0.16, 71.30, 
5455, 3.95, 0.16, 71.30, 
5456, 3.95, 0.16, 71.31, 
5457, 3.96, 0.16, 71.31, 
5458, 3.96, 0.16, 71.32, 
5459, 3.95, 0.16, 71.32, 
5460, 3.95, 0.16, 71.33, 
5461, 3.96, 0.16, 71.33, 
5462, 3.96, 0.16, 71.34, 
5463, 3.96, 0.16, 71.35, 
5464, 3.95, 0.16, 71.35, 
5465, 3.95, 0.16, 71.36, 
5466, 3.95, 0.16, 71.36, 
5467, 3.96, 0.16, 71.37, 
5468, 3.94, 0.16, 71.37, 
5469, 3.95, 0.16, 71.38, 
5470, 3.96, 0.16, 71.38, 
5471, 3.95, 0.16, 71.39, 
5472, 3.96, 0.16, 71.40, 
5473, 3.96, 0.16, 71.40, 
5474, 3.95, 0.16, 71.41, 
5475, 3.96, 0.16, 71.41, 
5476, 3.96, 0.16, 71.42, 
5477, 3.95, 0.16, 71.42, 
5478, 3.96, 0.16, 71.43, 
5479, 3.96, 0.16, 71.43, 
5480, 3.96, 0.16, 71.44, 
5481, 3.96, 0.16, 71.45, 
5482, 3.95, 0.16, 71.45, 
5483, 3.95, 0.16, 71.46, 
5484, 3.95, 0.16, 71.46, 
5485, 3.96, 0.16, 71.47, 
5486, 3.96, 0.16, 71.47, 
5487, 3.95, 0.16, 71.48, 
5488, 3.96, 0.16, 71.48, 
5489, 3.96, 0.16, 71.49, 
5490, 3.95, 0.16, 71.49, 
5491, 3.96, 0.16, 71.50, 
5492, 3.95, 0.16, 71.51, 
5493, 3.96, 0.16, 71.51, 
5494, 3.96, 0.16, 71.52, 
5495, 3.96, 0.16, 71.52, 
5496, 3.96, 0.16, 71.53, 
5497, 3.96, 0.16, 71.53, 
5498, 3.96, 0.16, 71.54, 
5499, 3.96, 0.16, 71.54, 
5500, 3.95, 0.16, 71.55, 
5501, 3.95, 0.16, 71.56, 
5502, 3.96, 0.16, 71.56, 
5503, 3.96, 0.16, 71.57, 
5504, 3.96, 0.16, 71.57, 
5505, 3.96, 0.16, 71.58, 
5506, 3.96, 0.16, 71.58, 
5507, 3.96, 0.16, 71.59, 
5508, 3.96, 0.16, 71.59, 
5509, 3.96, 0.16, 71.60, 
5510, 3.96, 0.16, 71.60, 
5511, 3.96, 0.16, 71.61, 
5512, 3.96, 0.16, 71.62, 
5513, 3.96, 0.16, 71.62, 
5514, 3.96, 0.16, 71.63, 
5515, 3.96, 0.16, 71.63, 
5516, 3.96, 0.16, 71.64, 
5517, 3.96, 0.16, 71.64, 
5518, 3.96, 0.16, 71.65, 
5519, 3.96, 0.16, 71.65, 
5520, 3.96, 0.16, 71.66, 
5521, 3.96, 0.16, 71.66, 
5522, 3.96, 0.16, 71.67, 
5523, 3.96, 0.16, 71.68, 
5524, 3.96, 0.16, 71.68, 
5525, 3.96, 0.16, 71.69, 
5526, 3.96, 0.16, 71.69, 
5527, 3.95, 0.16, 71.70, 
5528, 3.96, 0.16, 71.70, 
5529, 3.96, 0.16, 71.71, 
5530, 3.96, 0.16, 71.71, 
5531, 3.96, 0.16, 71.72, 
5532, 3.96, 0.16, 71.72, 
5533, 3.96, 0.16, 71.73, 
5534, 3.96, 0.16, 71.74, 
5535, 3.96, 0.16, 71.74, 
5536, 3.96, 0.16, 71.75, 
5537, 3.96, 0.16, 71.75, 
5538, 3.96, 0.16, 71.76, 
5539, 3.96, 0.16, 71.76, 
5540, 3.96, 0.16, 71.77, 
5541, 3.96, 0.16, 71.77, 
5542, 3.96, 0.16, 71.78, 
5543, 3.96, 0.16, 71.78, 
5544, 3.96, 0.16, 71.79, 
5545, 3.96, 0.16, 71.80, 
5546, 3.96, 0.16, 71.80, 
5547, 3.96, 0.16, 71.81, 
5548, 3.96, 0.16, 71.81, 
5549, 3.96, 0.16, 71.82, 
5550, 3.96, 0.15, 71.82, 
5551, 3.96, 0.16, 71.83, 
5552, 3.96, 0.16, 71.83, 
5553, 3.96, 0.16, 71.84, 
5554, 3.96, 0.16, 71.84, 
5555, 3.97, 0.16, 71.85, 
5556, 3.96, 0.16, 71.85, 
5557, 3.97, 0.16, 71.86, 
5558, 3.97, 0.15, 71.87, 
5559, 3.97, 0.16, 71.87, 
5560, 3.96, 0.16, 71.88, 
5561, 3.96, 0.16, 71.88, 
5562, 3.96, 0.15, 71.89, 
5563, 3.97, 0.16, 71.89, 
5564, 3.96, 0.15, 71.90, 
5565, 3.97, 0.16, 71.90, 
5566, 3.96, 0.16, 71.91, 
5567, 3.96, 0.15, 71.91, 
5568, 3.97, 0.16, 71.92, 
5569, 3.96, 0.15, 71.92, 
5570, 3.96, 0.15, 71.93, 
5571, 3.97, 0.15, 71.94, 
5572, 3.97, 0.15, 71.94, 
5573, 3.96, 0.15, 71.95, 
5574, 3.97, 0.15, 71.95, 
5575, 3.96, 0.15, 71.96, 
5576, 3.97, 0.15, 71.96, 
5577, 3.96, 0.15, 71.97, 
5578, 3.97, 0.15, 71.97, 
5579, 3.97, 0.15, 71.98, 
5580, 3.96, 0.15, 71.98, 
5581, 3.96, 0.15, 71.99, 
5582, 3.96, 0.15, 71.99, 
5583, 3.96, 0.15, 72.00, 
5584, 3.97, 0.15, 72.01, 
5585, 3.96, 0.15, 72.01, 
5586, 3.96, 0.15, 72.02, 
5587, 3.97, 0.15, 72.02, 
5588, 3.96, 0.15, 72.03, 
5589, 3.96, 0.15, 72.03, 
5590, 3.96, 0.15, 72.04, 
5591, 3.96, 0.15, 72.04, 
5592, 3.96, 0.15, 72.05, 
5593, 3.97, 0.15, 72.05, 
5594, 3.96, 0.15, 72.06, 
5595, 3.96, 0.15, 72.06, 
5596, 3.96, 0.15, 72.07, 
5597, 3.97, 0.15, 72.07, 
5598, 3.97, 0.15, 72.08, 
5599, 3.97, 0.15, 72.09, 
5600, 3.97, 0.15, 72.09, 
5601, 3.97, 0.15, 72.10, 
5602, 3.97, 0.15, 72.10, 
5603, 3.97, 0.15, 72.11, 
5604, 3.97, 0.15, 72.11, 
5605, 3.96, 0.15, 72.12, 
5606, 3.97, 0.15, 72.12, 
5607, 3.96, 0.15, 72.13, 
5608, 3.96, 0.15, 72.13, 
5609, 3.97, 0.15, 72.14, 
5610, 3.97, 0.15, 72.14, 
5611, 3.96, 0.15, 72.15, 
5612, 3.97, 0.15, 72.15, 
5613, 3.97, 0.15, 72.16, 
5614, 3.96, 0.15, 72.16, 
5615, 3.97, 0.15, 72.17, 
5616, 3.97, 0.15, 72.18, 
5617, 3.97, 0.15, 72.18, 
5618, 3.97, 0.15, 72.19, 
5619, 3.96, 0.15, 72.19, 
5620, 3.96, 0.15, 72.20, 
5621, 3.97, 0.15, 72.20, 
5622, 3.96, 0.15, 72.21, 
5623, 3.97, 0.15, 72.21, 
5624, 3.96, 0.15, 72.22, 
5625, 3.97, 0.15, 72.22, 
5626, 3.97, 0.15, 72.23, 
5627, 3.96, 0.15, 72.23, 
5628, 3.96, 0.15, 72.24, 
5629, 3.97, 0.15, 72.24, 
5630, 3.96, 0.15, 72.25, 
5631, 3.97, 0.15, 72.25, 
5632, 3.97, 0.15, 72.26, 
5633, 3.96, 0.15, 72.27, 
5634, 3.96, 0.15, 72.27, 
5635, 3.97, 0.15, 72.28, 
5636, 3.98, 0.15, 72.28, 
5637, 3.97, 0.15, 72.29, 
5638, 3.97, 0.15, 72.29, 
5639, 3.97, 0.15, 72.30, 
5640, 3.97, 0.15, 72.30, 
5641, 3.96, 0.15, 72.31, 
5642, 3.96, 0.15, 72.31, 
5643, 3.97, 0.15, 72.32, 
5644, 3.97, 0.15, 72.32, 
5645, 3.97, 0.15, 72.33, 
5646, 3.97, 0.15, 72.33, 
5647, 3.97, 0.15, 72.34, 
5648, 3.97, 0.15, 72.34, 
5649, 3.97, 0.15, 72.35, 
5650, 3.97, 0.15, 72.35, 
5651, 3.97, 0.15, 72.36, 
5652, 3.97, 0.15, 72.36, 
5653, 3.97, 0.15, 72.37, 
5654, 3.97, 0.15, 72.38, 
5655, 3.97, 0.15, 72.38, 
5656, 3.97, 0.15, 72.39, 
5657, 3.97, 0.15, 72.39, 
5658, 3.97, 0.15, 72.40, 
5659, 3.97, 0.15, 72.40, 
5660, 3.97, 0.15, 72.41, 
5661, 3.97, 0.15, 72.41, 
5662, 3.97, 0.15, 72.42, 
5663, 3.97, 0.15, 72.42, 
5664, 3.97, 0.15, 72.43, 
5665, 3.97, 0.15, 72.43, 
5666, 3.97, 0.15, 72.44, 
5667, 3.97, 0.15, 72.44, 
5668, 3.97, 0.15, 72.45, 
5669, 3.97, 0.15, 72.45, 
5670, 3.97, 0.15, 72.46, 
5671, 3.97, 0.15, 72.46, 
5672, 3.97, 0.15, 72.47, 
5673, 3.97, 0.15, 72.47, 
5674, 3.97, 0.15, 72.48, 
5675, 3.97, 0.15, 72.48, 
5676, 3.97, 0.15, 72.49, 
5677, 3.97, 0.15, 72.50, 
5678, 3.97, 0.15, 72.50, 
5679, 3.97, 0.15, 72.51, 
5680, 3.98, 0.15, 72.51, 
5681, 3.97, 0.15, 72.52, 
5682, 3.97, 0.15, 72.52, 
5683, 3.97, 0.15, 72.53, 
5684, 3.98, 0.15, 72.53, 
5685, 3.97, 0.15, 72.54, 
5686, 3.97, 0.15, 72.54, 
5687, 3.97, 0.15, 72.55, 
5688, 3.97, 0.15, 72.55, 
5689, 3.97, 0.15, 72.56, 
5690, 3.97, 0.15, 72.56, 
5691, 3.97, 0.15, 72.57, 
5692, 3.97, 0.15, 72.57, 
5693, 3.97, 0.15, 72.58, 
5694, 3.97, 0.15, 72.58, 
5695, 3.97, 0.15, 72.59, 
5696, 3.98, 0.15, 72.59, 
5697, 3.98, 0.15, 72.60, 
5698, 3.97, 0.15, 72.60, 
5699, 3.98, 0.15, 72.61, 
5700, 3.97, 0.15, 72.61, 
5701, 3.97, 0.15, 72.62, 
5702, 3.97, 0.15, 72.62, 
5703, 3.98, 0.15, 72.63, 
5704, 3.97, 0.15, 72.63, 
5705, 3.97, 0.15, 72.64, 
5706, 3.97, 0.15, 72.65, 
5707, 3.98, 0.15, 72.65, 
5708, 3.98, 0.15, 72.66, 
5709, 3.97, 0.15, 72.66, 
5710, 3.98, 0.15, 72.67, 
5711, 3.98, 0.15, 72.67, 
5712, 3.98, 0.15, 72.68, 
5713, 3.98, 0.15, 72.68, 
5714, 3.97, 0.15, 72.69, 
5715, 3.97, 0.15, 72.69, 
5716, 3.97, 0.15, 72.70, 
5717, 3.97, 0.15, 72.70, 
5718, 3.97, 0.15, 72.71, 
5719, 3.98, 0.15, 72.71, 
5720, 3.98, 0.15, 72.72, 
5721, 3.97, 0.15, 72.72, 
5722, 3.98, 0.15, 72.73, 
5723, 3.98, 0.15, 72.73, 
5724, 3.97, 0.15, 72.74, 
5725, 3.97, 0.15, 72.74, 
5726, 3.98, 0.15, 72.75, 
5727, 3.97, 0.15, 72.75, 
5728, 3.97, 0.15, 72.76, 
5729, 3.98, 0.15, 72.76, 
5730, 3.97, 0.15, 72.77, 
5731, 3.98, 0.15, 72.77, 
5732, 3.98, 0.15, 72.78, 
5733, 3.97, 0.15, 72.78, 
5734, 3.98, 0.15, 72.79, 
5735, 3.98, 0.15, 72.79, 
5736, 3.97, 0.15, 72.80, 
5737, 3.98, 0.15, 72.80, 
5738, 3.97, 0.15, 72.81, 
5739, 3.98, 0.15, 72.81, 
5740, 3.97, 0.15, 72.82, 
5741, 3.98, 0.15, 72.82, 
5742, 3.98, 0.15, 72.83, 
5743, 3.98, 0.15, 72.83, 
5744, 3.97, 0.15, 72.84, 
5745, 3.97, 0.15, 72.84, 
5746, 3.97, 0.15, 72.85, 
5747, 3.97, 0.15, 72.85, 
5748, 3.98, 0.15, 72.86, 
5749, 3.97, 0.15, 72.86, 
5750, 3.97, 0.15, 72.87, 
5751, 3.98, 0.15, 72.88, 
5752, 3.97, 0.15, 72.88, 
5753, 3.97, 0.15, 72.89, 
5754, 3.97, 0.15, 72.89, 
5755, 3.97, 0.15, 72.90, 
5756, 3.98, 0.15, 72.90, 
5757, 3.98, 0.15, 72.91, 
5758, 3.97, 0.15, 72.91, 
5759, 3.98, 0.15, 72.92, 
5760, 3.98, 0.14, 72.92, 
5761, 3.98, 0.15, 72.93, 
5762, 3.98, 0.15, 72.93, 
5763, 3.98, 0.15, 72.94, 
5764, 3.98, 0.15, 72.94, 
5765, 3.97, 0.14, 72.95, 
5766, 3.97, 0.15, 72.95, 
5767, 3.98, 0.15, 72.96, 
5768, 3.98, 0.14, 72.96, 
5769, 3.98, 0.14, 72.97, 
5770, 3.99, 0.15, 72.97, 
5771, 3.98, 0.15, 72.98, 
5772, 3.98, 0.15, 72.98, 
5773, 3.98, 0.15, 72.99, 
5774, 3.98, 0.15, 72.99, 
5775, 3.98, 0.14, 73.00, 
5776, 3.98, 0.15, 73.00, 
5777, 3.98, 0.15, 73.01, 
5778, 3.98, 0.14, 73.01, 
5779, 3.98, 0.14, 73.02, 
5780, 3.98, 0.14, 73.02, 
5781, 3.98, 0.14, 73.03, 
5782, 3.98, 0.14, 73.03, 
5783, 3.98, 0.14, 73.04, 
5784, 3.98, 0.14, 73.04, 
5785, 3.98, 0.15, 73.05, 
5786, 3.98, 0.14, 73.05, 
5787, 3.98, 0.14, 73.06, 
5788, 3.98, 0.14, 73.06, 
5789, 3.98, 0.14, 73.07, 
5790, 3.98, 0.14, 73.07, 
5791, 3.98, 0.14, 73.08, 
5792, 3.98, 0.14, 73.08, 
5793, 3.98, 0.14, 73.09, 
5794, 3.97, 0.14, 73.09, 
5795, 3.98, 0.14, 73.10, 
5796, 3.98, 0.14, 73.10, 
5797, 3.98, 0.14, 73.11, 
5798, 3.98, 0.14, 73.11, 
5799, 3.98, 0.14, 73.12, 
5800, 3.98, 0.14, 73.12, 
5801, 3.98, 0.14, 73.13, 
5802, 3.98, 0.14, 73.13, 
5803, 3.98, 0.14, 73.14, 
5804, 3.98, 0.14, 73.14, 
5805, 3.98, 0.14, 73.15, 
5806, 3.98, 0.14, 73.15, 
5807, 3.98, 0.14, 73.16, 
5808, 3.98, 0.14, 73.16, 
5809, 3.98, 0.14, 73.17, 
5810, 3.98, 0.14, 73.17, 
5811, 3.98, 0.14, 73.18, 
5812, 3.98, 0.14, 73.18, 
5813, 3.98, 0.14, 73.19, 
5814, 3.98, 0.14, 73.19, 
5815, 3.98, 0.14, 73.20, 
5816, 3.98, 0.14, 73.20, 
5817, 3.98, 0.14, 73.21, 
5818, 3.98, 0.14, 73.21, 
5819, 3.98, 0.14, 73.22, 
5820, 3.99, 0.14, 73.22, 
5821, 3.99, 0.14, 73.23, 
5822, 3.98, 0.14, 73.23, 
5823, 3.98, 0.14, 73.24, 
5824, 3.98, 0.14, 73.24, 
5825, 3.99, 0.14, 73.25, 
5826, 3.98, 0.14, 73.25, 
5827, 3.99, 0.14, 73.26, 
5828, 3.98, 0.14, 73.26, 
5829, 3.98, 0.14, 73.27, 
5830, 3.99, 0.14, 73.27, 
5831, 3.98, 0.14, 73.28, 
5832, 3.98, 0.14, 73.28, 
5833, 3.98, 0.14, 73.29, 
5834, 3.98, 0.14, 73.29, 
5835, 3.98, 0.14, 73.30, 
5836, 3.98, 0.14, 73.30, 
5837, 3.98, 0.14, 73.31, 
5838, 3.98, 0.14, 73.31, 
5839, 3.98, 0.14, 73.32, 
5840, 3.98, 0.14, 73.32, 
5841, 3.98, 0.14, 73.32, 
5842, 3.99, 0.14, 73.33, 
5843, 3.99, 0.14, 73.33, 
5844, 3.99, 0.14, 73.34, 
5845, 3.98, 0.14, 73.34, 
5846, 3.98, 0.14, 73.35, 
5847, 3.98, 0.14, 73.35, 
5848, 3.99, 0.14, 73.36, 
5849, 3.98, 0.14, 73.36, 
5850, 3.99, 0.14, 73.37, 
5851, 3.99, 0.14, 73.37, 
5852, 3.98, 0.14, 73.38, 
5853, 3.99, 0.14, 73.38, 
5854, 3.98, 0.14, 73.39, 
5855, 3.98, 0.14, 73.39, 
5856, 3.98, 0.14, 73.40, 
5857, 3.98, 0.14, 73.40, 
5858, 3.98, 0.14, 73.41, 
5859, 3.98, 0.14, 73.41, 
5860, 3.98, 0.14, 73.42, 
5861, 3.98, 0.14, 73.42, 
5862, 3.98, 0.14, 73.43, 
5863, 3.99, 0.14, 73.43, 
5864, 3.98, 0.14, 73.44, 
5865, 3.99, 0.14, 73.44, 
5866, 3.99, 0.14, 73.45, 
5867, 3.98, 0.14, 73.45, 
5868, 3.99, 0.14, 73.46, 
5869, 3.98, 0.14, 73.46, 
5870, 3.98, 0.14, 73.47, 
5871, 3.98, 0.14, 73.47, 
5872, 3.98, 0.14, 73.48, 
5873, 3.99, 0.14, 73.48, 
5874, 3.98, 0.14, 73.49, 
5875, 3.98, 0.14, 73.49, 
5876, 3.98, 0.14, 73.50, 
5877, 3.99, 0.14, 73.50, 
5878, 3.99, 0.14, 73.51, 
5879, 3.98, 0.14, 73.51, 
5880, 3.98, 0.14, 73.52, 
5881, 3.98, 0.14, 73.52, 
5882, 3.99, 0.14, 73.53, 
5883, 3.98, 0.14, 73.53, 
5884, 3.99, 0.14, 73.54, 
5885, 3.99, 0.14, 73.54, 
5886, 3.98, 0.14, 73.54, 
5887, 3.99, 0.14, 73.55, 
5888, 3.99, 0.14, 73.55, 
5889, 3.99, 0.14, 73.56, 
5890, 3.99, 0.14, 73.56, 
5891, 3.99, 0.14, 73.57, 
5892, 3.98, 0.14, 73.57, 
5893, 3.98, 0.14, 73.58, 
5894, 3.99, 0.14, 73.58, 
5895, 3.98, 0.14, 73.59, 
5896, 3.99, 0.14, 73.59, 
5897, 3.99, 0.14, 73.60, 
5898, 3.98, 0.14, 73.60, 
5899, 3.98, 0.14, 73.61, 
5900, 3.98, 0.14, 73.61, 
5901, 3.99, 0.14, 73.62, 
5902, 3.99, 0.14, 73.62, 
5903, 3.99, 0.14, 73.63, 
5904, 3.99, 0.14, 73.63, 
5905, 3.99, 0.14, 73.64, 
5906, 3.98, 0.14, 73.64, 
5907, 3.98, 0.14, 73.65, 
5908, 3.99, 0.14, 73.65, 
5909, 3.98, 0.14, 73.66, 
5910, 3.99, 0.14, 73.66, 
5911, 3.99, 0.14, 73.67, 
5912, 3.99, 0.14, 73.67, 
5913, 3.99, 0.14, 73.68, 
5914, 3.99, 0.14, 73.68, 
5915, 3.99, 0.14, 73.68, 
5916, 3.99, 0.14, 73.69, 
5917, 3.98, 0.14, 73.69, 
5918, 3.99, 0.14, 73.70, 
5919, 3.99, 0.14, 73.70, 
5920, 3.99, 0.14, 73.71, 
5921, 3.99, 0.14, 73.71, 
5922, 3.99, 0.14, 73.72, 
5923, 3.99, 0.14, 73.72, 
5924, 3.99, 0.14, 73.73, 
5925, 3.99, 0.14, 73.73, 
5926, 3.99, 0.14, 73.74, 
5927, 3.99, 0.14, 73.74, 
5928, 3.99, 0.14, 73.75, 
5929, 3.99, 0.14, 73.75, 
5930, 3.99, 0.14, 73.76, 
5931, 3.99, 0.14, 73.76, 
5932, 3.99, 0.14, 73.77, 
5933, 3.99, 0.14, 73.77, 
5934, 3.99, 0.14, 73.78, 
5935, 3.99, 0.14, 73.78, 
5936, 3.99, 0.14, 73.79, 
5937, 3.99, 0.14, 73.79, 
5938, 3.99, 0.14, 73.80, 
5939, 3.99, 0.14, 73.80, 
5940, 3.99, 0.14, 73.80, 
5941, 3.99, 0.14, 73.81, 
5942, 3.99, 0.14, 73.81, 
5943, 3.99, 0.14, 73.82, 
5944, 3.99, 0.14, 73.82, 
5945, 3.99, 0.14, 73.83, 
5946, 3.99, 0.14, 73.83, 
5947, 3.99, 0.14, 73.84, 
5948, 3.99, 0.14, 73.84, 
5949, 3.99, 0.14, 73.85, 
5950, 3.99, 0.14, 73.85, 
5951, 3.99, 0.14, 73.86, 
5952, 3.99, 0.14, 73.86, 
5953, 3.99, 0.14, 73.87, 
5954, 3.99, 0.14, 73.87, 
5955, 3.99, 0.14, 73.88, 
5956, 4.00, 0.14, 73.88, 
5957, 3.99, 0.14, 73.89, 
5958, 3.99, 0.14, 73.89, 
5959, 4.00, 0.14, 73.90, 
5960, 3.99, 0.14, 73.90, 
5961, 3.99, 0.14, 73.90, 
5962, 3.99, 0.14, 73.91, 
5963, 3.99, 0.14, 73.91, 
5964, 3.99, 0.14, 73.92, 
5965, 3.99, 0.14, 73.92, 
5966, 3.99, 0.14, 73.93, 
5967, 4.00, 0.14, 73.93, 
5968, 3.99, 0.14, 73.94, 
5969, 3.99, 0.14, 73.94, 
5970, 3.99, 0.14, 73.95, 
5971, 3.99, 0.14, 73.95, 
5972, 3.99, 0.14, 73.96, 
5973, 3.99, 0.14, 73.96, 
5974, 3.99, 0.14, 73.97, 
5975, 3.99, 0.14, 73.97, 
5976, 3.99, 0.13, 73.98, 
5977, 3.99, 0.14, 73.98, 
5978, 3.99, 0.14, 73.99, 
5979, 4.00, 0.14, 73.99, 
5980, 3.99, 0.14, 73.99, 
5981, 4.00, 0.14, 74.00, 
5982, 3.99, 0.13, 74.00, 
5983, 3.99, 0.14, 74.01, 
5984, 3.99, 0.14, 74.01, 
5985, 4.00, 0.14, 74.02, 
5986, 3.99, 0.14, 74.02, 
5987, 3.99, 0.14, 74.03, 
5988, 4.00, 0.14, 74.03, 
5989, 4.00, 0.14, 74.04, 
5990, 4.00, 0.14, 74.04, 
5991, 4.00, 0.14, 74.05, 
5992, 4.00, 0.14, 74.05, 
5993, 4.00, 0.13, 74.06, 
5994, 3.99, 0.13, 74.06, 
5995, 3.99, 0.14, 74.07, 
5996, 4.00, 0.13, 74.07, 
5997, 4.00, 0.13, 74.07, 
5998, 4.00, 0.13, 74.08, 
5999, 4.00, 0.14, 74.08, 
6000, 4.00, 0.13, 74.09, 
6001, 3.99, 0.14, 74.09, 
6002, 3.99, 0.14, 74.10, 
6003, 3.99, 0.14, 74.10, 
6004, 4.00, 0.13, 74.11, 
6005, 3.99, 0.14, 74.11, 
6006, 3.99, 0.13, 74.12, 
6007, 3.99, 0.14, 74.12, 
6008, 4.00, 0.13, 74.13, 
6009, 4.00, 0.13, 74.13, 
6010, 4.00, 0.13, 74.14, 
6011, 3.99, 0.13, 74.14, 
6012, 4.00, 0.13, 74.15, 
6013, 4.00, 0.13, 74.15, 
6014, 4.00, 0.13, 74.15, 
6015, 3.99, 0.13, 74.16, 
6016, 3.99, 0.13, 74.16, 
6017, 3.99, 0.13, 74.17, 
6018, 3.99, 0.13, 74.17, 
6019, 4.00, 0.13, 74.18, 
6020, 3.99, 0.13, 74.18, 
6021, 4.00, 0.13, 74.19, 
6022, 3.99, 0.13, 74.19, 
6023, 4.00, 0.13, 74.20, 
6024, 4.00, 0.13, 74.20, 
6025, 4.00, 0.13, 74.21, 
6026, 3.99, 0.13, 74.21, 
6027, 4.00, 0.13, 74.21, 
6028, 4.00, 0.13, 74.22, 
6029, 4.00, 0.13, 74.22, 
6030, 3.99, 0.13, 74.23, 
6031, 4.00, 0.13, 74.23, 
6032, 4.00, 0.13, 74.24, 
6033, 4.00, 0.13, 74.24, 
6034, 4.00, 0.13, 74.25, 
6035, 4.00, 0.13, 74.25, 
6036, 3.99, 0.13, 74.26, 
6037, 4.00, 0.13, 74.26, 
6038, 3.99, 0.13, 74.27, 
6039, 4.00, 0.13, 74.27, 
6040, 3.99, 0.13, 74.27, 
6041, 3.99, 0.13, 74.28, 
6042, 4.00, 0.13, 74.28, 
6043, 4.00, 0.13, 74.29, 
6044, 3.99, 0.13, 74.29, 
6045, 3.99, 0.13, 74.30, 
6046, 4.00, 0.13, 74.30, 
6047, 4.00, 0.13, 74.31, 
6048, 4.00, 0.13, 74.31, 
6049, 3.99, 0.13, 74.32, 
6050, 4.00, 0.13, 74.32, 
6051, 4.00, 0.13, 74.33, 
6052, 4.00, 0.13, 74.33, 
6053, 4.00, 0.13, 74.33, 
6054, 4.00, 0.13, 74.34, 
6055, 4.00, 0.13, 74.34, 
6056, 4.00, 0.13, 74.35, 
6057, 4.00, 0.13, 74.35, 
6058, 4.00, 0.13, 74.36, 
6059, 3.99, 0.13, 74.36, 
6060, 4.00, 0.13, 74.37, 
6061, 4.00, 0.13, 74.37, 
6062, 4.00, 0.13, 74.38, 
6063, 4.00, 0.13, 74.38, 
6064, 4.00, 0.13, 74.39, 
6065, 4.00, 0.13, 74.39, 
6066, 4.00, 0.13, 74.39, 
6067, 4.00, 0.13, 74.40, 
6068, 4.00, 0.13, 74.40, 
6069, 3.99, 0.13, 74.41, 
6070, 4.00, 0.13, 74.41, 
6071, 4.00, 0.13, 74.42, 
6072, 4.00, 0.13, 74.42, 
6073, 4.00, 0.13, 74.43, 
6074, 4.00, 0.13, 74.43, 
6075, 4.00, 0.13, 74.44, 
6076, 4.00, 0.13, 74.44, 
6077, 4.00, 0.13, 74.44, 
6078, 3.99, 0.13, 74.45, 
6079, 4.00, 0.13, 74.45, 
6080, 4.00, 0.13, 74.46, 
6081, 4.00, 0.13, 74.46, 
6082, 4.00, 0.13, 74.47, 
6083, 4.00, 0.13, 74.47, 
6084, 4.00, 0.13, 74.48, 
6085, 4.00, 0.13, 74.48, 
6086, 3.99, 0.13, 74.49, 
6087, 4.01, 0.13, 74.49, 
6088, 4.00, 0.13, 74.50, 
6089, 4.00, 0.13, 74.50, 
6090, 3.99, 0.13, 74.50, 
6091, 4.00, 0.13, 74.51, 
6092, 4.00, 0.13, 74.51, 
6093, 4.00, 0.13, 74.52, 
6094, 4.00, 0.13, 74.52, 
6095, 4.00, 0.13, 74.53, 
6096, 4.00, 0.13, 74.53, 
6097, 4.00, 0.13, 74.54, 
6098, 4.00, 0.13, 74.54, 
6099, 4.00, 0.13, 74.55, 
6100, 4.00, 0.13, 74.55, 
6101, 4.00, 0.13, 74.55, 
6102, 4.01, 0.13, 74.56, 
6103, 4.00, 0.13, 74.56, 
6104, 4.00, 0.13, 74.57, 
6105, 4.00, 0.13, 74.57, 
6106, 4.00, 0.13, 74.58, 
6107, 4.00, 0.13, 74.58, 
6108, 4.00, 0.13, 74.59, 
6109, 4.00, 0.13, 74.59, 
6110, 4.00, 0.13, 74.59, 
6111, 3.99, 0.13, 74.60, 
6112, 4.00, 0.13, 74.60, 
6113, 4.00, 0.13, 74.61, 
6114, 4.00, 0.13, 74.61, 
6115, 4.00, 0.13, 74.62, 
6116, 4.00, 0.13, 74.62, 
6117, 4.00, 0.13, 74.63, 
6118, 4.00, 0.13, 74.63, 
6119, 4.00, 0.13, 74.64, 
6120, 4.01, 0.13, 74.64, 
6121, 4.00, 0.13, 74.64, 
6122, 4.00, 0.13, 74.65, 
6123, 4.00, 0.13, 74.65, 
6124, 4.00, 0.13, 74.66, 
6125, 4.00, 0.13, 74.66, 
6126, 4.00, 0.13, 74.67, 
6127, 4.01, 0.13, 74.67, 
6128, 4.01, 0.13, 74.68, 
6129, 4.00, 0.13, 74.68, 
6130, 4.00, 0.13, 74.68, 
6131, 4.00, 0.13, 74.69, 
6132, 4.01, 0.13, 74.69, 
6133, 4.01, 0.13, 74.70, 
6134, 4.01, 0.13, 74.70, 
6135, 4.00, 0.13, 74.71, 
6136, 4.00, 0.13, 74.71, 
6137, 4.00, 0.13, 74.72, 
6138, 4.00, 0.13, 74.72, 
6139, 4.01, 0.13, 74.73, 
6140, 4.00, 0.13, 74.73, 
6141, 4.00, 0.13, 74.73, 
6142, 4.00, 0.13, 74.74, 
6143, 4.00, 0.13, 74.74, 
6144, 4.00, 0.13, 74.75, 
6145, 4.00, 0.13, 74.75, 
6146, 4.00, 0.13, 74.76, 
6147, 4.01, 0.13, 74.76, 
6148, 4.00, 0.13, 74.77, 
6149, 4.01, 0.13, 74.77, 
6150, 4.00, 0.13, 74.77, 
6151, 4.00, 0.13, 74.78, 
6152, 4.00, 0.13, 74.78, 
6153, 4.00, 0.13, 74.79, 
6154, 4.00, 0.13, 74.79, 
6155, 4.00, 0.13, 74.80, 
6156, 4.00, 0.13, 74.80, 
6157, 4.00, 0.13, 74.81, 
6158, 4.00, 0.13, 74.81, 
6159, 4.00, 0.13, 74.81, 
6160, 4.01, 0.13, 74.82, 
6161, 4.01, 0.13, 74.82, 
6162, 4.00, 0.13, 74.83, 
6163, 4.01, 0.13, 74.83, 
6164, 4.00, 0.13, 74.84, 
6165, 4.00, 0.13, 74.84, 
6166, 4.00, 0.13, 74.85, 
6167, 4.00, 0.13, 74.85, 
6168, 4.00, 0.13, 74.85, 
6169, 4.00, 0.13, 74.86, 
6170, 4.00, 0.13, 74.86, 
6171, 4.01, 0.13, 74.87, 
6172, 4.00, 0.13, 74.87, 
6173, 4.01, 0.13, 74.88, 
6174, 4.00, 0.13, 74.88, 
6175, 4.00, 0.13, 74.89, 
6176, 4.00, 0.13, 74.89, 
6177, 4.01, 0.13, 74.89, 
6178, 4.00, 0.13, 74.90, 
6179, 4.01, 0.13, 74.90, 
6180, 4.00, 0.13, 74.91, 
6181, 4.00, 0.13, 74.91, 
6182, 4.01, 0.13, 74.92, 
6183, 4.01, 0.13, 74.92, 
6184, 4.01, 0.13, 74.93, 
6185, 4.01, 0.13, 74.93, 
6186, 4.00, 0.13, 74.93, 
6187, 4.00, 0.13, 74.94, 
6188, 4.00, 0.13, 74.94, 
6189, 4.01, 0.13, 74.95, 
6190, 4.01, 0.13, 74.95, 
6191, 4.01, 0.13, 74.96, 
6192, 4.00, 0.13, 74.96, 
6193, 4.00, 0.13, 74.97, 
6194, 4.01, 0.13, 74.97, 
6195, 4.01, 0.13, 74.97, 
6196, 4.01, 0.13, 74.98, 
6197, 4.00, 0.13, 74.98, 
6198, 4.01, 0.13, 74.99, 
6199, 4.01, 0.13, 74.99, 
6200, 4.01, 0.13, 75.00, 
6201, 4.01, 0.13, 75.00, 
6202, 4.01, 0.13, 75.01, 
6203, 4.01, 0.13, 75.01, 
6204, 4.01, 0.13, 75.01, 
6205, 4.01, 0.13, 75.02, 
6206, 4.01, 0.13, 75.02, 
6207, 4.01, 0.13, 75.03, 
6208, 4.01, 0.13, 75.03, 
6209, 4.01, 0.13, 75.04, 
6210, 4.01, 0.13, 75.04, 
6211, 4.01, 0.13, 75.04, 
6212, 4.01, 0.13, 75.05, 
6213, 4.01, 0.13, 75.05, 
6214, 4.01, 0.13, 75.06, 
6215, 4.01, 0.13, 75.06, 
6216, 4.01, 0.13, 75.07, 
6217, 4.01, 0.13, 75.07, 
6218, 4.01, 0.13, 75.08, 
6219, 4.00, 0.13, 75.08, 
6220, 4.00, 0.12, 75.08, 
6221, 4.01, 0.13, 75.09, 
6222, 4.01, 0.13, 75.09, 
6223, 4.01, 0.13, 75.10, 
6224, 4.00, 0.13, 75.10, 
6225, 4.01, 0.12, 75.11, 
6226, 4.01, 0.13, 75.11, 
6227, 4.01, 0.12, 75.11, 
6228, 4.01, 0.13, 75.12, 
6229, 4.00, 0.12, 75.12, 
6230, 4.01, 0.13, 75.13, 
6231, 4.01, 0.12, 75.13, 
6232, 4.00, 0.13, 75.14, 
6233, 4.01, 0.12, 75.14, 
6234, 4.01, 0.12, 75.14, 
6235, 4.01, 0.13, 75.15, 
6236, 4.01, 0.12, 75.15, 
6237, 4.01, 0.13, 75.16, 
6238, 4.00, 0.12, 75.16, 
6239, 4.01, 0.13, 75.17, 
6240, 4.01, 0.12, 75.17, 
6241, 4.01, 0.12, 75.18, 
6242, 4.02, 0.12, 75.18, 
6243, 4.02, 0.12, 75.18, 
6244, 4.01, 0.13, 75.19, 
6245, 4.01, 0.12, 75.19, 
6246, 4.01, 0.13, 75.20, 
6247, 4.02, 0.12, 75.20, 
6248, 4.01, 0.12, 75.21, 
6249, 4.01, 0.12, 75.21, 
6250, 4.01, 0.12, 75.21, 
6251, 4.01, 0.12, 75.22, 
6252, 4.01, 0.12, 75.22, 
6253, 4.01, 0.13, 75.23, 
6254, 4.01, 0.12, 75.23, 
6255, 4.02, 0.12, 75.24, 
6256, 4.01, 0.12, 75.24, 
6257, 4.01, 0.12, 75.24, 
6258, 4.00, 0.12, 75.25, 
6259, 4.00, 0.12, 75.25, 
6260, 4.02, 0.12, 75.26, 
6261, 4.01, 0.12, 75.26, 
6262, 4.02, 0.12, 75.27, 
6263, 4.01, 0.12, 75.27, 
6264, 4.01, 0.12, 75.27, 
6265, 4.01, 0.12, 75.28, 
6266, 4.01, 0.12, 75.28, 
6267, 4.01, 0.12, 75.29, 
6268, 4.01, 0.12, 75.29, 
6269, 4.01, 0.12, 75.30, 
6270, 4.01, 0.12, 75.30, 
6271, 4.01, 0.12, 75.30, 
6272, 4.01, 0.12, 75.31, 
6273, 4.01, 0.12, 75.31, 
6274, 4.01, 0.12, 75.32, 
6275, 4.01, 0.12, 75.32, 
6276, 4.01, 0.12, 75.33, 
6277, 4.01, 0.12, 75.33, 
6278, 4.01, 0.12, 75.33, 
6279, 4.01, 0.12, 75.34, 
6280, 4.01, 0.12, 75.34, 
6281, 4.01, 0.12, 75.35, 
6282, 4.01, 0.12, 75.35, 
6283, 4.01, 0.12, 75.36, 
6284, 4.01, 0.12, 75.36, 
6285, 4.01, 0.12, 75.36, 
6286, 4.01, 0.12, 75.37, 
6287, 4.01, 0.12, 75.37, 
6288, 4.01, 0.12, 75.38, 
6289, 4.01, 0.12, 75.38, 
6290, 4.01, 0.12, 75.39, 
6291, 4.01, 0.12, 75.39, 
6292, 4.02, 0.12, 75.39, 
6293, 4.01, 0.12, 75.40, 
6294, 4.01, 0.12, 75.40, 
6295, 4.01, 0.12, 75.41, 
6296, 4.01, 0.12, 75.41, 
6297, 4.01, 0.12, 75.42, 
6298, 4.01, 0.12, 75.42, 
6299, 4.01, 0.12, 75.42, 
6300, 4.01, 0.12, 75.43, 
6301, 4.01, 0.12, 75.43, 
6302, 4.01, 0.12, 75.44, 
6303, 4.01, 0.12, 75.44, 
6304, 4.02, 0.12, 75.45, 
6305, 4.01, 0.12, 75.45, 
6306, 4.01, 0.12, 75.45, 
6307, 4.01, 0.12, 75.46, 
6308, 4.02, 0.12, 75.46, 
6309, 4.01, 0.12, 75.47, 
6310, 4.01, 0.12, 75.47, 
6311, 4.01, 0.12, 75.48, 
6312, 4.01, 0.12, 75.48, 
6313, 4.01, 0.12, 75.48, 
6314, 4.01, 0.12, 75.49, 
6315, 4.01, 0.12, 75.49, 
6316, 4.01, 0.12, 75.50, 
6317, 4.01, 0.12, 75.50, 
6318, 4.01, 0.12, 75.51, 
6319, 4.01, 0.12, 75.51, 
6320, 4.01, 0.12, 75.51, 
6321, 4.01, 0.12, 75.52, 
6322, 4.01, 0.12, 75.52, 
6323, 4.01, 0.12, 75.53, 
6324, 4.01, 0.12, 75.53, 
6325, 4.01, 0.12, 75.53, 
6326, 4.01, 0.12, 75.54, 
6327, 4.01, 0.12, 75.54, 
6328, 4.01, 0.12, 75.55, 
6329, 4.02, 0.12, 75.55, 
6330, 4.01, 0.12, 75.56, 
6331, 4.02, 0.12, 75.56, 
6332, 4.02, 0.12, 75.56, 
6333, 4.01, 0.12, 75.57, 
6334, 4.01, 0.12, 75.57, 
6335, 4.01, 0.12, 75.58, 
6336, 4.02, 0.12, 75.58, 
6337, 4.02, 0.12, 75.59, 
6338, 4.02, 0.12, 75.59, 
6339, 4.02, 0.12, 75.59, 
6340, 4.02, 0.12, 75.60, 
6341, 4.01, 0.12, 75.60, 
6342, 4.02, 0.12, 75.61, 
6343, 4.01, 0.12, 75.61, 
6344, 4.02, 0.12, 75.61, 
6345, 4.02, 0.12, 75.62, 
6346, 4.02, 0.12, 75.62, 
6347, 4.02, 0.12, 75.63, 
6348, 4.02, 0.12, 75.63, 
6349, 4.02, 0.12, 75.64, 
6350, 4.02, 0.12, 75.64, 
6351, 4.02, 0.12, 75.64, 
6352, 4.02, 0.12, 75.65, 
6353, 4.02, 0.12, 75.65, 
6354, 4.02, 0.12, 75.66, 
6355, 4.02, 0.12, 75.66, 
6356, 4.02, 0.12, 75.66, 
6357, 4.02, 0.12, 75.67, 
6358, 4.02, 0.12, 75.67, 
6359, 4.02, 0.12, 75.68, 
6360, 4.01, 0.12, 75.68, 
6361, 4.02, 0.12, 75.69, 
6362, 4.02, 0.12, 75.69, 
6363, 4.01, 0.12, 75.69, 
6364, 4.02, 0.12, 75.70, 
6365, 4.01, 0.12, 75.70, 
6366, 4.02, 0.12, 75.71, 
6367, 4.02, 0.12, 75.71, 
6368, 4.02, 0.12, 75.72, 
6369, 4.02, 0.12, 75.72, 
6370, 4.02, 0.12, 75.72, 
6371, 4.02, 0.12, 75.73, 
6372, 4.02, 0.12, 75.73, 
6373, 4.02, 0.12, 75.74, 
6374, 4.02, 0.12, 75.74, 
6375, 4.02, 0.12, 75.74, 
6376, 4.02, 0.12, 75.75, 
6377, 4.01, 0.12, 75.75, 
6378, 4.02, 0.12, 75.76, 
6379, 4.01, 0.12, 75.76, 
6380, 4.02, 0.12, 75.77, 
6381, 4.02, 0.12, 75.77, 
6382, 4.02, 0.12, 75.77, 
6383, 4.01, 0.12, 75.78, 
6384, 4.02, 0.12, 75.78, 
6385, 4.02, 0.12, 75.79, 
6386, 4.02, 0.12, 75.79, 
6387, 4.01, 0.12, 75.79, 
6388, 4.01, 0.12, 75.80, 
6389, 4.02, 0.12, 75.80, 
6390, 4.02, 0.12, 75.81, 
6391, 4.02, 0.12, 75.81, 
6392, 4.02, 0.12, 75.81, 
6393, 4.01, 0.12, 75.82, 
6394, 4.02, 0.12, 75.82, 
6395, 4.02, 0.12, 75.83, 
6396, 4.02, 0.12, 75.83, 
6397, 4.02, 0.12, 75.84, 
6398, 4.01, 0.12, 75.84, 
6399, 4.02, 0.12, 75.84, 
6400, 4.03, 0.12, 75.85, 
6401, 4.03, 0.12, 75.85, 
6402, 4.02, 0.12, 75.86, 
6403, 4.02, 0.12, 75.86, 
6404, 4.02, 0.12, 75.86, 
6405, 4.02, 0.12, 75.87, 
6406, 4.01, 0.12, 75.87, 
6407, 4.02, 0.12, 75.88, 
6408, 4.02, 0.12, 75.88, 
6409, 4.02, 0.12, 75.88, 
6410, 4.02, 0.12, 75.89, 
6411, 4.02, 0.12, 75.89, 
6412, 4.01, 0.12, 75.90, 
6413, 4.02, 0.12, 75.90, 
6414, 4.02, 0.12, 75.91, 
6415, 4.02, 0.12, 75.91, 
6416, 4.02, 0.12, 75.91, 
6417, 4.02, 0.12, 75.92, 
6418, 4.02, 0.12, 75.92, 
6419, 4.02, 0.12, 75.93, 
6420, 4.02, 0.12, 75.93, 
6421, 4.02, 0.12, 75.93, 
6422, 4.02, 0.12, 75.94, 
6423, 4.02, 0.12, 75.94, 
6424, 4.02, 0.12, 75.95, 
6425, 4.02, 0.12, 75.95, 
6426, 4.02, 0.12, 75.95, 
6427, 4.02, 0.12, 75.96, 
6428, 4.02, 0.12, 75.96, 
6429, 4.02, 0.12, 75.97, 
6430, 4.02, 0.12, 75.97, 
6431, 4.02, 0.12, 75.98, 
6432, 4.02, 0.12, 75.98, 
6433, 4.02, 0.12, 75.98, 
6434, 4.01, 0.12, 75.99, 
6435, 4.02, 0.12, 75.99, 
6436, 4.02, 0.12, 76.00, 
6437, 4.02, 0.12, 76.00, 
6438, 4.02, 0.12, 76.00, 
6439, 4.02, 0.12, 76.01, 
6440, 4.02, 0.12, 76.01, 
6441, 4.02, 0.12, 76.02, 
6442, 4.02, 0.12, 76.02, 
6443, 4.02, 0.12, 76.02, 
6444, 4.02, 0.12, 76.03, 
6445, 4.03, 0.12, 76.03, 
6446, 4.02, 0.12, 76.04, 
6447, 4.02, 0.12, 76.04, 
6448, 4.02, 0.12, 76.04, 
6449, 4.02, 0.12, 76.05, 
6450, 4.02, 0.12, 76.05, 
6451, 4.02, 0.12, 76.06, 
6452, 4.02, 0.12, 76.06, 
6453, 4.02, 0.12, 76.06, 
6454, 4.02, 0.12, 76.07, 
6455, 4.02, 0.12, 76.07, 
6456, 4.02, 0.12, 76.08, 
6457, 4.02, 0.12, 76.08, 
6458, 4.02, 0.12, 76.09, 
6459, 4.02, 0.12, 76.09, 
6460, 4.02, 0.12, 76.09, 
6461, 4.02, 0.12, 76.10, 
6462, 4.01, 0.12, 76.10, 
6463, 4.02, 0.12, 76.11, 
6464, 4.01, 0.12, 76.11, 
6465, 4.02, 0.12, 76.11, 
6466, 4.02, 0.12, 76.12, 
6467, 4.02, 0.12, 76.12, 
6468, 4.03, 0.12, 76.13, 
6469, 4.02, 0.12, 76.13, 
6470, 4.03, 0.12, 76.13, 
6471, 4.03, 0.12, 76.14, 
6472, 4.02, 0.12, 76.14, 
6473, 4.02, 0.12, 76.15, 
6474, 4.02, 0.12, 76.15, 
6475, 4.01, 0.12, 76.15, 
6476, 4.02, 0.12, 76.16, 
6477, 4.02, 0.12, 76.16, 
6478, 4.02, 0.12, 76.17, 
6479, 4.02, 0.12, 76.17, 
6480, 4.02, 0.12, 76.17, 
6481, 4.02, 0.11, 76.18, 
6482, 4.02, 0.12, 76.18, 
6483, 4.02, 0.12, 76.19, 
6484, 4.02, 0.12, 76.19, 
6485, 4.02, 0.12, 76.19, 
6486, 4.02, 0.12, 76.20, 
6487, 4.02, 0.12, 76.20, 
6488, 4.02, 0.12, 76.21, 
6489, 4.02, 0.12, 76.21, 
6490, 4.02, 0.12, 76.21, 
6491, 4.02, 0.11, 76.22, 
6492, 4.02, 0.12, 76.22, 
6493, 4.02, 0.12, 76.23, 
6494, 4.02, 0.12, 76.23, 
6495, 4.03, 0.11, 76.23, 
6496, 4.02, 0.12, 76.24, 
6497, 4.02, 0.12, 76.24, 
6498, 4.02, 0.12, 76.25, 
6499, 4.03, 0.11, 76.25, 
6500, 4.03, 0.12, 76.25, 
6501, 4.02, 0.11, 76.26, 
6502, 4.02, 0.11, 76.26, 
6503, 4.02, 0.11, 76.27, 
6504, 4.02, 0.12, 76.27, 
6505, 4.03, 0.11, 76.27, 
6506, 4.02, 0.11, 76.28, 
6507, 4.03, 0.12, 76.28, 
6508, 4.03, 0.12, 76.29, 
6509, 4.02, 0.11, 76.29, 
6510, 4.02, 0.11, 76.29, 
6511, 4.03, 0.11, 76.30, 
6512, 4.02, 0.12, 76.30, 
6513, 4.02, 0.12, 76.31, 
6514, 4.03, 0.12, 76.31, 
6515, 4.03, 0.11, 76.31, 
6516, 4.03, 0.12, 76.32, 
6517, 4.03, 0.11, 76.32, 
6518, 4.03, 0.11, 76.33, 
6519, 4.03, 0.11, 76.33, 
6520, 4.03, 0.11, 76.33, 
6521, 4.03, 0.12, 76.34, 
6522, 4.03, 0.11, 76.34, 
6523, 4.03, 0.11, 76.35, 
6524, 4.03, 0.11, 76.35, 
6525, 4.03, 0.11, 76.35, 
6526, 4.03, 0.11, 76.36, 
6527, 4.03, 0.11, 76.36, 
6528, 4.03, 0.11, 76.37, 
6529, 4.03, 0.11, 76.37, 
6530, 4.03, 0.11, 76.37, 
6531, 4.03, 0.11, 76.38, 
6532, 4.02, 0.11, 76.38, 
6533, 4.03, 0.11, 76.39, 
6534, 4.03, 0.11, 76.39, 
6535, 4.03, 0.11, 76.39, 
6536, 4.03, 0.11, 76.40, 
6537, 4.03, 0.11, 76.40, 
6538, 4.02, 0.11, 76.41, 
6539, 4.02, 0.11, 76.41, 
6540, 4.03, 0.11, 76.41, 
6541, 4.02, 0.11, 76.42, 
6542, 4.02, 0.11, 76.42, 
6543, 4.02, 0.11, 76.42, 
6544, 4.02, 0.11, 76.43, 
6545, 4.02, 0.11, 76.43, 
6546, 4.03, 0.11, 76.44, 
6547, 4.02, 0.11, 76.44, 
6548, 4.03, 0.11, 76.44, 
6549, 4.03, 0.11, 76.45, 
6550, 4.02, 0.11, 76.45, 
6551, 4.03, 0.11, 76.46, 
6552, 4.02, 0.11, 76.46, 
6553, 4.02, 0.11, 76.46, 
6554, 4.02, 0.11, 76.47, 
6555, 4.03, 0.11, 76.47, 
6556, 4.03, 0.11, 76.48, 
6557, 4.03, 0.11, 76.48, 
6558, 4.04, 0.11, 76.48, 
6559, 4.03, 0.11, 76.49, 
6560, 4.03, 0.11, 76.49, 
6561, 4.02, 0.11, 76.50, 
6562, 4.03, 0.11, 76.50, 
6563, 4.02, 0.11, 76.50, 
6564, 4.03, 0.11, 76.51, 
6565, 4.03, 0.11, 76.51, 
6566, 4.02, 0.11, 76.52, 
6567, 4.03, 0.11, 76.52, 
6568, 4.03, 0.11, 76.52, 
6569, 4.03, 0.11, 76.53, 
6570, 4.03, 0.11, 76.53, 
6571, 4.03, 0.11, 76.53, 
6572, 4.03, 0.11, 76.54, 
6573, 4.03, 0.11, 76.54, 
6574, 4.03, 0.11, 76.55, 
6575, 4.03, 0.11, 76.55, 
6576, 4.03, 0.11, 76.55, 
6577, 4.03, 0.11, 76.56, 
6578, 4.03, 0.11, 76.56, 
6579, 4.03, 0.11, 76.57, 
6580, 4.03, 0.11, 76.57, 
6581, 4.03, 0.11, 76.57, 
6582, 4.02, 0.11, 76.58, 
6583, 4.03, 0.11, 76.58, 
6584, 4.03, 0.11, 76.59, 
6585, 4.03, 0.11, 76.59, 
6586, 4.03, 0.11, 76.59, 
6587, 4.03, 0.11, 76.60, 
6588, 4.03, 0.11, 76.60, 
6589, 4.03, 0.11, 76.61, 
6590, 4.03, 0.11, 76.61, 
6591, 4.03, 0.11, 76.61, 
6592, 4.03, 0.11, 76.62, 
6593, 4.03, 0.11, 76.62, 
6594, 4.03, 0.11, 76.62, 
6595, 4.03, 0.11, 76.63, 
6596, 4.03, 0.11, 76.63, 
6597, 4.03, 0.11, 76.64, 
6598, 4.02, 0.04, 76.64, 
6599, 4.09, 0.11, 76.64, 
6600, 4.04, 0.11, 76.65, 
6601, 4.03, 0.11, 76.65, 
6602, 4.03, 0.11, 76.65, 
6603, 3.99, 0.11, 76.66, 
6604, 4.02, 0.11, 76.66, 
6605, 3.99, 0.11, 76.67, 
6606, 4.00, 0.11, 76.67, 
6607, 4.03, 0.11, 76.67, 
6608, 4.03, 0.11, 76.68, 
6609, 4.03, 0.11, 76.68, 
6610, 4.03, 0.11, 76.68, 
6611, 4.03, 0.05, 76.69, 
6612, 4.03, 0.11, 76.69, 
6613, 4.03, 0.11, 76.69, 
6614, 4.03, 0.09, 76.70, 
6615, 4.03, 0.11, 76.70, 
6616, 4.03, 0.11, 76.71, 
6617, 4.11, 0.11, 76.71, 
6618, 4.03, 0.01, 76.71, 
6619, 4.03, 0.11, 76.71, 
6620, 4.02, 0.11, 76.72, 
6621, 4.03, 0.11, 76.72, 
6622, 4.03, 0.11, 76.72, 
6623, 4.03, 0.01, 76.73, 
6624, 4.03, 0.11, 76.73, 
6625, 4.14, 0.11, 76.73, 
6626, 4.03, 0.11, 76.74, 
6627, 4.01, 0.11, 76.74, 
6628, 4.03, 0.11, 76.74, 
6629, 4.03, 0.11, 76.75, 
6630, 4.03, 0.11, 76.75, 
6631, 4.04, 0.01, 76.75, 
6632, 4.03, 0.11, 76.76, 
6633, 4.11, 0.11, 76.76, 
6634, 4.03, 0.00, 76.76, 
6635, 4.02, 0.11, 76.76, 
6636, 4.03, 0.08, 76.77, 
6637, 4.09, 0.11, 76.77, 
6638, 4.13, 0.11, 76.77, 
6639, 4.03, 0.11, 76.78, 
6640, 4.02, 0.07, 76.78, 
6641, 4.01, 0.11, 76.79, 
6642, 4.03, 0.11, 76.79, 
6643, 4.02, 0.11, 76.79, 
6644, 4.03, 0.11, 76.80, 
6645, 4.03, 0.11, 76.80, 
6646, 4.03, 0.11, 76.80, 
6647, 4.03, 0.11, 76.81, 
6648, 4.02, 0.11, 76.81, 
6649, 4.10, 0.11, 76.82, 
6650, 4.02, 0.11, 76.82, 
6651, 4.03, 0.04, 76.82, 
6652, 3.97, 0.11, 76.83, 
6653, 4.02, 0.11, 76.83, 
6654, 4.02, 0.11, 76.83, 
6655, 4.03, 0.11, 76.84, 
6656, 4.13, 0.11, 76.84, 
6657, 4.08, 0.11, 76.85, 
6658, 4.03, 0.11, 76.85, 
6659, 4.03, 0.11, 76.85, 
6660, 4.03, 0.00, 76.85, 
6661, 4.03, 0.11, 76.86, 
6662, 4.02, 0.00, 76.86, 
6663, 4.02, 0.11, 76.86, 
6664, 4.09, 0.11, 76.86, 
6665, 4.03, 0.11, 76.87, 
6666, 4.03, 0.11, 76.87, 
6667, 4.02, 0.11, 76.88, 
6668, 3.97, 0.11, 76.88, 
6669, 4.03, 0.11, 76.88, 
6670, 4.02, 0.02, 76.88, 
6671, 4.03, 0.11, 76.89, 
6672, 4.01, 0.11, 76.89, 
6673, 4.03, 0.11, 76.90, 
6674, 4.01, 0.05, 76.90, 
6675, 4.08, 0.11, 76.90, 
6676, 3.97, 0.11, 76.91, 
6677, 3.98, 0.11, 76.91, 
6678, 4.00, 0.11, 76.91, 
6679, 4.00, 0.11, 76.92, 
6680, 4.03, 0.11, 76.92, 
6681, 3.98, 0.11, 76.92, 
6682, 4.10, 0.11, 76.93, 
6683, 4.03, 0.11, 76.93, 
6684, 4.03, 0.11, 76.94, 
6685, 3.97, 0.11, 76.94, 
6686, 4.06, 0.11, 76.94, 
6687, 4.03, 0.00, 76.94, 
6688, 3.96, 0.11, 76.95, 
6689, 4.13, 0.11, 76.95, 
6690, 4.02, 0.11, 76.96, 
6691, 4.04, 0.11, 76.96, 
6692, 4.02, 0.10, 76.96, 
6693, 4.03, 0.11, 76.97, 
6694, 4.04, 0.11, 76.97, 
6695, 4.03, 0.07, 76.97, 
6696, 4.03, 0.11, 76.98, 
6697, 4.03, 0.11, 76.98, 
6698, 4.00, 0.11, 76.98, 
6699, 4.02, 0.00, 76.98, 
6700, 4.03, 0.11, 76.99, 
6701, 3.98, 0.11, 76.99, 
6702, 4.14, 0.11, 77.00, 
6703, 4.05, 0.09, 77.00, 
6704, 4.02, 0.11, 77.00, 
6705, 4.11, 0.11, 77.01, 
6706, 4.15, 0.11, 77.01, 
6707, 4.06, 0.10, 77.01, 
6708, 3.98, 0.11, 77.02, 
6709, 4.03, 0.11, 77.02, 
6710, 4.09, 0.11, 77.03, 
6711, 4.12, 0.11, 77.03, 
6712, 4.03, 0.11, 77.03, 
6713, 4.03, 0.05, 77.04, 
6714, 4.01, 0.11, 77.04, 
6715, 4.02, 0.11, 77.04, 
6716, 4.03, 0.11, 77.05, 
6717, 4.03, 0.06, 77.05, 
6718, 4.14, 0.11, 77.05, 
6719, 4.00, 0.11, 77.06, 
6720, 4.03, 0.00, 77.06, 
6721, 4.03, 0.03, 77.06, 
6722, 3.98, 0.11, 77.06, 
6723, 4.03, 0.01, 77.06, 
6724, 4.03, 0.01, 77.06, 
6725, 4.07, 0.10, 77.07, 
6726, 4.04, 0.11, 77.07, 
6727, 4.03, 0.11, 77.07, 
6728, 4.03, 0.11, 77.08, 
6729, 4.10, 0.11, 77.08, 
6730, 3.97, 0.09, 77.09, 
6731, 4.08, 0.11, 77.09, 
6732, 3.97, 0.11, 77.09, 
6733, 4.03, 0.07, 77.10, 
6734, 4.11, 0.11, 77.10, 
6735, 3.99, 0.00, 77.10, 
6736, 4.13, 0.11, 77.10, 
6737, 4.03, 0.11, 77.11, 
6738, 4.12, 0.11, 77.11, 
6739, 4.01, 0.11, 77.11, 
6740, 4.06, 0.10, 77.12, 
6741, 4.11, 0.11, 77.12, 
6742, 4.14, 0.11, 77.13, 
6743, 4.01, 0.11, 77.13, 
6744, 4.14, 0.11, 77.13, 
6745, 4.13, 0.11, 77.14, 
6746, 4.03, 0.08, 77.14, 
6747, 4.00, 0.11, 77.14, 
6748, 4.09, 0.11, 77.15, 
6749, 4.03, 0.07, 77.15, 
6750, 4.02, 0.11, 77.15, 
6751, 3.97, 0.11, 77.16, 
6752, 4.03, 0.11, 77.16, 
6753, 4.03, 0.03, 77.16, 
6754, 4.13, 0.11, 77.17, 
6755, 4.03, 0.02, 77.17, 
6756, 4.05, 0.11, 77.17, 
6757, 4.01, 0.11, 77.18, 
6758, 4.03, 0.11, 77.18, 
6759, 4.03, 0.00, 77.18, 
6760, 4.03, 0.01, 77.18, 
6761, 4.00, 0.11, 77.18, 
6762, 4.04, 0.07, 77.19, 
6763, 4.01, 0.11, 77.19, 
6764, 4.03, 0.03, 77.19, 
6765, 4.01, 0.08, 77.19, 
6766, 4.10, 0.11, 77.20, 
6767, 4.02, 0.11, 77.20, 
6768, 4.01, 0.11, 77.20, 
6769, 4.03, 0.01, 77.21, 
6770, 3.98, 0.11, 77.21, 
6771, 3.97, 0.11, 77.21, 
6772, 4.09, 0.11, 77.22, 
6773, 4.00, 0.05, 77.22, 
6774, 3.99, 0.11, 77.22, 
6775, 3.98, 0.11, 77.23, 
6776, 4.06, 0.11, 77.23, 
6777, 4.12, 0.11, 77.23, 
6778, 4.06, 0.09, 77.24, 
6779, 4.03, 0.11, 77.24, 
6780, 4.03, 0.11, 77.24, 
6781, 4.03, 0.11, 77.25, 
6782, 4.03, 0.01, 77.25, 
6783, 4.03, 0.00, 77.25, 
6784, 4.03, 0.00, 77.25, 
6785, 4.07, 0.11, 77.25, 
6786, 3.98, 0.04, 77.25, 
6787, 4.11, 0.11, 77.26, 
6788, 4.00, 0.04, 77.26, 
6789, 4.01, 0.03, 77.26, 
6790, 3.98, 0.10, 77.26, 
6791, 4.13, 0.11, 77.27, 
6792, 4.13, 0.11, 77.27, 
6793, 4.01, 0.00, 77.27, 
6794, 4.03, 0.00, 77.27, 
6795, 4.10, 0.11, 77.28, 
6796, 4.04, 0.08, 77.28, 
6797, 4.03, 0.01, 77.28, 
6798, 4.12, 0.11, 77.28, 
6799, 4.14, 0.11, 77.29, 
6800, 4.04, 0.00, 77.29, 
6801, 3.99, 0.07, 77.29, 
6802, 4.05, 0.08, 77.29, 
6803, 4.10, 0.11, 77.29, 
6804, 4.03, 0.00, 77.29, 
6805, 4.09, 0.11, 77.30, 
6806, 4.00, 0.11, 77.30, 
6807, 3.97, 0.11, 77.31, 
6808, 4.03, 0.04, 77.31, 
6809, 4.01, 0.00, 77.31, 
6810, 3.96, 0.11, 77.31, 
6811, 4.08, 0.11, 77.32, 
6812, 4.02, 0.11, 77.32, 
6813, 4.03, 0.08, 77.32, 
6814, 4.03, 0.00, 77.32, 
6815, 4.03, 0.00, 77.32, 
6816, 4.01, 0.02, 77.32, 
6817, 4.00, 0.00, 77.32, 
6818, 4.03, 0.03, 77.32, 
6819, 4.03, 0.11, 77.33, 
6820, 4.06, 0.10, 77.33, 
6821, 3.99, 0.11, 77.33, 
6822, 4.01, 0.11, 77.34, 
6823, 3.98, 0.07, 77.34, 
6824, 3.99, 0.11, 77.34, 
6825, 4.01, 0.02, 77.35, 
6826, 4.03, 0.00, 77.35, 
6827, 4.12, 0.11, 77.35, 
6828, 4.01, 0.11, 77.35, 
6829, 4.03, 0.00, 77.35, 
6830, 4.04, 0.00, 77.35, 
6831, 4.03, 0.05, 77.35, 
6832, 3.98, 0.08, 77.36, 
6833, 4.03, 0.02, 77.36, 
6834, 4.03, 0.03, 77.36, 
6835, 3.99, 0.11, 77.36, 
6836, 4.11, 0.11, 77.37, 
6837, 4.10, 0.11, 77.37, 
6838, 3.98, 0.07, 77.37, 
6839, 4.02, 0.02, 77.37, 
6840, 3.99, 0.00, 77.37, 
6841, 4.06, 0.11, 77.38, 
6842, 4.03, 0.00, 77.38, 
6843, 4.05, 0.09, 77.38, 
6844, 4.01, 0.01, 77.38, 
6845, 4.07, 0.10, 77.38, 
6846, 4.13, 0.11, 77.39, 
6847, 4.03, 0.05, 77.39, 
6848, 4.00, 0.00, 77.39, 
6849, 4.12, 0.11, 77.39, 
6850, 3.97, 0.04, 77.39, 
6851, 4.03, 0.05, 77.40, 
6852, 4.04, 0.08, 77.40, 
6853, 4.01, 0.09, 77.40, 
6854, 4.09, 0.11, 77.41, 
6855, 3.97, 0.11, 77.41, 
6856, 4.06, 0.09, 77.41, 
6857, 4.03, 0.01, 77.41, 
6858, 4.10, 0.11, 77.42, 
6859, 3.97, 0.07, 77.42, 
6860, 4.00, 0.03, 77.42, 
6861, 4.03, 0.04, 77.42, 
6862, 3.98, 0.00, 77.42, 
6863, 4.14, 0.11, 77.43, 
6864, 4.00, 0.09, 77.43, 
6865, 4.05, 0.08, 77.43, 
6866, 4.04, 0.08, 77.44, 
6867, 4.11, 0.07, 77.44, 
6868, 3.99, 0.04, 77.44, 
6869, 4.03, 0.02, 77.44, 
6870, 4.11, 0.11, 77.44, 
6871, 4.13, 0.11, 77.45, 
6872, 4.01, 0.00, 77.45, 
6873, 4.12, 0.11, 77.45, 
6874, 4.12, 0.11, 77.45, 
6875, 4.00, 0.00, 77.45, 
6876, 4.01, 0.10, 77.46, 
6877, 4.08, 0.11, 77.46, 
6878, 4.07, 0.10, 77.47, 
6879, 4.12, 0.11, 77.47, 
6880, 3.98, 0.04, 77.47, 
6881, 4.03, 0.04, 77.47, 
6882, 4.01, 0.00, 77.47, 
6883, 3.98, 0.00, 77.47, 
6884, 4.11, 0.11, 77.48, 
6885, 4.06, 0.09, 77.48, 
6886, 4.02, 0.07, 77.48, 
6887, 4.03, 0.09, 77.48, 
6888, 4.02, 0.01, 77.49, 
6889, 4.04, 0.08, 77.49, 
6890, 3.99, 0.00, 77.49, 
6891, 3.99, 0.00, 77.49, 
6892, 3.98, 0.05, 77.49, 
6893, 4.00, 0.00, 77.49, 
6894, 4.04, 0.05, 77.49, 
6895, 4.03, 0.05, 77.49, 
6896, 4.04, 0.07, 77.50, 
6897, 4.11, 0.11, 77.50, 
6898, 4.00, 0.00, 77.50, 
6899, 4.08, 0.11, 77.50, 
6900, 4.04, 0.06, 77.51, 
6901, 3.98, 0.05, 77.51, 
6902, 4.07, 0.09, 77.51, 
6903, 4.06, 0.10, 77.51, 
6904, 4.03, 0.03, 77.51, 
6905, 4.00, 0.00, 77.51, 
6906, 3.99, 0.00, 77.51, 
6907, 3.99, 0.00, 77.51, 
6908, 4.08, 0.10, 77.52, 
6909, 4.08, 0.11, 77.52, 
6910, 4.12, 0.11, 77.53, 
6911, 4.08, 0.11, 77.53, 
6912, 4.11, 0.11, 77.53, 
6913, 4.04, 0.07, 77.54, 
6914, 4.03, 0.00, 77.54, 
6915, 4.09, 0.10, 77.54, 
6916, 4.03, 0.05, 77.54, 
6917, 4.01, 0.09, 77.54, 
6918, 4.11, 0.11, 77.55, 
6919, 4.00, 0.06, 77.55, 
6920, 3.99, 0.00, 77.55, 
6921, 4.04, 0.05, 77.55, 
6922, 3.98, 0.05, 77.55, 
6923, 4.13, 0.11, 77.56, 
6924, 4.01, 0.05, 77.56, 
6925, 4.13, 0.11, 77.56, 
6926, 4.03, 0.04, 77.56, 
6927, 4.08, 0.08, 77.57, 
6928, 4.08, 0.08, 77.57, 
6929, 3.98, 0.01, 77.57, 
6930, 4.02, 0.03, 77.57, 
6931, 4.01, 0.00, 77.57, 
6932, 4.03, 0.06, 77.57, 
6933, 3.98, 0.00, 77.57, 
6934, 4.03, 0.07, 77.58, 
6935, 4.07, 0.11, 77.58, 
6936, 4.14, 0.11, 77.58, 
6937, 3.97, 0.02, 77.58, 
6938, 4.03, 0.04, 77.58, 
6939, 4.03, 0.07, 77.59, 
6940, 3.98, 0.00, 77.59, 
6941, 4.05, 0.08, 77.59, 
6942, 4.09, 0.11, 77.59, 
6943, 4.03, 0.06, 77.60, 
6944, 4.03, 0.07, 77.60, 
6945, 4.12, 0.10, 77.60, 
6946, 4.10, 0.11, 77.61, 
6947, 4.08, 0.08, 77.61, 
6948, 4.08, 0.11, 77.61, 
6949, 4.05, 0.09, 77.62, 
6950, 4.13, 0.11, 77.62, 
6951, 4.05, 0.11, 77.62, 
6952, 4.08, 0.10, 77.63, 
6953, 4.13, 0.11, 77.63, 
6954, 4.12, 0.11, 77.63, 
6955, 4.00, 0.01, 77.63, 
6956, 3.97, 0.00, 77.63, 
6957, 4.10, 0.11, 77.64, 
6958, 4.03, 0.04, 77.64, 
6959, 3.98, 0.00, 77.64, 
6960, 4.03, 0.05, 77.64, 
6961, 4.12, 0.11, 77.64, 
6962, 4.04, 0.05, 77.65, 
6963, 4.13, 0.11, 77.65, 
6964, 4.05, 0.07, 77.65, 
6965, 4.14, 0.11, 77.66, 
6966, 4.04, 0.05, 77.66, 
6967, 4.00, 0.02, 77.66, 
6968, 4.13, 0.11, 77.66, 
6969, 4.14, 0.11, 77.67, 
6970, 4.08, 0.07, 77.67, 
6971, 4.12, 0.11, 77.67, 
6972, 4.12, 0.11, 77.68, 
6973, 4.09, 0.10, 77.68, 
6974, 4.03, 0.03, 77.68, 
6975, 4.14, 0.11, 77.69, 
6976, 4.03, 0.05, 77.69, 
6977, 3.98, 0.06, 77.69, 
6978, 4.01, 0.04, 77.69, 
6979, 3.98, 0.02, 77.69, 
6980, 4.00, 0.00, 77.69, 
6981, 4.13, 0.11, 77.69, 
6982, 4.08, 0.11, 77.70, 
6983, 4.13, 0.11, 77.70, 
6984, 4.05, 0.08, 77.70, 
6985, 3.98, 0.00, 77.70, 
6986, 4.14, 0.11, 77.71, 
6987, 4.08, 0.11, 77.71, 
6988, 4.01, 0.11, 77.72, 
6989, 4.02, 0.10, 77.72, 
6990, 4.07, 0.10, 77.72, 
6991, 4.09, 0.11, 77.73, 
6992, 4.02, 0.04, 77.73, 
6993, 4.12, 0.09, 77.73, 
6994, 3.97, 0.00, 77.73, 
6995, 4.06, 0.06, 77.73, 
6996, 3.98, 0.00, 77.73, 
6997, 4.02, 0.04, 77.74, 
6998, 4.08, 0.11, 77.74, 
6999, 3.97, 0.01, 77.74, 
7000, 4.13, 0.11, 77.74, 
7001, 4.04, 0.05, 77.74, 
7002, 4.11, 0.10, 77.75, 
7003, 4.03, 0.07, 77.75, 
7004, 4.01, 0.00, 77.75, 
7005, 4.01, 0.04, 77.75, 
7006, 3.98, 0.00, 77.75, 
7007, 4.00, 0.00, 77.75, 
7008, 4.03, 0.04, 77.75, 
7009, 4.14, 0.11, 77.76, 
7010, 3.98, 0.00, 77.76, 
7011, 3.97, 0.00, 77.76, 
7012, 4.07, 0.06, 77.76, 
7013, 4.04, 0.05, 77.76, 
7014, 4.03, 0.03, 77.76, 
7015, 4.13, 0.11, 77.77, 
7016, 3.99, 0.00, 77.77, 
7017, 4.09, 0.11, 77.77, 
7018, 3.99, 0.00, 77.77, 
7019, 4.02, 0.02, 77.77, 
7020, 4.06, 0.06, 77.77, 
7021, 4.08, 0.00, 77.77, 
7022, 4.04, 0.04, 77.77, 
7023, 4.09, 0.10, 77.78, 
7024, 4.14, 0.11, 77.78, 
7025, 4.14, 0.11, 77.78, 
7026, 4.08, 0.03, 77.79, 
7027, 4.01, 0.05, 77.79, 
7028, 4.07, 0.10, 77.79, 
7029, 4.08, 0.11, 77.79, 
7030, 4.10, 0.07, 77.80, 
7031, 4.14, 0.11, 77.80, 
7032, 4.12, 0.11, 77.80, 
7033, 4.13, 0.09, 77.81, 
7034, 4.06, 0.04, 77.81, 
7035, 4.02, 0.06, 77.81, 
7036, 3.98, 0.00, 77.81, 
7037, 3.99, 0.00, 77.81, 
7038, 4.13, 0.10, 77.81, 
7039, 4.06, 0.04, 77.82, 
7040, 4.06, 0.07, 77.82, 
7041, 4.14, 0.03, 77.82, 
7042, 4.10, 0.08, 77.82, 
7043, 4.09, 0.11, 77.83, 
7044, 4.13, 0.11, 77.83, 
7045, 4.00, 0.03, 77.83, 
7046, 4.10, 0.07, 77.83, 
7047, 4.06, 0.09, 77.84, 
7048, 4.01, 0.02, 77.84, 
7049, 4.15, 0.06, 77.84, 
7050, 3.98, 0.02, 77.84, 
7051, 4.15, 0.08, 77.84, 
7052, 4.01, 0.05, 77.84, 
7053, 4.09, 0.01, 77.84, 
7054, 4.11, 0.03, 77.85, 
7055, 4.12, 0.03, 77.85,