Time (s), Voltage (V), Current (A), SOC (%)
0, 3.00, 0.00, 0.00, 
1, 3.01, 0.20, 0.01, 
2, 3.01, 0.20, 0.01, 
3, 3.01, 0.20, 0.02, 
4, 3.01, 0.20, 0.03, 
5, 3.01, 0.20, 0.03, 
6, 3.01, 0.20, 0.04, 
7, 3.01, 0.20, 0.05, 
8, 3.02, 0.20, 0.05, 
9, 3.02, 0.20, 0.06, 
10, 3.02, 0.20, 0.07, 
11, 3.02, 0.20, 0.07, 
12, 3.02, 0.20, 0.08, 
13, 3.02, 0.20, 0.09, 
14, 3.03, 0.20, 0.10, 
15, 3.02, 0.20, 0.10, 
16, 3.03, 0.20, 0.11, 
17, 3.02, 0.20, 0.12, 
18, 3.03, 0.20, 0.12, 
19, 3.03, 0.20, 0.13, 
20, 3.03, 0.20, 0.14, 
21, 3.03, 0.20, 0.14, 
22, 3.04, 0.20, 0.15, 
23, 3.04, 0.20, 0.16, 
24, 3.04, 0.20, 0.16, 
25, 3.04, 0.20, 0.17, 
26, 3.04, 0.20, 0.18, 
27, 3.05, 0.20, 0.18, 
28, 3.05, 0.20, 0.19, 
29, 3.05, 0.20, 0.20, 
30, 3.05, 0.20, 0.20, 
31, 3.05, 0.20, 0.21, 
32, 3.06, 0.20, 0.22, 
33, 3.06, 0.20, 0.22, 
34, 3.06, 0.20, 0.23, 
35, 3.07, 0.20, 0.24, 
36, 3.06, 0.20, 0.25, 
37, 3.07, 0.20, 0.25, 
38, 3.07, 0.20, 0.26, 
39, 3.07, 0.20, 0.27, 
40, 3.07, 0.20, 0.27, 
41, 3.07, 0.20, 0.28, 
42, 3.07, 0.20, 0.29, 
43, 3.08, 0.20, 0.29, 
44, 3.08, 0.20, 0.30, 
45, 3.08, 0.20, 0.31, 
46, 3.08, 0.20, 0.31, 
47, 3.08, 0.20, 0.32, 
48, 3.08, 0.20, 0.33, 
49, 3.08, 0.20, 0.33, 
50, 3.08, 0.20, 0.34, 
51, 3.09, 0.20, 0.35, 
52, 3.09, 0.20, 0.35, 
53, 3.09, 0.20, 0.36, 
54, 3.09, 0.20, 0.37, 
55, 3.09, 0.20, 0.37, 
56, 3.09, 0.20, 0.38, 
57, 3.10, 0.20, 0.39, 
58, 3.10, 0.20, 0.40, 
59, 3.09, 0.20, 0.40, 
60, 3.10, 0.20, 0.41, 
61, 3.10, 0.20, 0.42, 
62, 3.10, 0.20, 0.42, 
63, 3.10, 0.20, 0.43, 
64, 3.10, 0.20, 0.44, 
65, 3.10, 0.20, 0.44, 
66, 3.10, 0.20, 0.45, 
67, 3.10, 0.20, 0.46, 
68, 3.11, 0.20, 0.46, 
69, 3.10, 0.20, 0.47, 
70, 3.11, 0.20, 0.48, 
71, 3.11, 0.20, 0.48, 
72, 3.11, 0.20, 0.49, 
73, 3.11, 0.20, 0.50, 
74, 3.12, 0.20, 0.50, 
75, 3.12, 0.20, 0.51, 
76, 3.12, 0.20, 0.52, 
77, 3.12, 0.20, 0.52, 
78, 3.12, 0.20, 0.53, 
79, 3.12, 0.20, 0.54, 
80, 3.12, 0.20, 0.54, 
81, 3.12, 0.20, 0.55, 
82, 3.12, 0.20, 0.56, 
83, 3.13, 0.20, 0.57, 
84, 3.12, 0.20, 0.57, 
85, 3.13, 0.20, 0.58, 
86, 3.13, 0.20, 0.59, 
87, 3.13, 0.20, 0.59, 
88, 3.13, 0.20, 0.60, 
89, 3.13, 0.20, 0.61, 
90, 3.13, 0.20, 0.61, 
91, 3.14, 0.20, 0.62, 
92, 3.14, 0.20, 0.63, 
93, 3.14, 0.20, 0.63, 
94, 3.14, 0.20, 0.64, 
95, 3.14, 0.20, 0.65, 
96, 3.14, 0.20, 0.65, 
97, 3.14, 0.20, 0.66, 
98, 3.14, 0.20, 0.67, 
99, 3.14, 0.20, 0.67, 
100, 3.14, 0.20, 0.68, 
101, 3.15, 0.20, 0.69, 
102, 3.14, 0.20, 0.69, 
103, 3.15, 0.20, 0.70, 
104, 3.15, 0.20, 0.71, 
105, 3.15, 0.20, 0.72, 
106, 3.15, 0.20, 0.72, 
107, 3.15, 0.20, 0.73, 
108, 3.15, 0.20, 0.74, 
109, 3.15, 0.20, 0.74, 
110, 3.15, 0.20, 0.75, 
111, 3.16, 0.20, 0.76, 
112, 3.16, 0.20, 0.76, 
113, 3.16, 0.20, 0.77, 
114, 3.16, 0.20, 0.78, 
115, 3.16, 0.20, 0.78, 
116, 3.16, 0.20, 0.79, 
117, 3.16, 0.20, 0.80, 
118, 3.16, 0.20, 0.80, 
119, 3.16, 0.20, 0.81, 
120, 3.16, 0.20, 0.82, 
121, 3.16, 0.20, 0.82, 
122, 3.16, 0.20, 0.83, 
123, 3.16, 0.20, 0.84, 
124, 3.17, 0.20, 0.84, 
125, 3.16, 0.20, 0.85, 
126, 3.17, 0.20, 0.86, 
127, 3.17, 0.20, 0.86, 
128, 3.17, 0.20, 0.87, 
129, 3.17, 0.20, 0.88, 
130, 3.17, 0.20, 0.89, 
131, 3.17, 0.20, 0.89, 
132, 3.17, 0.20, 0.90, 
133, 3.17, 0.20, 0.91, 
134, 3.17, 0.20, 0.91, 
135, 3.18, 0.20, 0.92, 
136, 3.18, 0.20, 0.93, 
137, 3.18, 0.20, 0.93, 
138, 3.18, 0.20, 0.94, 
139, 3.18, 0.20, 0.95, 
140, 3.18, 0.20, 0.95, 
141, 3.18, 0.20, 0.96, 
142, 3.18, 0.20, 0.97, 
143, 3.18, 0.20, 0.97, 
144, 3.18, 0.20, 0.98, 
145, 3.18, 0.20, 0.99, 
146, 3.18, 0.20, 0.99, 
147, 3.18, 0.20, 1.00, 
148, 3.19, 0.20, 1.01, 
149, 3.18, 0.20, 1.01, 
150, 3.19, 0.20, 1.02, 
151, 3.19, 0.20, 1.03, 
152, 3.19, 0.20, 1.04, 
153, 3.19, 0.20, 1.04, 
154, 3.19, 0.20, 1.05, 
155, 3.19, 0.20, 1.06, 
156, 3.19, 0.20, 1.06, 
157, 3.19, 0.20, 1.07, 
158, 3.19, 0.20, 1.08, 
159, 3.19, 0.20, 1.08, 
160, 3.20, 0.20, 1.09, 
161, 3.20, 0.20, 1.10, 
162, 3.20, 0.20, 1.10, 
163, 3.20, 0.20, 1.11, 
164, 3.20, 0.20, 1.12, 
165, 3.20, 0.20, 1.12, 
166, 3.20, 0.20, 1.13, 
167, 3.20, 0.20, 1.14, 
168, 3.20, 0.20, 1.14, 
169, 3.20, 0.20, 1.15, 
170, 3.20, 0.20, 1.16, 
171, 3.20, 0.20, 1.16, 
172, 3.20, 0.20, 1.17, 
173, 3.21, 0.20, 1.18, 
174, 3.20, 0.20, 1.18, 
175, 3.21, 0.20, 1.19, 
176, 3.21, 0.20, 1.20, 
177, 3.21, 0.20, 1.21, 
178, 3.21, 0.20, 1.21, 
179, 3.21, 0.20, 1.22, 
180, 3.21, 0.20, 1.23, 
181, 3.22, 0.20, 1.23, 
182, 3.22, 0.20, 1.24, 
183, 3.22, 0.20, 1.25, 
184, 3.22, 0.20, 1.25, 
185, 3.22, 0.20, 1.26, 
186, 3.22, 0.20, 1.27, 
187, 3.22, 0.20, 1.27, 
188, 3.22, 0.20, 1.28, 
189, 3.22, 0.20, 1.29, 
190, 3.22, 0.20, 1.29, 
191, 3.22, 0.20, 1.30, 
192, 3.22, 0.20, 1.31, 
193, 3.22, 0.20, 1.31, 
194, 3.22, 0.20, 1.32, 
195, 3.22, 0.20, 1.33, 
196, 3.22, 0.20, 1.33, 
197, 3.22, 0.20, 1.34, 
198, 3.22, 0.20, 1.35, 
199, 3.22, 0.20, 1.36, 
200, 3.23, 0.20, 1.36, 
201, 3.23, 0.20, 1.37, 
202, 3.23, 0.20, 1.38, 
203, 3.23, 0.20, 1.38, 
204, 3.23, 0.20, 1.39, 
205, 3.23, 0.20, 1.40, 
206, 3.23, 0.20, 1.40, 
207, 3.23, 0.20, 1.41, 
208, 3.23, 0.20, 1.42, 
209, 3.24, 0.20, 1.42, 
210, 3.24, 0.20, 1.43, 
211, 3.24, 0.20, 1.44, 
212, 3.23, 0.20, 1.44, 
213, 3.24, 0.20, 1.45, 
214, 3.24, 0.20, 1.46, 
215, 3.24, 0.20, 1.46, 
216, 3.24, 0.20, 1.47, 
217, 3.24, 0.20, 1.48, 
218, 3.24, 0.20, 1.48, 
219, 3.24, 0.20, 1.49, 
220, 3.24, 0.20, 1.50, 
221, 3.24, 0.20, 1.50, 
222, 3.24, 0.20, 1.51, 
223, 3.24, 0.20, 1.52, 
224, 3.24, 0.20, 1.53, 
225, 3.24, 0.20, 1.53, 
226, 3.24, 0.20, 1.54, 
227, 3.24, 0.20, 1.55, 
228, 3.24, 0.20, 1.55, 
229, 3.24, 0.20, 1.56, 
230, 3.24, 0.20, 1.57, 
231, 3.25, 0.20, 1.57, 
232, 3.24, 0.20, 1.58, 
233, 3.25, 0.20, 1.59, 
234, 3.25, 0.20, 1.59, 
235, 3.25, 0.20, 1.60, 
236, 3.25, 0.20, 1.61, 
237, 3.25, 0.20, 1.61, 
238, 3.25, 0.20, 1.62, 
239, 3.25, 0.20, 1.63, 
240, 3.25, 0.20, 1.63, 
241, 3.25, 0.20, 1.64, 
242, 3.26, 0.20, 1.65, 
243, 3.26, 0.20, 1.65, 
244, 3.26, 0.20, 1.66, 
245, 3.26, 0.20, 1.67, 
246, 3.26, 0.20, 1.68, 
247, 3.26, 0.20, 1.68, 
248, 3.26, 0.20, 1.69, 
249, 3.26, 0.20, 1.70, 
250, 3.26, 0.20, 1.70, 
251, 3.26, 0.20, 1.71, 
252, 3.26, 0.20, 1.72, 
253, 3.26, 0.20, 1.72, 
254, 3.26, 0.20, 1.73, 
255, 3.26, 0.20, 1.74, 
256, 3.26, 0.20, 1.74, 
257, 3.26, 0.20, 1.75, 
258, 3.26, 0.20, 1.76, 
259, 3.26, 0.20, 1.76, 
260, 3.26, 0.20, 1.77, 
261, 3.27, 0.20, 1.78, 
262, 3.27, 0.20, 1.78, 
263, 3.27, 0.20, 1.79, 
264, 3.27, 0.20, 1.80, 
265, 3.27, 0.20, 1.80, 
266, 3.27, 0.20, 1.81, 
267, 3.27, 0.20, 1.82, 
268, 3.27, 0.20, 1.82, 
269, 3.27, 0.20, 1.83, 
270, 3.27, 0.20, 1.84, 
271, 3.27, 0.20, 1.85, 
272, 3.27, 0.20, 1.85, 
273, 3.27, 0.20, 1.86, 
274, 3.27, 0.20, 1.87, 
275, 3.28, 0.20, 1.87, 
276, 3.28, 0.20, 1.88, 
277, 3.28, 0.20, 1.89, 
278, 3.28, 0.20, 1.89, 
279, 3.28, 0.20, 1.90, 
280, 3.28, 0.20, 1.91, 
281, 3.28, 0.20, 1.91, 
282, 3.28, 0.20, 1.92, 
283, 3.28, 0.20, 1.93, 
284, 3.28, 0.20, 1.93, 
285, 3.28, 0.20, 1.94, 
286, 3.28, 0.20, 1.95, 
287, 3.28, 0.20, 1.95, 
288, 3.28, 0.20, 1.96, 
289, 3.28, 0.20, 1.97, 
290, 3.28, 0.20, 1.97, 
291, 3.28, 0.20, 1.98, 
292, 3.28, 0.20, 1.99, 
293, 3.29, 0.20, 1.99, 
294, 3.28, 0.20, 2.00, 
295, 3.29, 0.20, 2.01, 
296, 3.28, 0.20, 2.02, 
297, 3.29, 0.20, 2.02, 
298, 3.28, 0.20, 2.03, 
299, 3.29, 0.20, 2.04, 
300, 3.29, 0.20, 2.04, 
301, 3.29, 0.20, 2.05, 
302, 3.29, 0.20, 2.06, 
303, 3.29, 0.20, 2.06, 
304, 3.29, 0.20, 2.07, 
305, 3.29, 0.20, 2.08, 
306, 3.30, 0.20, 2.08, 
307, 3.29, 0.20, 2.09, 
308, 3.29, 0.20, 2.10, 
309, 3.29, 0.20, 2.10, 
310, 3.29, 0.20, 2.11, 
311, 3.29, 0.20, 2.12, 
312, 3.30, 0.20, 2.12, 
313, 3.29, 0.20, 2.13, 
314, 3.30, 0.20, 2.14, 
315, 3.29, 0.20, 2.14, 
316, 3.30, 0.20, 2.15, 
317, 3.30, 0.20, 2.16, 
318, 3.30, 0.20, 2.16, 
319, 3.30, 0.20, 2.17, 
320, 3.30, 0.20, 2.18, 
321, 3.30, 0.20, 2.19, 
322, 3.30, 0.20, 2.19, 
323, 3.30, 0.20, 2.20, 
324, 3.30, 0.20, 2.21, 
325, 3.30, 0.20, 2.21, 
326, 3.30, 0.20, 2.22, 
327, 3.30, 0.20, 2.23, 
328, 3.30, 0.20, 2.23, 
329, 3.30, 0.20, 2.24, 
330, 3.30, 0.20, 2.25, 
331, 3.30, 0.20, 2.25, 
332, 3.30, 0.20, 2.26, 
333, 3.30, 0.20, 2.27, 
334, 3.30, 0.20, 2.27, 
335, 3.31, 0.20, 2.28, 
336, 3.31, 0.20, 2.29, 
337, 3.31, 0.20, 2.29, 
338, 3.31, 0.20, 2.30, 
339, 3.31, 0.20, 2.31, 
340, 3.31, 0.20, 2.31, 
341, 3.31, 0.20, 2.32, 
342, 3.31, 0.20, 2.33, 
343, 3.31, 0.20, 2.34, 
344, 3.31, 0.20, 2.34, 
345, 3.31, 0.20, 2.35, 
346, 3.31, 0.20, 2.36, 
347, 3.32, 0.20, 2.36, 
348, 3.31, 0.20, 2.37, 
349, 3.32, 0.20, 2.38, 
350, 3.31, 0.20, 2.38, 
351, 3.32, 0.20, 2.39, 
352, 3.31, 0.20, 2.40, 
353, 3.32, 0.20, 2.40, 
354, 3.32, 0.20, 2.41, 
355, 3.31, 0.20, 2.42, 
356, 3.32, 0.20, 2.42, 
357, 3.32, 0.20, 2.43, 
358, 3.32, 0.20, 2.44, 
359, 3.32, 0.20, 2.44, 
360, 3.32, 0.20, 2.45, 
361, 3.32, 0.20, 2.46, 
362, 3.32, 0.20, 2.46, 
363, 3.32, 0.20, 2.47, 
364, 3.32, 0.20, 2.48, 
365, 3.32, 0.20, 2.48, 
366, 3.32, 0.20, 2.49, 
367, 3.32, 0.20, 2.50, 
368, 3.32, 0.20, 2.51, 
369, 3.32, 0.20, 2.51, 
370, 3.32, 0.20, 2.52, 
371, 3.32, 0.20, 2.53, 
372, 3.33, 0.20, 2.53, 
373, 3.33, 0.20, 2.54, 
374, 3.33, 0.20, 2.55, 
375, 3.32, 0.20, 2.55, 
376, 3.33, 0.20, 2.56, 
377, 3.32, 0.20, 2.57, 
378, 3.33, 0.20, 2.57, 
379, 3.33, 0.20, 2.58, 
380, 3.33, 0.20, 2.59, 
381, 3.33, 0.20, 2.59, 
382, 3.33, 0.20, 2.60, 
383, 3.33, 0.20, 2.61, 
384, 3.33, 0.20, 2.61, 
385, 3.33, 0.20, 2.62, 
386, 3.33, 0.20, 2.63, 
387, 3.33, 0.20, 2.63, 
388, 3.34, 0.20, 2.64, 
389, 3.33, 0.20, 2.65, 
390, 3.34, 0.20, 2.65, 
391, 3.34, 0.20, 2.66, 
392, 3.33, 0.20, 2.67, 
393, 3.33, 0.20, 2.68, 
394, 3.34, 0.20, 2.68, 
395, 3.34, 0.20, 2.69, 
396, 3.34, 0.20, 2.70, 
397, 3.34, 0.20, 2.70, 
398, 3.34, 0.20, 2.71, 
399, 3.34, 0.20, 2.72, 
400, 3.34, 0.20, 2.72, 
401, 3.33, 0.20, 2.73, 
402, 3.34, 0.20, 2.74, 
403, 3.34, 0.20, 2.74, 
404, 3.34, 0.20, 2.75, 
405, 3.34, 0.20, 2.76, 
406, 3.34, 0.20, 2.76, 
407, 3.34, 0.20, 2.77, 
408, 3.34, 0.20, 2.78, 
409, 3.34, 0.20, 2.78, 
410, 3.34, 0.20, 2.79, 
411, 3.34, 0.20, 2.80, 
412, 3.34, 0.20, 2.80, 
413, 3.34, 0.20, 2.81, 
414, 3.34, 0.20, 2.82, 
415, 3.34, 0.20, 2.82, 
416, 3.34, 0.20, 2.83, 
417, 3.34, 0.20, 2.84, 
418, 3.34, 0.20, 2.85, 
419, 3.34, 0.20, 2.85, 
420, 3.34, 0.20, 2.86, 
421, 3.34, 0.20, 2.87, 
422, 3.35, 0.20, 2.87, 
423, 3.35, 0.20, 2.88, 
424, 3.35, 0.20, 2.89, 
425, 3.34, 0.20, 2.89, 
426, 3.35, 0.20, 2.90, 
427, 3.34, 0.20, 2.91, 
428, 3.35, 0.20, 2.91, 
429, 3.35, 0.20, 2.92, 
430, 3.35, 0.20, 2.93, 
431, 3.35, 0.20, 2.93, 
432, 3.35, 0.20, 2.94, 
433, 3.35, 0.20, 2.95, 
434, 3.35, 0.20, 2.95, 
435, 3.35, 0.20, 2.96, 
436, 3.35, 0.20, 2.97, 
437, 3.35, 0.20, 2.97, 
438, 3.35, 0.20, 2.98, 
439, 3.36, 0.20, 2.99, 
440, 3.36, 0.20, 2.99, 
441, 3.35, 0.20, 3.00, 
442, 3.35, 0.20, 3.01, 
443, 3.35, 0.20, 3.02, 
444, 3.36, 0.20, 3.02, 
445, 3.36, 0.20, 3.03, 
446, 3.36, 0.20, 3.04, 
447, 3.36, 0.20, 3.04, 
448, 3.36, 0.20, 3.05, 
449, 3.36, 0.20, 3.06, 
450, 3.36, 0.20, 3.06, 
451, 3.36, 0.20, 3.07, 
452, 3.36, 0.20, 3.08, 
453, 3.36, 0.20, 3.08, 
454, 3.36, 0.20, 3.09, 
455, 3.36, 0.20, 3.10, 
456, 3.36, 0.20, 3.10, 
457, 3.36, 0.20, 3.11, 
458, 3.36, 0.20, 3.12, 
459, 3.36, 0.20, 3.12, 
460, 3.36, 0.20, 3.13, 
461, 3.36, 0.20, 3.14, 
462, 3.36, 0.20, 3.14, 
463, 3.36, 0.20, 3.15, 
464, 3.36, 0.20, 3.16, 
465, 3.36, 0.20, 3.16, 
466, 3.36, 0.20, 3.17, 
467, 3.36, 0.20, 3.18, 
468, 3.36, 0.20, 3.19, 
469, 3.37, 0.20, 3.19, 
470, 3.37, 0.20, 3.20, 
471, 3.37, 0.20, 3.21, 
472, 3.37, 0.20, 3.21, 
473, 3.37, 0.20, 3.22, 
474, 3.36, 0.20, 3.23, 
475, 3.37, 0.20, 3.23, 
476, 3.37, 0.20, 3.24, 
477, 3.37, 0.20, 3.25, 
478, 3.37, 0.20, 3.25, 
479, 3.37, 0.20, 3.26, 
480, 3.37, 0.20, 3.27, 
481, 3.37, 0.20, 3.27, 
482, 3.37, 0.20, 3.28, 
483, 3.37, 0.20, 3.29, 
484, 3.37, 0.20, 3.29, 
485, 3.37, 0.20, 3.30, 
486, 3.37, 0.20, 3.31, 
487, 3.37, 0.20, 3.31, 
488, 3.38, 0.20, 3.32, 
489, 3.37, 0.20, 3.33, 
490, 3.38, 0.20, 3.33, 
491, 3.37, 0.20, 3.34, 
492, 3.37, 0.20, 3.35, 
493, 3.37, 0.20, 3.36, 
494, 3.37, 0.20, 3.36, 
495, 3.38, 0.20, 3.37, 
496, 3.38, 0.20, 3.38, 
497, 3.38, 0.20, 3.38, 
498, 3.38, 0.20, 3.39, 
499, 3.38, 0.20, 3.40, 
500, 3.38, 0.20, 3.40, 
501, 3.38, 0.20, 3.41, 
502, 3.38, 0.20, 3.42, 
503, 3.38, 0.20, 3.42, 
504, 3.38, 0.20, 3.43, 
505, 3.38, 0.20, 3.44, 
506, 3.38, 0.20, 3.44, 
507, 3.38, 0.20, 3.45, 
508, 3.38, 0.20, 3.46, 
509, 3.38, 0.20, 3.46, 
510, 3.38, 0.20, 3.47, 
511, 3.38, 0.20, 3.48, 
512, 3.38, 0.20, 3.48, 
513, 3.38, 0.20, 3.49, 
514, 3.38, 0.20, 3.50, 
515, 3.38, 0.20, 3.51, 
516, 3.38, 0.20, 3.51, 
517, 3.38, 0.20, 3.52, 
518, 3.38, 0.20, 3.53, 
519, 3.38, 0.20, 3.53, 
520, 3.38, 0.20, 3.54, 
521, 3.38, 0.20, 3.55, 
522, 3.38, 0.20, 3.55, 
523, 3.38, 0.20, 3.56, 
524, 3.38, 0.20, 3.57, 
525, 3.39, 0.20, 3.57, 
526, 3.39, 0.20, 3.58, 
527, 3.39, 0.20, 3.59, 
528, 3.39, 0.20, 3.59, 
529, 3.39, 0.20, 3.60, 
530, 3.39, 0.20, 3.61, 
531, 3.39, 0.20, 3.61, 
532, 3.39, 0.20, 3.62, 
533, 3.39, 0.20, 3.63, 
534, 3.39, 0.20, 3.63, 
535, 3.39, 0.20, 3.64, 
536, 3.39, 0.20, 3.65, 
537, 3.39, 0.20, 3.65, 
538, 3.39, 0.20, 3.66, 
539, 3.39, 0.20, 3.67, 
540, 3.39, 0.20, 3.67, 
541, 3.39, 0.20, 3.68, 
542, 3.40, 0.20, 3.69, 
543, 3.40, 0.20, 3.70, 
544, 3.39, 0.20, 3.70, 
545, 3.39, 0.20, 3.71, 
546, 3.39, 0.20, 3.72, 
547, 3.40, 0.20, 3.72, 
548, 3.39, 0.20, 3.73, 
549, 3.40, 0.20, 3.74, 
550, 3.40, 0.20, 3.74, 
551, 3.40, 0.20, 3.75, 
552, 3.39, 0.20, 3.76, 
553, 3.40, 0.20, 3.76, 
554, 3.40, 0.20, 3.77, 
555, 3.40, 0.20, 3.78, 
556, 3.40, 0.20, 3.78, 
557, 3.40, 0.20, 3.79, 
558, 3.40, 0.20, 3.80, 
559, 3.40, 0.20, 3.80, 
560, 3.40, 0.20, 3.81, 
561, 3.40, 0.20, 3.82, 
562, 3.40, 0.20, 3.82, 
563, 3.40, 0.20, 3.83, 
564, 3.40, 0.20, 3.84, 
565, 3.40, 0.20, 3.84, 
566, 3.40, 0.20, 3.85, 
567, 3.40, 0.20, 3.86, 
568, 3.40, 0.20, 3.87, 
569, 3.40, 0.20, 3.87, 
570, 3.40, 0.20, 3.88, 
571, 3.40, 0.20, 3.89, 
572, 3.40, 0.20, 3.89, 
573, 3.40, 0.20, 3.90, 
574, 3.40, 0.20, 3.91, 
575, 3.40, 0.20, 3.91, 
576, 3.40, 0.20, 3.92, 
577, 3.40, 0.20, 3.93, 
578, 3.40, 0.20, 3.93, 
579, 3.40, 0.20, 3.94, 
580, 3.40, 0.20, 3.95, 
581, 3.40, 0.20, 3.95, 
582, 3.41, 0.20, 3.96, 
583, 3.40, 0.20, 3.97, 
584, 3.41, 0.20, 3.97, 
585, 3.41, 0.20, 3.98, 
586, 3.40, 0.20, 3.99, 
587, 3.41, 0.20, 3.99, 
588, 3.41, 0.20, 4.00, 
589, 3.41, 0.20, 4.01, 
590, 3.41, 0.20, 4.01, 
591, 3.41, 0.20, 4.02, 
592, 3.41, 0.20, 4.03, 
593, 3.41, 0.20, 4.04, 
594, 3.41, 0.20, 4.04, 
595, 3.41, 0.20, 4.05, 
596, 3.41, 0.20, 4.06, 
597, 3.41, 0.20, 4.06, 
598, 3.41, 0.20, 4.07, 
599, 3.41, 0.20, 4.08, 
600, 3.41, 0.20, 4.08, 
601, 3.41, 0.20, 4.09, 
602, 3.41, 0.20, 4.10, 
603, 3.41, 0.20, 4.10, 
604, 3.41, 0.20, 4.11, 
605, 3.42, 0.20, 4.12, 
606, 3.42, 0.20, 4.12, 
607, 3.41, 0.20, 4.13, 
608, 3.42, 0.20, 4.14, 
609, 3.42, 0.20, 4.14, 
610, 3.42, 0.20, 4.15, 
611, 3.42, 0.20, 4.16, 
612, 3.42, 0.20, 4.16, 
613, 3.42, 0.20, 4.17, 
614, 3.41, 0.20, 4.18, 
615, 3.42, 0.20, 4.18, 
616, 3.42, 0.20, 4.19, 
617, 3.42, 0.20, 4.20, 
618, 3.42, 0.20, 4.21, 
619, 3.42, 0.20, 4.21, 
620, 3.42, 0.20, 4.22, 
621, 3.42, 0.20, 4.23, 
622, 3.42, 0.20, 4.23, 
623, 3.42, 0.20, 4.24, 
624, 3.42, 0.20, 4.25, 
625, 3.42, 0.20, 4.25, 
626, 3.42, 0.20, 4.26, 
627, 3.42, 0.20, 4.27, 
628, 3.42, 0.20, 4.27, 
629, 3.42, 0.20, 4.28, 
630, 3.42, 0.20, 4.29, 
631, 3.42, 0.20, 4.29, 
632, 3.42, 0.20, 4.30, 
633, 3.42, 0.20, 4.31, 
634, 3.42, 0.20, 4.31, 
635, 3.42, 0.20, 4.32, 
636, 3.42, 0.20, 4.33, 
637, 3.42, 0.20, 4.33, 
638, 3.43, 0.20, 4.34, 
639, 3.42, 0.20, 4.35, 
640, 3.42, 0.20, 4.35, 
641, 3.43, 0.20, 4.36, 
642, 3.43, 0.20, 4.37, 
643, 3.42, 0.20, 4.38, 
644, 3.43, 0.20, 4.38, 
645, 3.43, 0.20, 4.39, 
646, 3.43, 0.20, 4.40, 
647, 3.43, 0.20, 4.40, 
648, 3.43, 0.20, 4.41, 
649, 3.43, 0.20, 4.42, 
650, 3.43, 0.20, 4.42, 
651, 3.43, 0.20, 4.43, 
652, 3.43, 0.20, 4.44, 
653, 3.43, 0.20, 4.44, 
654, 3.43, 0.20, 4.45, 
655, 3.43, 0.20, 4.46, 
656, 3.43, 0.20, 4.46, 
657, 3.43, 0.20, 4.47, 
658, 3.43, 0.20, 4.48, 
659, 3.43, 0.20, 4.48, 
660, 3.43, 0.20, 4.49, 
661, 3.43, 0.20, 4.50, 
662, 3.43, 0.20, 4.50, 
663, 3.43, 0.20, 4.51, 
664, 3.43, 0.20, 4.52, 
665, 3.44, 0.20, 4.52, 
666, 3.43, 0.20, 4.53, 
667, 3.43, 0.20, 4.54, 
668, 3.43, 0.20, 4.55, 
669, 3.44, 0.20, 4.55, 
670, 3.44, 0.20, 4.56, 
671, 3.44, 0.20, 4.57, 
672, 3.43, 0.20, 4.57, 
673, 3.43, 0.20, 4.58, 
674, 3.43, 0.20, 4.59, 
675, 3.44, 0.20, 4.59, 
676, 3.44, 0.20, 4.60, 
677, 3.44, 0.20, 4.61, 
678, 3.44, 0.20, 4.61, 
679, 3.44, 0.20, 4.62, 
680, 3.44, 0.20, 4.63, 
681, 3.43, 0.20, 4.63, 
682, 3.44, 0.20, 4.64, 
683, 3.44, 0.20, 4.65, 
684, 3.44, 0.20, 4.65, 
685, 3.44, 0.20, 4.66, 
686, 3.44, 0.20, 4.67, 
687, 3.44, 0.20, 4.67, 
688, 3.44, 0.20, 4.68, 
689, 3.44, 0.20, 4.69, 
690, 3.44, 0.20, 4.69, 
691, 3.44, 0.20, 4.70, 
692, 3.44, 0.20, 4.71, 
693, 3.44, 0.20, 4.72, 
694, 3.44, 0.20, 4.72, 
695, 3.44, 0.20, 4.73, 
696, 3.44, 0.20, 4.74, 
697, 3.44, 0.20, 4.74, 
698, 3.44, 0.20, 4.75, 
699, 3.44, 0.20, 4.76, 
700, 3.44, 0.20, 4.76, 
701, 3.44, 0.20, 4.77, 
702, 3.44, 0.20, 4.78, 
703, 3.44, 0.20, 4.78, 
704, 3.44, 0.20, 4.79, 
705, 3.44, 0.20, 4.80, 
706, 3.44, 0.20, 4.80, 
707, 3.44, 0.20, 4.81, 
708, 3.44, 0.20, 4.82, 
709, 3.44, 0.20, 4.82, 
710, 3.44, 0.20, 4.83, 
711, 3.44, 0.20, 4.84, 
712, 3.44, 0.20, 4.84, 
713, 3.44, 0.20, 4.85, 
714, 3.45, 0.20, 4.86, 
715, 3.44, 0.20, 4.87, 
716, 3.45, 0.20, 4.87, 
717, 3.44, 0.20, 4.88, 
718, 3.45, 0.20, 4.89, 
719, 3.45, 0.20, 4.89, 
720, 3.45, 0.20, 4.90, 
721, 3.44, 0.20, 4.91, 
722, 3.45, 0.20, 4.91, 
723, 3.45, 0.20, 4.92, 
724, 3.45, 0.20, 4.93, 
725, 3.45, 0.20, 4.93, 
726, 3.45, 0.20, 4.94, 
727, 3.45, 0.20, 4.95, 
728, 3.44, 0.20, 4.95, 
729, 3.45, 0.20, 4.96, 
730, 3.45, 0.20, 4.97, 
731, 3.45, 0.20, 4.97, 
732, 3.45, 0.20, 4.98, 
733, 3.45, 0.20, 4.99, 
734, 3.45, 0.20, 4.99, 
735, 3.45, 0.20, 5.00, 
736, 3.45, 0.20, 5.01, 
737, 3.45, 0.20, 5.01, 
738, 3.45, 0.20, 5.02, 
739, 3.45, 0.20, 5.03, 
740, 3.45, 0.20, 5.04, 
741, 3.45, 0.20, 5.04, 
742, 3.45, 0.20, 5.05, 
743, 3.45, 0.20, 5.06, 
744, 3.45, 0.20, 5.06, 
745, 3.45, 0.20, 5.07, 
746, 3.45, 0.20, 5.08, 
747, 3.45, 0.20, 5.08, 
748, 3.45, 0.20, 5.09, 
749, 3.46, 0.20, 5.10, 
750, 3.46, 0.20, 5.10, 
751, 3.45, 0.20, 5.11, 
752, 3.46, 0.20, 5.12, 
753, 3.46, 0.20, 5.12, 
754, 3.46, 0.20, 5.13, 
755, 3.46, 0.20, 5.14, 
756, 3.46, 0.20, 5.14, 
757, 3.46, 0.20, 5.15, 
758, 3.46, 0.20, 5.16, 
759, 3.46, 0.20, 5.16, 
760, 3.46, 0.20, 5.17, 
761, 3.46, 0.20, 5.18, 
762, 3.46, 0.20, 5.18, 
763, 3.46, 0.20, 5.19, 
764, 3.46, 0.20, 5.20, 
765, 3.46, 0.20, 5.21, 
766, 3.46, 0.20, 5.21, 
767, 3.46, 0.20, 5.22, 
768, 3.46, 0.20, 5.23, 
769, 3.46, 0.20, 5.23, 
770, 3.46, 0.20, 5.24, 
771, 3.46, 0.20, 5.25, 
772, 3.46, 0.20, 5.25, 
773, 3.46, 0.20, 5.26, 
774, 3.46, 0.20, 5.27, 
775, 3.46, 0.20, 5.27, 
776, 3.46, 0.20, 5.28, 
777, 3.46, 0.20, 5.29, 
778, 3.46, 0.20, 5.29, 
779, 3.46, 0.20, 5.30, 
780, 3.46, 0.20, 5.31, 
781, 3.46, 0.20, 5.31, 
782, 3.46, 0.20, 5.32, 
783, 3.46, 0.20, 5.33, 
784, 3.46, 0.20, 5.33, 
785, 3.46, 0.20, 5.34, 
786, 3.46, 0.20, 5.35, 
787, 3.46, 0.20, 5.35, 
788, 3.46, 0.20, 5.36, 
789, 3.46, 0.20, 5.37, 
790, 3.46, 0.20, 5.38, 
791, 3.46, 0.20, 5.38, 
792, 3.46, 0.20, 5.39, 
793, 3.46, 0.20, 5.40, 
794, 3.47, 0.20, 5.40, 
795, 3.46, 0.20, 5.41, 
796, 3.46, 0.20, 5.42, 
797, 3.46, 0.20, 5.42, 
798, 3.46, 0.20, 5.43, 
799, 3.47, 0.20, 5.44, 
800, 3.47, 0.20, 5.44, 
801, 3.46, 0.20, 5.45, 
802, 3.47, 0.20, 5.46, 
803, 3.47, 0.20, 5.46, 
804, 3.47, 0.20, 5.47, 
805, 3.47, 0.20, 5.48, 
806, 3.47, 0.20, 5.48, 
807, 3.47, 0.20, 5.49, 
808, 3.47, 0.20, 5.50, 
809, 3.47, 0.20, 5.50, 
810, 3.46, 0.20, 5.51, 
811, 3.47, 0.20, 5.52, 
812, 3.47, 0.20, 5.52, 
813, 3.47, 0.20, 5.53, 
814, 3.47, 0.20, 5.54, 
815, 3.47, 0.20, 5.55, 
816, 3.47, 0.20, 5.55, 
817, 3.47, 0.20, 5.56, 
818, 3.47, 0.20, 5.57, 
819, 3.47, 0.20, 5.57, 
820, 3.47, 0.20, 5.58, 
821, 3.47, 0.20, 5.59, 
822, 3.47, 0.20, 5.59, 
823, 3.47, 0.20, 5.60, 
824, 3.47, 0.20, 5.61, 
825, 3.47, 0.20, 5.61, 
826, 3.47, 0.20, 5.62, 
827, 3.47, 0.20, 5.63, 
828, 3.47, 0.20, 5.63, 
829, 3.47, 0.20, 5.64, 
830, 3.48, 0.20, 5.65, 
831, 3.47, 0.20, 5.65, 
832, 3.47, 0.20, 5.66, 
833, 3.47, 0.20, 5.67, 
834, 3.47, 0.20, 5.67, 
835, 3.47, 0.20, 5.68, 
836, 3.47, 0.20, 5.69, 
837, 3.47, 0.20, 5.69, 
838, 3.48, 0.20, 5.70, 
839, 3.47, 0.20, 5.71, 
840, 3.47, 0.20, 5.72, 
841, 3.47, 0.20, 5.72, 
842, 3.47, 0.20, 5.73, 
843, 3.47, 0.20, 5.74, 
844, 3.47, 0.20, 5.74, 
845, 3.48, 0.20, 5.75, 
846, 3.48, 0.20, 5.76, 
847, 3.48, 0.20, 5.76, 
848, 3.47, 0.20, 5.77, 
849, 3.48, 0.20, 5.78, 
850, 3.47, 0.20, 5.78, 
851, 3.48, 0.20, 5.79, 
852, 3.48, 0.20, 5.80, 
853, 3.48, 0.20, 5.80, 
854, 3.48, 0.20, 5.81, 
855, 3.48, 0.20, 5.82, 
856, 3.48, 0.20, 5.82, 
857, 3.48, 0.20, 5.83, 
858, 3.48, 0.20, 5.84, 
859, 3.48, 0.20, 5.84, 
860, 3.48, 0.20, 5.85, 
861, 3.48, 0.20, 5.86, 
862, 3.48, 0.20, 5.86, 
863, 3.48, 0.20, 5.87, 
864, 3.48, 0.20, 5.88, 
865, 3.48, 0.20, 5.88, 
866, 3.48, 0.20, 5.89, 
867, 3.48, 0.20, 5.90, 
868, 3.48, 0.20, 5.91, 
869, 3.48, 0.20, 5.91, 
870, 3.48, 0.20, 5.92, 
871, 3.48, 0.20, 5.93, 
872, 3.48, 0.20, 5.93, 
873, 3.48, 0.20, 5.94, 
874, 3.48, 0.20, 5.95, 
875, 3.48, 0.20, 5.95, 
876, 3.48, 0.20, 5.96, 
877, 3.48, 0.20, 5.97, 
878, 3.48, 0.20, 5.97, 
879, 3.48, 0.20, 5.98, 
880, 3.48, 0.20, 5.99, 
881, 3.48, 0.20, 5.99, 
882, 3.48, 0.20, 6.00, 
883, 3.48, 0.20, 6.01, 
884, 3.48, 0.20, 6.01, 
885, 3.48, 0.20, 6.02, 
886, 3.48, 0.20, 6.03, 
887, 3.48, 0.20, 6.03, 
888, 3.48, 0.20, 6.04, 
889, 3.48, 0.20, 6.05, 
890, 3.48, 0.20, 6.05, 
891, 3.48, 0.20, 6.06, 
892, 3.48, 0.20, 6.07, 
893, 3.48, 0.20, 6.08, 
894, 3.48, 0.20, 6.08, 
895, 3.48, 0.20, 6.09, 
896, 3.48, 0.20, 6.10, 
897, 3.48, 0.20, 6.10, 
898, 3.48, 0.20, 6.11, 
899, 3.48, 0.20, 6.12, 
900, 3.48, 0.20, 6.12, 
901, 3.48, 0.20, 6.13, 
902, 3.48, 0.20, 6.14, 
903, 3.48, 0.20, 6.14, 
904, 3.48, 0.20, 6.15, 
905, 3.48, 0.20, 6.16, 
906, 3.48, 0.20, 6.16, 
907, 3.48, 0.20, 6.17, 
908, 3.48, 0.20, 6.18, 
909, 3.48, 0.20, 6.18, 
910, 3.48, 0.20, 6.19, 
911, 3.48, 0.20, 6.20, 
912, 3.48, 0.20, 6.20, 
913, 3.49, 0.20, 6.21, 
914, 3.48, 0.20, 6.22, 
915, 3.48, 0.20, 6.22, 
916, 3.48, 0.20, 6.23, 
917, 3.49, 0.20, 6.24, 
918, 3.49, 0.20, 6.25, 
919, 3.48, 0.20, 6.25, 
920, 3.48, 0.20, 6.26, 
921, 3.49, 0.20, 6.27, 
922, 3.49, 0.20, 6.27, 
923, 3.48, 0.20, 6.28, 
924, 3.48, 0.20, 6.29, 
925, 3.48, 0.20, 6.29, 
926, 3.48, 0.20, 6.30, 
927, 3.49, 0.20, 6.31, 
928, 3.49, 0.20, 6.31, 
929, 3.49, 0.20, 6.32, 
930, 3.49, 0.20, 6.33, 
931, 3.49, 0.20, 6.33, 
932, 3.49, 0.20, 6.34, 
933, 3.49, 0.20, 6.35, 
934, 3.49, 0.20, 6.35, 
935, 3.49, 0.20, 6.36, 
936, 3.48, 0.20, 6.37, 
937, 3.49, 0.20, 6.37, 
938, 3.49, 0.20, 6.38, 
939, 3.48, 0.20, 6.39, 
940, 3.49, 0.20, 6.39, 
941, 3.49, 0.20, 6.40, 
942, 3.49, 0.20, 6.41, 
943, 3.49, 0.20, 6.42, 
944, 3.49, 0.20, 6.42, 
945, 3.49, 0.20, 6.43, 
946, 3.49, 0.20, 6.44, 
947, 3.49, 0.20, 6.44, 
948, 3.49, 0.20, 6.45, 
949, 3.49, 0.20, 6.46, 
950, 3.49, 0.20, 6.46, 
951, 3.49, 0.20, 6.47, 
952, 3.49, 0.20, 6.48, 
953, 3.49, 0.20, 6.48, 
954, 3.49, 0.20, 6.49, 
955, 3.49, 0.20, 6.50, 
956, 3.49, 0.20, 6.50, 
957, 3.49, 0.20, 6.51, 
958, 3.49, 0.20, 6.52, 
959, 3.49, 0.20, 6.52, 
960, 3.49, 0.20, 6.53, 
961, 3.49, 0.20, 6.54, 
962, 3.49, 0.20, 6.54, 
963, 3.49, 0.20, 6.55, 
964, 3.49, 0.20, 6.56, 
965, 3.49, 0.20, 6.56, 
966, 3.49, 0.20, 6.57, 
967, 3.49, 0.20, 6.58, 
968, 3.49, 0.20, 6.59, 
969, 3.49, 0.20, 6.59, 
970, 3.49, 0.20, 6.60, 
971, 3.49, 0.20, 6.61, 
972, 3.49, 0.20, 6.61, 
973, 3.49, 0.20, 6.62, 
974, 3.49, 0.20, 6.63, 
975, 3.49, 0.20, 6.63, 
976, 3.49, 0.20, 6.64, 
977, 3.49, 0.20, 6.65, 
978, 3.49, 0.20, 6.65, 
979, 3.49, 0.20, 6.66, 
980, 3.49, 0.20, 6.67, 
981, 3.49, 0.20, 6.67, 
982, 3.49, 0.20, 6.68, 
983, 3.49, 0.20, 6.69, 
984, 3.49, 0.20, 6.69, 
985, 3.49, 0.20, 6.70, 
986, 3.49, 0.20, 6.71, 
987, 3.49, 0.20, 6.71, 
988, 3.49, 0.20, 6.72, 
989, 3.49, 0.20, 6.73, 
990, 3.49, 0.20, 6.73, 
991, 3.49, 0.20, 6.74, 
992, 3.50, 0.20, 6.75, 
993, 3.49, 0.20, 6.76, 
994, 3.49, 0.20, 6.76, 
995, 3.49, 0.20, 6.77, 
996, 3.50, 0.20, 6.78, 
997, 3.50, 0.20, 6.78, 
998, 3.50, 0.20, 6.79, 
999, 3.50, 0.20, 6.80, 
1000, 3.50, 0.20, 6.80, 
1001, 3.49, 0.20, 6.81, 
1002, 3.49, 0.20, 6.82, 
1003, 3.49, 0.20, 6.82, 
1004, 3.50, 0.20, 6.83, 
1005, 3.49, 0.20, 6.84, 
1006, 3.49, 0.20, 6.84, 
1007, 3.50, 0.20, 6.85, 
1008, 3.49, 0.20, 6.86, 
1009, 3.50, 0.20, 6.86, 
1010, 3.50, 0.20, 6.87, 
1011, 3.49, 0.20, 6.88, 
1012, 3.49, 0.20, 6.88, 
1013, 3.50, 0.20, 6.89, 
1014, 3.49, 0.20, 6.90, 
1015, 3.50, 0.20, 6.90, 
1016, 3.50, 0.20, 6.91, 
1017, 3.50, 0.20, 6.92, 
1018, 3.50, 0.20, 6.93, 
1019, 3.49, 0.20, 6.93, 
1020, 3.50, 0.20, 6.94, 
1021, 3.50, 0.20, 6.95, 
1022, 3.50, 0.20, 6.95, 
1023, 3.49, 0.20, 6.96, 
1024, 3.50, 0.20, 6.97, 
1025, 3.50, 0.20, 6.97, 
1026, 3.50, 0.20, 6.98, 
1027, 3.50, 0.20, 6.99, 
1028, 3.50, 0.20, 6.99, 
1029, 3.50, 0.20, 7.00, 
1030, 3.50, 0.20, 7.01, 
1031, 3.50, 0.20, 7.01, 
1032, 3.50, 0.20, 7.02, 
1033, 3.50, 0.20, 7.03, 
1034, 3.50, 0.20, 7.03, 
1035, 3.50, 0.20, 7.04, 
1036, 3.50, 0.20, 7.05, 
1037, 3.50, 0.20, 7.05, 
1038, 3.50, 0.20, 7.06, 
1039, 3.50, 0.20, 7.07, 
1040, 3.50, 0.20, 7.07, 
1041, 3.50, 0.20, 7.08, 
1042, 3.50, 0.20, 7.09, 
1043, 3.50, 0.20, 7.10, 
1044, 3.50, 0.20, 7.10, 
1045, 3.50, 0.20, 7.11, 
1046, 3.50, 0.20, 7.12, 
1047, 3.50, 0.20, 7.12, 
1048, 3.50, 0.20, 7.13, 
1049, 3.50, 0.20, 7.14, 
1050, 3.50, 0.20, 7.14, 
1051, 3.50, 0.20, 7.15, 
1052, 3.50, 0.20, 7.16, 
1053, 3.50, 0.20, 7.16, 
1054, 3.50, 0.20, 7.17, 
1055, 3.50, 0.20, 7.18, 
1056, 3.50, 0.20, 7.18, 
1057, 3.50, 0.20, 7.19, 
1058, 3.50, 0.20, 7.20, 
1059, 3.50, 0.20, 7.20, 
1060, 3.50, 0.20, 7.21, 
1061, 3.50, 0.20, 7.22, 
1062, 3.50, 0.20, 7.22, 
1063, 3.50, 0.20, 7.23, 
1064, 3.50, 0.20, 7.24, 
1065, 3.50, 0.20, 7.24, 
1066, 3.50, 0.20, 7.25, 
1067, 3.50, 0.20, 7.26, 
1068, 3.50, 0.20, 7.27, 
1069, 3.50, 0.20, 7.27, 
1070, 3.50, 0.20, 7.28, 
1071, 3.50, 0.20, 7.29, 
1072, 3.50, 0.20, 7.29, 
1073, 3.50, 0.20, 7.30, 
1074, 3.50, 0.20, 7.31, 
1075, 3.50, 0.20, 7.31, 
1076, 3.50, 0.20, 7.32, 
1077, 3.50, 0.20, 7.33, 
1078, 3.50, 0.20, 7.33, 
1079, 3.50, 0.20, 7.34, 
1080, 3.50, 0.20, 7.35, 
1081, 3.50, 0.20, 7.35, 
1082, 3.50, 0.20, 7.36, 
1083, 3.50, 0.20, 7.37, 
1084, 3.50, 0.20, 7.37, 
1085, 3.50, 0.20, 7.38, 
1086, 3.50, 0.20, 7.39, 
1087, 3.50, 0.20, 7.39, 
1088, 3.50, 0.20, 7.40, 
1089, 3.50, 0.20, 7.41, 
1090, 3.50, 0.20, 7.42, 
1091, 3.50, 0.20, 7.42, 
1092, 3.50, 0.20, 7.43, 
1093, 3.50, 0.20, 7.44, 
1094, 3.50, 0.20, 7.44, 
1095, 3.50, 0.20, 7.45, 
1096, 3.50, 0.20, 7.46, 
1097, 3.50, 0.20, 7.46, 
1098, 3.50, 0.20, 7.47, 
1099, 3.50, 0.20, 7.48, 
1100, 3.50, 0.20, 7.48, 
1101, 3.50, 0.20, 7.49, 
1102, 3.50, 0.20, 7.50, 
1103, 3.50, 0.20, 7.50, 
1104, 3.50, 0.20, 7.51, 
1105, 3.50, 0.20, 7.52, 
1106, 3.50, 0.20, 7.52, 
1107, 3.50, 0.20, 7.53, 
1108, 3.50, 0.20, 7.54, 
1109, 3.50, 0.20, 7.54, 
1110, 3.50, 0.20, 7.55, 
1111, 3.50, 0.20, 7.56, 
1112, 3.50, 0.20, 7.56, 
1113, 3.50, 0.20, 7.57, 
1114, 3.50, 0.20, 7.58, 
1115, 3.50, 0.20, 7.58, 
1116, 3.50, 0.20, 7.59, 
1117, 3.50, 0.20, 7.60, 
1118, 3.50, 0.20, 7.61, 
1119, 3.50, 0.20, 7.61, 
1120, 3.50, 0.20, 7.62, 
1121, 3.50, 0.20, 7.63, 
1122, 3.50, 0.20, 7.63, 
1123, 3.50, 0.20, 7.64, 
1124, 3.50, 0.20, 7.65, 
1125, 3.50, 0.20, 7.65, 
1126, 3.50, 0.20, 7.66, 
1127, 3.50, 0.20, 7.67, 
1128, 3.50, 0.20, 7.67, 
1129, 3.50, 0.20, 7.68, 
1130, 3.50, 0.20, 7.69, 
1131, 3.50, 0.20, 7.69, 
1132, 3.50, 0.20, 7.70, 
1133, 3.50, 0.20, 7.71, 
1134, 3.50, 0.20, 7.71, 
1135, 3.50, 0.20, 7.72, 
1136, 3.50, 0.20, 7.73, 
1137, 3.50, 0.20, 7.73, 
1138, 3.50, 0.20, 7.74, 
1139, 3.50, 0.20, 7.75, 
1140, 3.50, 0.20, 7.76, 
1141, 3.50, 0.20, 7.76, 
1142, 3.50, 0.20, 7.77, 
1143, 3.50, 0.20, 7.78, 
1144, 3.50, 0.20, 7.78, 
1145, 3.51, 0.20, 7.79, 
1146, 3.50, 0.20, 7.80, 
1147, 3.50, 0.20, 7.80, 
1148, 3.50, 0.20, 7.81, 
1149, 3.50, 0.20, 7.82, 
1150, 3.50, 0.20, 7.82, 
1151, 3.50, 0.20, 7.83, 
1152, 3.50, 0.20, 7.84, 
1153, 3.50, 0.20, 7.84, 
1154, 3.50, 0.20, 7.85, 
1155, 3.50, 0.20, 7.86, 
1156, 3.50, 0.20, 7.86, 
1157, 3.50, 0.20, 7.87, 
1158, 3.50, 0.20, 7.88, 
1159, 3.51, 0.20, 7.88, 
1160, 3.50, 0.20, 7.89, 
1161, 3.50, 0.20, 7.90, 
1162, 3.50, 0.20, 7.90, 
1163, 3.50, 0.20, 7.91, 
1164, 3.50, 0.20, 7.92, 
1165, 3.50, 0.20, 7.93, 
1166, 3.50, 0.20, 7.93, 
1167, 3.50, 0.20, 7.94, 
1168, 3.50, 0.20, 7.95, 
1169, 3.50, 0.20, 7.95, 
1170, 3.50, 0.20, 7.96, 
1171, 3.50, 0.20, 7.97, 
1172, 3.50, 0.20, 7.97, 
1173, 3.50, 0.20, 7.98, 
1174, 3.50, 0.20, 7.99, 
1175, 3.50, 0.20, 7.99, 
1176, 3.50, 0.20, 8.00, 
1177, 3.50, 0.20, 8.01, 
1178, 3.50, 0.20, 8.01, 
1179, 3.50, 0.20, 8.02, 
1180, 3.50, 0.20, 8.03, 
1181, 3.50, 0.20, 8.03, 
1182, 3.50, 0.20, 8.04, 
1183, 3.50, 0.20, 8.05, 
1184, 3.50, 0.20, 8.05, 
1185, 3.51, 0.20, 8.06, 
1186, 3.50, 0.20, 8.07, 
1187, 3.50, 0.20, 8.07, 
1188, 3.50, 0.20, 8.08, 
1189, 3.50, 0.20, 8.09, 
1190, 3.50, 0.20, 8.10, 
1191, 3.50, 0.20, 8.10, 
1192, 3.50, 0.20, 8.11, 
1193, 3.50, 0.20, 8.12, 
1194, 3.50, 0.20, 8.12, 
1195, 3.50, 0.20, 8.13, 
1196, 3.50, 0.20, 8.14, 
1197, 3.50, 0.20, 8.14, 
1198, 3.50, 0.20, 8.15, 
1199, 3.50, 0.20, 8.16, 
1200, 3.50, 0.20, 8.16, 
1201, 3.50, 0.20, 8.17, 
1202, 3.50, 0.20, 8.18, 
1203, 3.50, 0.20, 8.18, 
1204, 3.50, 0.20, 8.19, 
1205, 3.50, 0.20, 8.20, 
1206, 3.50, 0.20, 8.20, 
1207, 3.50, 0.20, 8.21, 
1208, 3.50, 0.20, 8.22, 
1209, 3.50, 0.20, 8.22, 
1210, 3.50, 0.20, 8.23, 
1211, 3.50, 0.20, 8.24, 
1212, 3.50, 0.20, 8.24, 
1213, 3.50, 0.20, 8.25, 
1214, 3.50, 0.20, 8.26, 
1215, 3.50, 0.20, 8.27, 
1216, 3.50, 0.20, 8.27, 
1217, 3.50, 0.20, 8.28, 
1218, 3.50, 0.20, 8.29, 
1219, 3.51, 0.20, 8.29, 
1220, 3.50, 0.20, 8.30, 
1221, 3.50, 0.20, 8.31, 
1222, 3.50, 0.20, 8.31, 
1223, 3.50, 0.20, 8.32, 
1224, 3.50, 0.20, 8.33, 
1225, 3.50, 0.20, 8.33, 
1226, 3.50, 0.20, 8.34, 
1227, 3.50, 0.20, 8.35, 
1228, 3.50, 0.20, 8.35, 
1229, 3.50, 0.20, 8.36, 
1230, 3.50, 0.20, 8.37, 
1231, 3.50, 0.20, 8.37, 
1232, 3.50, 0.20, 8.38, 
1233, 3.51, 0.20, 8.39, 
1234, 3.50, 0.20, 8.39, 
1235, 3.51, 0.20, 8.40, 
1236, 3.51, 0.20, 8.41, 
1237, 3.50, 0.20, 8.41, 
1238, 3.50, 0.20, 8.42, 
1239, 3.50, 0.20, 8.43, 
1240, 3.51, 0.20, 8.44, 
1241, 3.50, 0.20, 8.44, 
1242, 3.50, 0.20, 8.45, 
1243, 3.50, 0.20, 8.46, 
1244, 3.50, 0.20, 8.46, 
1245, 3.50, 0.20, 8.47, 
1246, 3.50, 0.20, 8.48, 
1247, 3.50, 0.20, 8.48, 
1248, 3.51, 0.20, 8.49, 
1249, 3.51, 0.20, 8.50, 
1250, 3.51, 0.20, 8.50, 
1251, 3.50, 0.20, 8.51, 
1252, 3.50, 0.20, 8.52, 
1253, 3.50, 0.20, 8.52, 
1254, 3.50, 0.20, 8.53, 
1255, 3.50, 0.20, 8.54, 
1256, 3.51, 0.20, 8.54, 
1257, 3.51, 0.20, 8.55, 
1258, 3.50, 0.20, 8.56, 
1259, 3.50, 0.20, 8.56, 
1260, 3.50, 0.20, 8.57, 
1261, 3.50, 0.20, 8.58, 
1262, 3.50, 0.20, 8.58, 
1263, 3.50, 0.20, 8.59, 
1264, 3.50, 0.20, 8.60, 
1265, 3.50, 0.20, 8.61, 
1266, 3.51, 0.20, 8.61, 
1267, 3.50, 0.20, 8.62, 
1268, 3.51, 0.20, 8.63, 
1269, 3.50, 0.20, 8.63, 
1270, 3.51, 0.20, 8.64, 
1271, 3.50, 0.20, 8.65, 
1272, 3.50, 0.20, 8.65, 
1273, 3.51, 0.20, 8.66, 
1274, 3.51, 0.20, 8.67, 
1275, 3.50, 0.20, 8.67, 
1276, 3.50, 0.20, 8.68, 
1277, 3.50, 0.20, 8.69, 
1278, 3.51, 0.20, 8.69, 
1279, 3.51, 0.20, 8.70, 
1280, 3.50, 0.20, 8.71, 
1281, 3.51, 0.20, 8.71, 
1282, 3.50, 0.20, 8.72, 
1283, 3.51, 0.20, 8.73, 
1284, 3.51, 0.20, 8.73, 
1285, 3.51, 0.20, 8.74, 
1286, 3.51, 0.20, 8.75, 
1287, 3.51, 0.20, 8.75, 
1288, 3.51, 0.20, 8.76, 
1289, 3.50, 0.20, 8.77, 
1290, 3.51, 0.20, 8.78, 
1291, 3.51, 0.20, 8.78, 
1292, 3.51, 0.20, 8.79, 
1293, 3.50, 0.20, 8.80, 
1294, 3.51, 0.20, 8.80, 
1295, 3.51, 0.20, 8.81, 
1296, 3.50, 0.20, 8.82, 
1297, 3.50, 0.20, 8.82, 
1298, 3.51, 0.20, 8.83, 
1299, 3.50, 0.20, 8.84, 
1300, 3.50, 0.20, 8.84, 
1301, 3.51, 0.20, 8.85, 
1302, 3.51, 0.20, 8.86, 
1303, 3.51, 0.20, 8.86, 
1304, 3.50, 0.20, 8.87, 
1305, 3.50, 0.20, 8.88, 
1306, 3.50, 0.20, 8.88, 
1307, 3.50, 0.20, 8.89, 
1308, 3.50, 0.20, 8.90, 
1309, 3.50, 0.20, 8.90, 
1310, 3.51, 0.20, 8.91, 
1311, 3.51, 0.20, 8.92, 
1312, 3.51, 0.20, 8.92, 
1313, 3.50, 0.20, 8.93, 
1314, 3.51, 0.20, 8.94, 
1315, 3.51, 0.20, 8.95, 
1316, 3.51, 0.20, 8.95, 
1317, 3.51, 0.20, 8.96, 
1318, 3.51, 0.20, 8.97, 
1319, 3.50, 0.20, 8.97, 
1320, 3.51, 0.20, 8.98, 
1321, 3.51, 0.20, 8.99, 
1322, 3.50, 0.20, 8.99, 
1323, 3.50, 0.20, 9.00, 
1324, 3.51, 0.20, 9.01, 
1325, 3.51, 0.20, 9.01, 
1326, 3.51, 0.20, 9.02, 
1327, 3.51, 0.20, 9.03, 
1328, 3.51, 0.20, 9.03, 
1329, 3.50, 0.20, 9.04, 
1330, 3.50, 0.20, 9.05, 
1331, 3.51, 0.20, 9.05, 
1332, 3.51, 0.20, 9.06, 
1333, 3.51, 0.20, 9.07, 
1334, 3.50, 0.20, 9.07, 
1335, 3.50, 0.20, 9.08, 
1336, 3.51, 0.20, 9.09, 
1337, 3.51, 0.20, 9.09, 
1338, 3.50, 0.20, 9.10, 
1339, 3.51, 0.20, 9.11, 
1340, 3.50, 0.20, 9.12, 
1341, 3.51, 0.20, 9.12, 
1342, 3.51, 0.20, 9.13, 
1343, 3.51, 0.20, 9.14, 
1344, 3.51, 0.20, 9.14, 
1345, 3.51, 0.20, 9.15, 
1346, 3.51, 0.20, 9.16, 
1347, 3.50, 0.20, 9.16, 
1348, 3.51, 0.20, 9.17, 
1349, 3.50, 0.20, 9.18, 
1350, 3.51, 0.20, 9.18, 
1351, 3.51, 0.20, 9.19, 
1352, 3.50, 0.20, 9.20, 
1353, 3.51, 0.20, 9.20, 
1354, 3.51, 0.20, 9.21, 
1355, 3.51, 0.20, 9.22, 
1356, 3.51, 0.20, 9.22, 
1357, 3.51, 0.20, 9.23, 
1358, 3.51, 0.20, 9.24, 
1359, 3.51, 0.20, 9.24, 
1360, 3.51, 0.20, 9.25, 
1361, 3.51, 0.20, 9.26, 
1362, 3.51, 0.20, 9.26, 
1363, 3.51, 0.20, 9.27, 
1364, 3.51, 0.20, 9.28, 
1365, 3.51, 0.20, 9.29, 
1366, 3.51, 0.20, 9.29, 
1367, 3.51, 0.20, 9.30, 
1368, 3.51, 0.20, 9.31, 
1369, 3.51, 0.20, 9.31, 
1370, 3.51, 0.20, 9.32, 
1371, 3.50, 0.20, 9.33, 
1372, 3.51, 0.20, 9.33, 
1373, 3.51, 0.20, 9.34, 
1374, 3.51, 0.20, 9.35, 
1375, 3.51, 0.20, 9.35, 
1376, 3.51, 0.20, 9.36, 
1377, 3.51, 0.20, 9.37, 
1378, 3.51, 0.20, 9.37, 
1379, 3.51, 0.20, 9.38, 
1380, 3.51, 0.20, 9.39, 
1381, 3.50, 0.20, 9.39, 
1382, 3.51, 0.20, 9.40, 
1383, 3.51, 0.20, 9.41, 
1384, 3.51, 0.20, 9.41, 
1385, 3.51, 0.20, 9.42, 
1386, 3.51, 0.20, 9.43, 
1387, 3.51, 0.20, 9.43, 
1388, 3.51, 0.20, 9.44, 
1389, 3.51, 0.20, 9.45, 
1390, 3.51, 0.20, 9.46, 
1391, 3.51, 0.20, 9.46, 
1392, 3.51, 0.20, 9.47, 
1393, 3.51, 0.20, 9.48, 
1394, 3.51, 0.20, 9.48, 
1395, 3.51, 0.20, 9.49, 
1396, 3.51, 0.20, 9.50, 
1397, 3.51, 0.20, 9.50, 
1398, 3.51, 0.20, 9.51, 
1399, 3.51, 0.20, 9.52, 
1400, 3.51, 0.20, 9.52, 
1401, 3.51, 0.20, 9.53, 
1402, 3.51, 0.20, 9.54, 
1403, 3.51, 0.20, 9.54, 
1404, 3.51, 0.20, 9.55, 
1405, 3.51, 0.20, 9.56, 
1406, 3.51, 0.20, 9.56, 
1407, 3.51, 0.20, 9.57, 
1408, 3.51, 0.20, 9.58, 
1409, 3.51, 0.20, 9.58, 
1410, 3.51, 0.20, 9.59, 
1411, 3.51, 0.20, 9.60, 
1412, 3.51, 0.20, 9.60, 
1413, 3.51, 0.20, 9.61, 
1414, 3.51, 0.20, 9.62, 
1415, 3.51, 0.20, 9.63, 
1416, 3.51, 0.20, 9.63, 
1417, 3.52, 0.20, 9.64, 
1418, 3.51, 0.20, 9.65, 
1419, 3.51, 0.20, 9.65, 
1420, 3.52, 0.20, 9.66, 
1421, 3.51, 0.20, 9.67, 
1422, 3.51, 0.20, 9.67, 
1423, 3.51, 0.20, 9.68, 
1424, 3.51, 0.20, 9.69, 
1425, 3.51, 0.20, 9.69, 
1426, 3.51, 0.20, 9.70, 
1427, 3.51, 0.20, 9.71, 
1428, 3.51, 0.20, 9.71, 
1429, 3.51, 0.20, 9.72, 
1430, 3.51, 0.20, 9.73, 
1431, 3.51, 0.20, 9.73, 
1432, 3.51, 0.20, 9.74, 
1433, 3.52, 0.20, 9.75, 
1434, 3.51, 0.20, 9.75, 
1435, 3.51, 0.20, 9.76, 
1436, 3.51, 0.20, 9.77, 
1437, 3.51, 0.20, 9.77, 
1438, 3.51, 0.20, 9.78, 
1439, 3.51, 0.20, 9.79, 
1440, 3.51, 0.20, 9.80, 
1441, 3.51, 0.20, 9.80, 
1442, 3.51, 0.20, 9.81, 
1443, 3.51, 0.20, 9.82, 
1444, 3.51, 0.20, 9.82, 
1445, 3.51, 0.20, 9.83, 
1446, 3.51, 0.20, 9.84, 
1447, 3.51, 0.20, 9.84, 
1448, 3.51, 0.20, 9.85, 
1449, 3.51, 0.20, 9.86, 
1450, 3.52, 0.20, 9.86, 
1451, 3.51, 0.20, 9.87, 
1452, 3.51, 0.20, 9.88, 
1453, 3.51, 0.20, 9.88, 
1454, 3.51, 0.20, 9.89, 
1455, 3.51, 0.20, 9.90, 
1456, 3.51, 0.20, 9.90, 
1457, 3.51, 0.20, 9.91, 
1458, 3.51, 0.20, 9.92, 
1459, 3.51, 0.20, 9.92, 
1460, 3.51, 0.20, 9.93, 
1461, 3.51, 0.20, 9.94, 
1462, 3.51, 0.20, 9.94, 
1463, 3.51, 0.20, 9.95, 
1464, 3.51, 0.20, 9.96, 
1465, 3.51, 0.20, 9.97, 
1466, 3.51, 0.20, 9.97, 
1467, 3.52, 0.20, 9.98, 
1468, 3.51, 0.20, 9.99, 
1469, 3.51, 0.20, 9.99, 
1470, 3.51, 0.20, 10.00, 
1471, 3.51, 0.20, 10.01, 
1472, 3.51, 0.20, 10.01, 
1473, 3.51, 0.20, 10.02, 
1474, 3.51, 0.20, 10.03, 
1475, 3.51, 0.20, 10.03, 
1476, 3.51, 0.20, 10.04, 
1477, 3.51, 0.20, 10.05, 
1478, 3.52, 0.20, 10.05, 
1479, 3.51, 0.20, 10.06, 
1480, 3.51, 0.20, 10.07, 
1481, 3.51, 0.20, 10.07, 
1482, 3.52, 0.20, 10.08, 
1483, 3.51, 0.20, 10.09, 
1484, 3.51, 0.20, 10.09, 
1485, 3.51, 0.20, 10.10, 
1486, 3.51, 0.20, 10.11, 
1487, 3.52, 0.20, 10.11, 
1488, 3.51, 0.20, 10.12, 
1489, 3.51, 0.20, 10.13, 
1490, 3.51, 0.20, 10.14, 
1491, 3.51, 0.20, 10.14, 
1492, 3.52, 0.20, 10.15, 
1493, 3.51, 0.20, 10.16, 
1494, 3.51, 0.20, 10.16, 
1495, 3.52, 0.20, 10.17, 
1496, 3.52, 0.20, 10.18, 
1497, 3.51, 0.20, 10.18, 
1498, 3.51, 0.20, 10.19, 
1499, 3.52, 0.20, 10.20, 
1500, 3.51, 0.20, 10.20, 
1501, 3.52, 0.20, 10.21, 
1502, 3.51, 0.20, 10.22, 
1503, 3.51, 0.20, 10.22, 
1504, 3.51, 0.20, 10.23, 
1505, 3.52, 0.20, 10.24, 
1506, 3.52, 0.20, 10.24, 
1507, 3.52, 0.20, 10.25, 
1508, 3.51, 0.20, 10.26, 
1509, 3.52, 0.20, 10.26, 
1510, 3.51, 0.20, 10.27, 
1511, 3.52, 0.20, 10.28, 
1512, 3.52, 0.20, 10.28, 
1513, 3.52, 0.20, 10.29, 
1514, 3.52, 0.20, 10.30, 
1515, 3.51, 0.20, 10.31, 
1516, 3.52, 0.20, 10.31, 
1517, 3.52, 0.20, 10.32, 
1518, 3.52, 0.20, 10.33, 
1519, 3.52, 0.20, 10.33, 
1520, 3.52, 0.20, 10.34, 
1521, 3.52, 0.20, 10.35, 
1522, 3.51, 0.20, 10.35, 
1523, 3.51, 0.20, 10.36, 
1524, 3.51, 0.20, 10.37, 
1525, 3.52, 0.20, 10.37, 
1526, 3.51, 0.20, 10.38, 
1527, 3.51, 0.20, 10.39, 
1528, 3.52, 0.20, 10.39, 
1529, 3.52, 0.20, 10.40, 
1530, 3.51, 0.20, 10.41, 
1531, 3.52, 0.20, 10.41, 
1532, 3.52, 0.20, 10.42, 
1533, 3.51, 0.20, 10.43, 
1534, 3.51, 0.20, 10.43, 
1535, 3.52, 0.20, 10.44, 
1536, 3.52, 0.20, 10.45, 
1537, 3.51, 0.20, 10.45, 
1538, 3.51, 0.20, 10.46, 
1539, 3.51, 0.20, 10.47, 
1540, 3.51, 0.20, 10.48, 
1541, 3.51, 0.20, 10.48, 
1542, 3.52, 0.20, 10.49, 
1543, 3.51, 0.20, 10.50, 
1544, 3.51, 0.20, 10.50, 
1545, 3.52, 0.20, 10.51, 
1546, 3.52, 0.20, 10.52, 
1547, 3.51, 0.20, 10.52, 
1548, 3.52, 0.20, 10.53, 
1549, 3.52, 0.20, 10.54, 
1550, 3.52, 0.20, 10.54, 
1551, 3.52, 0.20, 10.55, 
1552, 3.52, 0.20, 10.56, 
1553, 3.52, 0.20, 10.56, 
1554, 3.52, 0.20, 10.57, 
1555, 3.52, 0.20, 10.58, 
1556, 3.52, 0.20, 10.58, 
1557, 3.52, 0.20, 10.59, 
1558, 3.52, 0.20, 10.60, 
1559, 3.52, 0.20, 10.60, 
1560, 3.52, 0.20, 10.61, 
1561, 3.52, 0.20, 10.62, 
1562, 3.52, 0.20, 10.62, 
1563, 3.52, 0.20, 10.63, 
1564, 3.52, 0.20, 10.64, 
1565, 3.52, 0.20, 10.65, 
1566, 3.52, 0.20, 10.65, 
1567, 3.52, 0.20, 10.66, 
1568, 3.52, 0.20, 10.67, 
1569, 3.51, 0.20, 10.67, 
1570, 3.52, 0.20, 10.68, 
1571, 3.52, 0.20, 10.69, 
1572, 3.52, 0.20, 10.69, 
1573, 3.52, 0.20, 10.70, 
1574, 3.51, 0.20, 10.71, 
1575, 3.52, 0.20, 10.71, 
1576, 3.52, 0.20, 10.72, 
1577, 3.52, 0.20, 10.73, 
1578, 3.52, 0.20, 10.73, 
1579, 3.51, 0.20, 10.74, 
1580, 3.52, 0.20, 10.75, 
1581, 3.52, 0.20, 10.75, 
1582, 3.52, 0.20, 10.76, 
1583, 3.52, 0.20, 10.77, 
1584, 3.52, 0.20, 10.77, 
1585, 3.52, 0.20, 10.78, 
1586, 3.52, 0.20, 10.79, 
1587, 3.52, 0.20, 10.80, 
1588, 3.52, 0.20, 10.80, 
1589, 3.52, 0.20, 10.81, 
1590, 3.52, 0.20, 10.82, 
1591, 3.52, 0.20, 10.82, 
1592, 3.51, 0.20, 10.83, 
1593, 3.52, 0.20, 10.84, 
1594, 3.52, 0.20, 10.84, 
1595, 3.52, 0.20, 10.85, 
1596, 3.52, 0.20, 10.86, 
1597, 3.52, 0.20, 10.86, 
1598, 3.52, 0.20, 10.87, 
1599, 3.52, 0.20, 10.88, 
1600, 3.52, 0.20, 10.88, 
1601, 3.52, 0.20, 10.89, 
1602, 3.52, 0.20, 10.90, 
1603, 3.52, 0.20, 10.90, 
1604, 3.52, 0.20, 10.91, 
1605, 3.52, 0.20, 10.92, 
1606, 3.52, 0.20, 10.92, 
1607, 3.52, 0.20, 10.93, 
1608, 3.52, 0.20, 10.94, 
1609, 3.52, 0.20, 10.94, 
1610, 3.52, 0.20, 10.95, 
1611, 3.52, 0.20, 10.96, 
1612, 3.52, 0.20, 10.97, 
1613, 3.52, 0.20, 10.97, 
1614, 3.52, 0.20, 10.98, 
1615, 3.52, 0.20, 10.99, 
1616, 3.52, 0.20, 10.99, 
1617, 3.52, 0.20, 11.00, 
1618, 3.52, 0.20, 11.01, 
1619, 3.52, 0.20, 11.01, 
1620, 3.52, 0.20, 11.02, 
1621, 3.52, 0.20, 11.03, 
1622, 3.52, 0.20, 11.03, 
1623, 3.52, 0.20, 11.04, 
1624, 3.52, 0.20, 11.05, 
1625, 3.52, 0.20, 11.05, 
1626, 3.52, 0.20, 11.06, 
1627, 3.52, 0.20, 11.07, 
1628, 3.52, 0.20, 11.07, 
1629, 3.52, 0.20, 11.08, 
1630, 3.52, 0.20, 11.09, 
1631, 3.52, 0.20, 11.09, 
1632, 3.52, 0.20, 11.10, 
1633, 3.52, 0.20, 11.11, 
1634, 3.52, 0.20, 11.11, 
1635, 3.52, 0.20, 11.12, 
1636, 3.52, 0.20, 11.13, 
1637, 3.52, 0.20, 11.14, 
1638, 3.52, 0.20, 11.14, 
1639, 3.52, 0.20, 11.15, 
1640, 3.52, 0.20, 11.16, 
1641, 3.52, 0.20, 11.16, 
1642, 3.52, 0.20, 11.17, 
1643, 3.52, 0.20, 11.18, 
1644, 3.52, 0.20, 11.18, 
1645, 3.52, 0.20, 11.19, 
1646, 3.52, 0.20, 11.20, 
1647, 3.52, 0.20, 11.20, 
1648, 3.52, 0.20, 11.21, 
1649, 3.52, 0.20, 11.22, 
1650, 3.52, 0.20, 11.22, 
1651, 3.52, 0.20, 11.23, 
1652, 3.52, 0.20, 11.24, 
1653, 3.52, 0.20, 11.24, 
1654, 3.52, 0.20, 11.25, 
1655, 3.52, 0.20, 11.26, 
1656, 3.52, 0.20, 11.26, 
1657, 3.52, 0.20, 11.27, 
1658, 3.52, 0.20, 11.28, 
1659, 3.52, 0.20, 11.28, 
1660, 3.52, 0.20, 11.29, 
1661, 3.52, 0.20, 11.30, 
1662, 3.52, 0.20, 11.31, 
1663, 3.52, 0.20, 11.31, 
1664, 3.52, 0.20, 11.32, 
1665, 3.52, 0.20, 11.33, 
1666, 3.52, 0.20, 11.33, 
1667, 3.52, 0.20, 11.34, 
1668, 3.52, 0.20, 11.35, 
1669, 3.52, 0.20, 11.35, 
1670, 3.52, 0.20, 11.36, 
1671, 3.52, 0.20, 11.37, 
1672, 3.52, 0.20, 11.37, 
1673, 3.52, 0.20, 11.38, 
1674, 3.52, 0.20, 11.39, 
1675, 3.52, 0.20, 11.39, 
1676, 3.52, 0.20, 11.40, 
1677, 3.52, 0.20, 11.41, 
1678, 3.52, 0.20, 11.41, 
1679, 3.52, 0.20, 11.42, 
1680, 3.52, 0.20, 11.43, 
1681, 3.52, 0.20, 11.43, 
1682, 3.52, 0.20, 11.44, 
1683, 3.52, 0.20, 11.45, 
1684, 3.52, 0.20, 11.45, 
1685, 3.52, 0.20, 11.46, 
1686, 3.52, 0.20, 11.47, 
1687, 3.52, 0.20, 11.48, 
1688, 3.52, 0.20, 11.48, 
1689, 3.52, 0.20, 11.49, 
1690, 3.52, 0.20, 11.50, 
1691, 3.52, 0.20, 11.50, 
1692, 3.52, 0.20, 11.51, 
1693, 3.52, 0.20, 11.52, 
1694, 3.52, 0.20, 11.52, 
1695, 3.52, 0.20, 11.53, 
1696, 3.52, 0.20, 11.54, 
1697, 3.52, 0.20, 11.54, 
1698, 3.52, 0.20, 11.55, 
1699, 3.52, 0.20, 11.56, 
1700, 3.52, 0.20, 11.56, 
1701, 3.52, 0.20, 11.57, 
1702, 3.52, 0.20, 11.58, 
1703, 3.52, 0.20, 11.58, 
1704, 3.52, 0.20, 11.59, 
1705, 3.52, 0.20, 11.60, 
1706, 3.52, 0.20, 11.60, 
1707, 3.52, 0.20, 11.61, 
1708, 3.52, 0.20, 11.62, 
1709, 3.52, 0.20, 11.62, 
1710, 3.52, 0.20, 11.63, 
1711, 3.52, 0.20, 11.64, 
1712, 3.52, 0.20, 11.65, 
1713, 3.52, 0.20, 11.65, 
1714, 3.52, 0.20, 11.66, 
1715, 3.52, 0.20, 11.67, 
1716, 3.52, 0.20, 11.67, 
1717, 3.52, 0.20, 11.68, 
1718, 3.52, 0.20, 11.69, 
1719, 3.52, 0.20, 11.69, 
1720, 3.52, 0.20, 11.70, 
1721, 3.52, 0.20, 11.71, 
1722, 3.52, 0.20, 11.71, 
1723, 3.52, 0.20, 11.72, 
1724, 3.52, 0.20, 11.73, 
1725, 3.52, 0.20, 11.73, 
1726, 3.52, 0.20, 11.74, 
1727, 3.52, 0.20, 11.75, 
1728, 3.52, 0.20, 11.75, 
1729, 3.52, 0.20, 11.76, 
1730, 3.52, 0.20, 11.77, 
1731, 3.52, 0.20, 11.77, 
1732, 3.52, 0.20, 11.78, 
1733, 3.52, 0.20, 11.79, 
1734, 3.52, 0.20, 11.79, 
1735, 3.52, 0.20, 11.80, 
1736, 3.52, 0.20, 11.81, 
1737, 3.52, 0.20, 11.82, 
1738, 3.52, 0.20, 11.82, 
1739, 3.52, 0.20, 11.83, 
1740, 3.52, 0.20, 11.84, 
1741, 3.52, 0.20, 11.84, 
1742, 3.52, 0.20, 11.85, 
1743, 3.52, 0.20, 11.86, 
1744, 3.52, 0.20, 11.86, 
1745, 3.52, 0.20, 11.87, 
1746, 3.52, 0.20, 11.88, 
1747, 3.52, 0.20, 11.88, 
1748, 3.52, 0.20, 11.89, 
1749, 3.52, 0.20, 11.90, 
1750, 3.52, 0.20, 11.90, 
1751, 3.52, 0.20, 11.91, 
1752, 3.52, 0.20, 11.92, 
1753, 3.52, 0.20, 11.92, 
1754, 3.52, 0.20, 11.93, 
1755, 3.52, 0.20, 11.94, 
1756, 3.52, 0.20, 11.94, 
1757, 3.52, 0.20, 11.95, 
1758, 3.52, 0.20, 11.96, 
1759, 3.52, 0.20, 11.96, 
1760, 3.52, 0.20, 11.97, 
1761, 3.52, 0.20, 11.98, 
1762, 3.52, 0.20, 11.99, 
1763, 3.52, 0.20, 11.99, 
1764, 3.52, 0.20, 12.00, 
1765, 3.52, 0.20, 12.01, 
1766, 3.52, 0.20, 12.01, 
1767, 3.52, 0.20, 12.02, 
1768, 3.52, 0.20, 12.03, 
1769, 3.52, 0.20, 12.03, 
1770, 3.52, 0.20, 12.04, 
1771, 3.52, 0.20, 12.05, 
1772, 3.52, 0.20, 12.05, 
1773, 3.53, 0.20, 12.06, 
1774, 3.52, 0.20, 12.07, 
1775, 3.52, 0.20, 12.07, 
1776, 3.52, 0.20, 12.08, 
1777, 3.52, 0.20, 12.09, 
1778, 3.52, 0.20, 12.09, 
1779, 3.52, 0.20, 12.10, 
1780, 3.52, 0.20, 12.11, 
1781, 3.53, 0.20, 12.11, 
1782, 3.52, 0.20, 12.12, 
1783, 3.52, 0.20, 12.13, 
1784, 3.52, 0.20, 12.13, 
1785, 3.52, 0.20, 12.14, 
1786, 3.53, 0.20, 12.15, 
1787, 3.52, 0.20, 12.16, 
1788, 3.53, 0.20, 12.16, 
1789, 3.53, 0.20, 12.17, 
1790, 3.52, 0.20, 12.18, 
1791, 3.52, 0.20, 12.18, 
1792, 3.53, 0.20, 12.19, 
1793, 3.52, 0.20, 12.20, 
1794, 3.52, 0.20, 12.20, 
1795, 3.52, 0.20, 12.21, 
1796, 3.52, 0.20, 12.22, 
1797, 3.52, 0.20, 12.22, 
1798, 3.53, 0.20, 12.23, 
1799, 3.53, 0.20, 12.24, 
1800, 3.52, 0.20, 12.24, 
1801, 3.53, 0.20, 12.25, 
1802, 3.52, 0.20, 12.26, 
1803, 3.53, 0.20, 12.26, 
1804, 3.52, 0.20, 12.27, 
1805, 3.53, 0.20, 12.28, 
1806, 3.53, 0.20, 12.28, 
1807, 3.53, 0.20, 12.29, 
1808, 3.53, 0.20, 12.30, 
1809, 3.53, 0.20, 12.30, 
1810, 3.53, 0.20, 12.31, 
1811, 3.52, 0.20, 12.32, 
1812, 3.53, 0.20, 12.33, 
1813, 3.53, 0.20, 12.33, 
1814, 3.53, 0.20, 12.34, 
1815, 3.53, 0.20, 12.35, 
1816, 3.53, 0.20, 12.35, 
1817, 3.53, 0.20, 12.36, 
1818, 3.53, 0.20, 12.37, 
1819, 3.52, 0.20, 12.37, 
1820, 3.53, 0.20, 12.38, 
1821, 3.52, 0.20, 12.39, 
1822, 3.53, 0.20, 12.39, 
1823, 3.52, 0.20, 12.40, 
1824, 3.52, 0.20, 12.41, 
1825, 3.53, 0.20, 12.41, 
1826, 3.53, 0.20, 12.42, 
1827, 3.53, 0.20, 12.43, 
1828, 3.53, 0.20, 12.43, 
1829, 3.53, 0.20, 12.44, 
1830, 3.53, 0.20, 12.45, 
1831, 3.53, 0.20, 12.45, 
1832, 3.53, 0.20, 12.46, 
1833, 3.52, 0.20, 12.47, 
1834, 3.53, 0.20, 12.47, 
1835, 3.52, 0.20, 12.48, 
1836, 3.53, 0.20, 12.49, 
1837, 3.53, 0.20, 12.50, 
1838, 3.53, 0.20, 12.50, 
1839, 3.53, 0.20, 12.51, 
1840, 3.53, 0.20, 12.52, 
1841, 3.53, 0.20, 12.52, 
1842, 3.53, 0.20, 12.53, 
1843, 3.53, 0.20, 12.54, 
1844, 3.53, 0.20, 12.54, 
1845, 3.53, 0.20, 12.55, 
1846, 3.53, 0.20, 12.56, 
1847, 3.53, 0.20, 12.56, 
1848, 3.53, 0.20, 12.57, 
1849, 3.53, 0.20, 12.58, 
1850, 3.53, 0.20, 12.58, 
1851, 3.53, 0.20, 12.59, 
1852, 3.53, 0.20, 12.60, 
1853, 3.53, 0.20, 12.60, 
1854, 3.52, 0.20, 12.61, 
1855, 3.53, 0.20, 12.62, 
1856, 3.53, 0.20, 12.62, 
1857, 3.53, 0.20, 12.63, 
1858, 3.53, 0.20, 12.64, 
1859, 3.53, 0.20, 12.64, 
1860, 3.53, 0.20, 12.65, 
1861, 3.53, 0.20, 12.66, 
1862, 3.53, 0.20, 12.67, 
1863, 3.53, 0.20, 12.67, 
1864, 3.53, 0.20, 12.68, 
1865, 3.53, 0.20, 12.69, 
1866, 3.53, 0.20, 12.69, 
1867, 3.53, 0.20, 12.70, 
1868, 3.53, 0.20, 12.71, 
1869, 3.53, 0.20, 12.71, 
1870, 3.53, 0.20, 12.72, 
1871, 3.53, 0.20, 12.73, 
1872, 3.53, 0.20, 12.73, 
1873, 3.53, 0.20, 12.74, 
1874, 3.53, 0.20, 12.75, 
1875, 3.53, 0.20, 12.75, 
1876, 3.53, 0.20, 12.76, 
1877, 3.53, 0.20, 12.77, 
1878, 3.53, 0.20, 12.77, 
1879, 3.53, 0.20, 12.78, 
1880, 3.53, 0.20, 12.79, 
1881, 3.53, 0.20, 12.79, 
1882, 3.53, 0.20, 12.80, 
1883, 3.53, 0.20, 12.81, 
1884, 3.53, 0.20, 12.81, 
1885, 3.53, 0.20, 12.82, 
1886, 3.53, 0.20, 12.83, 
1887, 3.53, 0.20, 12.84, 
1888, 3.53, 0.20, 12.84, 
1889, 3.53, 0.20, 12.85, 
1890, 3.53, 0.20, 12.86, 
1891, 3.53, 0.20, 12.86, 
1892, 3.53, 0.20, 12.87, 
1893, 3.53, 0.20, 12.88, 
1894, 3.53, 0.20, 12.88, 
1895, 3.53, 0.20, 12.89, 
1896, 3.53, 0.20, 12.90, 
1897, 3.53, 0.20, 12.90, 
1898, 3.53, 0.20, 12.91, 
1899, 3.53, 0.20, 12.92, 
1900, 3.53, 0.20, 12.92, 
1901, 3.53, 0.20, 12.93, 
1902, 3.53, 0.20, 12.94, 
1903, 3.53, 0.20, 12.94, 
1904, 3.53, 0.20, 12.95, 
1905, 3.53, 0.20, 12.96, 
1906, 3.53, 0.20, 12.96, 
1907, 3.53, 0.20, 12.97, 
1908, 3.53, 0.20, 12.98, 
1909, 3.53, 0.20, 12.98, 
1910, 3.53, 0.20, 12.99, 
1911, 3.53, 0.20, 13.00, 
1912, 3.53, 0.20, 13.01, 
1913, 3.53, 0.20, 13.01, 
1914, 3.53, 0.20, 13.02, 
1915, 3.53, 0.20, 13.03, 
1916, 3.53, 0.20, 13.03, 
1917, 3.53, 0.20, 13.04, 
1918, 3.53, 0.20, 13.05, 
1919, 3.53, 0.20, 13.05, 
1920, 3.53, 0.20, 13.06, 
1921, 3.53, 0.20, 13.07, 
1922, 3.53, 0.20, 13.07, 
1923, 3.54, 0.20, 13.08, 
1924, 3.53, 0.20, 13.09, 
1925, 3.53, 0.20, 13.09, 
1926, 3.54, 0.20, 13.10, 
1927, 3.53, 0.20, 13.11, 
1928, 3.53, 0.20, 13.11, 
1929, 3.53, 0.20, 13.12, 
1930, 3.53, 0.20, 13.13, 
1931, 3.53, 0.20, 13.13, 
1932, 3.54, 0.20, 13.14, 
1933, 3.53, 0.20, 13.15, 
1934, 3.53, 0.20, 13.15, 
1935, 3.53, 0.20, 13.16, 
1936, 3.53, 0.20, 13.17, 
1937, 3.53, 0.20, 13.18, 
1938, 3.53, 0.20, 13.18, 
1939, 3.54, 0.20, 13.19, 
1940, 3.54, 0.20, 13.20, 
1941, 3.53, 0.20, 13.20, 
1942, 3.53, 0.20, 13.21, 
1943, 3.54, 0.20, 13.22, 
1944, 3.53, 0.20, 13.22, 
1945, 3.53, 0.20, 13.23, 
1946, 3.54, 0.20, 13.24, 
1947, 3.54, 0.20, 13.24, 
1948, 3.53, 0.20, 13.25, 
1949, 3.53, 0.20, 13.26, 
1950, 3.54, 0.20, 13.26, 
1951, 3.53, 0.20, 13.27, 
1952, 3.54, 0.20, 13.28, 
1953, 3.53, 0.20, 13.28, 
1954, 3.54, 0.20, 13.29, 
1955, 3.53, 0.20, 13.30, 
1956, 3.54, 0.20, 13.30, 
1957, 3.53, 0.20, 13.31, 
1958, 3.53, 0.20, 13.32, 
1959, 3.53, 0.20, 13.32, 
1960, 3.53, 0.20, 13.33, 
1961, 3.54, 0.20, 13.34, 
1962, 3.53, 0.20, 13.35, 
1963, 3.53, 0.20, 13.35, 
1964, 3.54, 0.20, 13.36, 
1965, 3.53, 0.20, 13.37, 
1966, 3.54, 0.20, 13.37, 
1967, 3.54, 0.20, 13.38, 
1968, 3.54, 0.20, 13.39, 
1969, 3.53, 0.20, 13.39, 
1970, 3.53, 0.20, 13.40, 
1971, 3.54, 0.20, 13.41, 
1972, 3.54, 0.20, 13.41, 
1973, 3.54, 0.20, 13.42, 
1974, 3.54, 0.20, 13.43, 
1975, 3.54, 0.20, 13.43, 
1976, 3.54, 0.20, 13.44, 
1977, 3.54, 0.20, 13.45, 
1978, 3.53, 0.20, 13.45, 
1979, 3.54, 0.20, 13.46, 
1980, 3.53, 0.20, 13.47, 
1981, 3.54, 0.20, 13.47, 
1982, 3.54, 0.20, 13.48, 
1983, 3.54, 0.20, 13.49, 
1984, 3.54, 0.20, 13.49, 
1985, 3.54, 0.20, 13.50, 
1986, 3.54, 0.20, 13.51, 
1987, 3.54, 0.20, 13.52, 
1988, 3.54, 0.20, 13.52, 
1989, 3.54, 0.20, 13.53, 
1990, 3.54, 0.20, 13.54, 
1991, 3.54, 0.20, 13.54, 
1992, 3.54, 0.20, 13.55, 
1993, 3.53, 0.20, 13.56, 
1994, 3.54, 0.20, 13.56, 
1995, 3.54, 0.20, 13.57, 
1996, 3.54, 0.20, 13.58, 
1997, 3.54, 0.20, 13.58, 
1998, 3.54, 0.20, 13.59, 
1999, 3.53, 0.20, 13.60, 
2000, 3.54, 0.20, 13.60, 
2001, 3.54, 0.20, 13.61, 
2002, 3.54, 0.20, 13.62, 
2003, 3.53, 0.20, 13.62, 
2004, 3.54, 0.20, 13.63, 
2005, 3.54, 0.20, 13.64, 
2006, 3.54, 0.20, 13.64, 
2007, 3.53, 0.20, 13.65, 
2008, 3.54, 0.20, 13.66, 
2009, 3.54, 0.20, 13.66, 
2010, 3.54, 0.20, 13.67, 
2011, 3.54, 0.20, 13.68, 
2012, 3.54, 0.20, 13.69, 
2013, 3.54, 0.20, 13.69, 
2014, 3.54, 0.20, 13.70, 
2015, 3.54, 0.20, 13.71, 
2016, 3.54, 0.20, 13.71, 
2017, 3.54, 0.20, 13.72, 
2018, 3.54, 0.20, 13.73, 
2019, 3.54, 0.20, 13.73, 
2020, 3.54, 0.20, 13.74, 
2021, 3.54, 0.20, 13.75, 
2022, 3.54, 0.20, 13.75, 
2023, 3.54, 0.20, 13.76, 
2024, 3.54, 0.20, 13.77, 
2025, 3.54, 0.20, 13.77, 
2026, 3.54, 0.20, 13.78, 
2027, 3.54, 0.20, 13.79, 
2028, 3.54, 0.20, 13.79, 
2029, 3.54, 0.20, 13.80, 
2030, 3.54, 0.20, 13.81, 
2031, 3.54, 0.20, 13.81, 
2032, 3.54, 0.20, 13.82, 
2033, 3.54, 0.20, 13.83, 
2034, 3.54, 0.20, 13.83, 
2035, 3.54, 0.20, 13.84, 
2036, 3.54, 0.20, 13.85, 
2037, 3.54, 0.20, 13.86, 
2038, 3.54, 0.20, 13.86, 
2039, 3.54, 0.20, 13.87, 
2040, 3.54, 0.20, 13.88, 
2041, 3.54, 0.20, 13.88, 
2042, 3.54, 0.20, 13.89, 
2043, 3.54, 0.20, 13.90, 
2044, 3.54, 0.20, 13.90, 
2045, 3.54, 0.20, 13.91, 
2046, 3.54, 0.20, 13.92, 
2047, 3.54, 0.20, 13.92, 
2048, 3.54, 0.20, 13.93, 
2049, 3.54, 0.20, 13.94, 
2050, 3.54, 0.20, 13.94, 
2051, 3.54, 0.20, 13.95, 
2052, 3.54, 0.20, 13.96, 
2053, 3.54, 0.20, 13.96, 
2054, 3.54, 0.20, 13.97, 
2055, 3.54, 0.20, 13.98, 
2056, 3.54, 0.20, 13.98, 
2057, 3.54, 0.20, 13.99, 
2058, 3.54, 0.20, 14.00, 
2059, 3.54, 0.20, 14.00, 
2060, 3.54, 0.20, 14.01, 
2061, 3.54, 0.20, 14.02, 
2062, 3.54, 0.20, 14.03, 
2063, 3.54, 0.20, 14.03, 
2064, 3.54, 0.20, 14.04, 
2065, 3.54, 0.20, 14.05, 
2066, 3.54, 0.20, 14.05, 
2067, 3.54, 0.20, 14.06, 
2068, 3.54, 0.20, 14.07, 
2069, 3.54, 0.20, 14.07, 
2070, 3.54, 0.20, 14.08, 
2071, 3.54, 0.20, 14.09, 
2072, 3.54, 0.20, 14.09, 
2073, 3.54, 0.20, 14.10, 
2074, 3.54, 0.20, 14.11, 
2075, 3.54, 0.20, 14.11, 
2076, 3.54, 0.20, 14.12, 
2077, 3.54, 0.20, 14.13, 
2078, 3.54, 0.20, 14.13, 
2079, 3.54, 0.20, 14.14, 
2080, 3.54, 0.20, 14.15, 
2081, 3.54, 0.20, 14.15, 
2082, 3.54, 0.20, 14.16, 
2083, 3.54, 0.20, 14.17, 
2084, 3.54, 0.20, 14.17, 
2085, 3.54, 0.20, 14.18, 
2086, 3.54, 0.20, 14.19, 
2087, 3.54, 0.20, 14.20, 
2088, 3.54, 0.20, 14.20, 
2089, 3.54, 0.20, 14.21, 
2090, 3.54, 0.20, 14.22, 
2091, 3.54, 0.20, 14.22, 
2092, 3.54, 0.20, 14.23, 
2093, 3.54, 0.20, 14.24, 
2094, 3.54, 0.20, 14.24, 
2095, 3.54, 0.20, 14.25, 
2096, 3.54, 0.20, 14.26, 
2097, 3.54, 0.20, 14.26, 
2098, 3.54, 0.20, 14.27, 
2099, 3.54, 0.20, 14.28, 
2100, 3.54, 0.20, 14.28, 
2101, 3.54, 0.20, 14.29, 
2102, 3.54, 0.20, 14.30, 
2103, 3.54, 0.20, 14.30, 
2104, 3.54, 0.20, 14.31, 
2105, 3.54, 0.20, 14.32, 
2106, 3.54, 0.20, 14.32, 
2107, 3.54, 0.20, 14.33, 
2108, 3.54, 0.20, 14.34, 
2109, 3.54, 0.20, 14.34, 
2110, 3.54, 0.20, 14.35, 
2111, 3.54, 0.20, 14.36, 
2112, 3.54, 0.20, 14.36, 
2113, 3.54, 0.20, 14.37, 
2114, 3.54, 0.20, 14.38, 
2115, 3.54, 0.20, 14.39, 
2116, 3.54, 0.20, 14.39, 
2117, 3.54, 0.20, 14.40, 
2118, 3.54, 0.20, 14.41, 
2119, 3.54, 0.20, 14.41, 
2120, 3.54, 0.20, 14.42, 
2121, 3.54, 0.20, 14.43, 
2122, 3.54, 0.20, 14.43, 
2123, 3.54, 0.20, 14.44, 
2124, 3.54, 0.20, 14.45, 
2125, 3.54, 0.20, 14.45, 
2126, 3.54, 0.20, 14.46, 
2127, 3.54, 0.20, 14.47, 
2128, 3.54, 0.20, 14.47, 
2129, 3.54, 0.20, 14.48, 
2130, 3.54, 0.20, 14.49, 
2131, 3.54, 0.20, 14.49, 
2132, 3.54, 0.20, 14.50, 
2133, 3.54, 0.20, 14.51, 
2134, 3.54, 0.20, 14.51, 
2135, 3.54, 0.20, 14.52, 
2136, 3.54, 0.20, 14.53, 
2137, 3.54, 0.20, 14.54, 
2138, 3.54, 0.20, 14.54, 
2139, 3.54, 0.20, 14.55, 
2140, 3.54, 0.20, 14.56, 
2141, 3.54, 0.20, 14.56, 
2142, 3.54, 0.20, 14.57, 
2143, 3.54, 0.20, 14.58, 
2144, 3.54, 0.20, 14.58, 
2145, 3.54, 0.20, 14.59, 
2146, 3.54, 0.20, 14.60, 
2147, 3.54, 0.20, 14.60, 
2148, 3.54, 0.20, 14.61, 
2149, 3.54, 0.20, 14.62, 
2150, 3.54, 0.20, 14.62, 
2151, 3.54, 0.20, 14.63, 
2152, 3.54, 0.20, 14.64, 
2153, 3.54, 0.20, 14.64, 
2154, 3.54, 0.20, 14.65, 
2155, 3.54, 0.20, 14.66, 
2156, 3.54, 0.20, 14.66, 
2157, 3.54, 0.20, 14.67, 
2158, 3.54, 0.20, 14.68, 
2159, 3.54, 0.20, 14.68, 
2160, 3.54, 0.20, 14.69, 
2161, 3.54, 0.20, 14.70, 
2162, 3.54, 0.20, 14.70, 
2163, 3.55, 0.20, 14.71, 
2164, 3.54, 0.20, 14.72, 
2165, 3.54, 0.20, 14.73, 
2166, 3.54, 0.20, 14.73, 
2167, 3.54, 0.20, 14.74, 
2168, 3.54, 0.20, 14.75, 
2169, 3.54, 0.20, 14.75, 
2170, 3.54, 0.20, 14.76, 
2171, 3.54, 0.20, 14.77, 
2172, 3.54, 0.20, 14.77, 
2173, 3.54, 0.20, 14.78, 
2174, 3.54, 0.20, 14.79, 
2175, 3.54, 0.20, 14.79, 
2176, 3.54, 0.20, 14.80, 
2177, 3.54, 0.20, 14.81, 
2178, 3.54, 0.20, 14.81, 
2179, 3.54, 0.20, 14.82, 
2180, 3.54, 0.20, 14.83, 
2181, 3.54, 0.20, 14.83, 
2182, 3.54, 0.20, 14.84, 
2183, 3.54, 0.20, 14.85, 
2184, 3.54, 0.20, 14.85, 
2185, 3.54, 0.20, 14.86, 
2186, 3.54, 0.20, 14.87, 
2187, 3.54, 0.20, 14.87, 
2188, 3.55, 0.20, 14.88, 
2189, 3.54, 0.20, 14.89, 
2190, 3.55, 0.20, 14.90, 
2191, 3.54, 0.20, 14.90, 
2192, 3.55, 0.20, 14.91, 
2193, 3.54, 0.20, 14.92, 
2194, 3.55, 0.20, 14.92, 
2195, 3.54, 0.20, 14.93, 
2196, 3.54, 0.20, 14.94, 
2197, 3.54, 0.20, 14.94, 
2198, 3.55, 0.20, 14.95, 
2199, 3.54, 0.20, 14.96, 
2200, 3.54, 0.20, 14.96, 
2201, 3.55, 0.20, 14.97, 
2202, 3.54, 0.20, 14.98, 
2203, 3.54, 0.20, 14.98, 
2204, 3.55, 0.20, 14.99, 
2205, 3.54, 0.20, 15.00, 
2206, 3.55, 0.20, 15.00, 
2207, 3.54, 0.20, 15.01, 
2208, 3.55, 0.20, 15.02, 
2209, 3.54, 0.20, 15.02, 
2210, 3.54, 0.20, 15.03, 
2211, 3.55, 0.20, 15.04, 
2212, 3.54, 0.20, 15.05, 
2213, 3.55, 0.20, 15.05, 
2214, 3.54, 0.20, 15.06, 
2215, 3.55, 0.20, 15.07, 
2216, 3.55, 0.20, 15.07, 
2217, 3.55, 0.20, 15.08, 
2218, 3.55, 0.20, 15.09, 
2219, 3.55, 0.20, 15.09, 
2220, 3.55, 0.20, 15.10, 
2221, 3.55, 0.20, 15.11, 
2222, 3.54, 0.20, 15.11, 
2223, 3.55, 0.20, 15.12, 
2224, 3.55, 0.20, 15.13, 
2225, 3.54, 0.20, 15.13, 
2226, 3.55, 0.20, 15.14, 
2227, 3.54, 0.20, 15.15, 
2228, 3.55, 0.20, 15.15, 
2229, 3.55, 0.20, 15.16, 
2230, 3.55, 0.20, 15.17, 
2231, 3.55, 0.20, 15.17, 
2232, 3.54, 0.20, 15.18, 
2233, 3.55, 0.20, 15.19, 
2234, 3.55, 0.20, 15.19, 
2235, 3.54, 0.20, 15.20, 
2236, 3.55, 0.20, 15.21, 
2237, 3.54, 0.20, 15.22, 
2238, 3.55, 0.20, 15.22, 
2239, 3.55, 0.20, 15.23, 
2240, 3.55, 0.20, 15.24, 
2241, 3.54, 0.20, 15.24, 
2242, 3.55, 0.20, 15.25, 
2243, 3.55, 0.20, 15.26, 
2244, 3.55, 0.20, 15.26, 
2245, 3.55, 0.20, 15.27, 
2246, 3.55, 0.20, 15.28, 
2247, 3.55, 0.20, 15.28, 
2248, 3.55, 0.20, 15.29, 
2249, 3.55, 0.20, 15.30, 
2250, 3.54, 0.20, 15.30, 
2251, 3.55, 0.20, 15.31, 
2252, 3.55, 0.20, 15.32, 
2253, 3.55, 0.20, 15.32, 
2254, 3.55, 0.20, 15.33, 
2255, 3.55, 0.20, 15.34, 
2256, 3.55, 0.20, 15.34, 
2257, 3.55, 0.20, 15.35, 
2258, 3.55, 0.20, 15.36, 
2259, 3.55, 0.20, 15.36, 
2260, 3.55, 0.20, 15.37, 
2261, 3.55, 0.20, 15.38, 
2262, 3.55, 0.20, 15.39, 
2263, 3.55, 0.20, 15.39, 
2264, 3.55, 0.20, 15.40, 
2265, 3.55, 0.20, 15.41, 
2266, 3.55, 0.20, 15.41, 
2267, 3.55, 0.20, 15.42, 
2268, 3.55, 0.20, 15.43, 
2269, 3.55, 0.20, 15.43, 
2270, 3.55, 0.20, 15.44, 
2271, 3.55, 0.20, 15.45, 
2272, 3.55, 0.20, 15.45, 
2273, 3.55, 0.20, 15.46, 
2274, 3.55, 0.20, 15.47, 
2275, 3.55, 0.20, 15.47, 
2276, 3.55, 0.20, 15.48, 
2277, 3.55, 0.20, 15.49, 
2278, 3.55, 0.20, 15.49, 
2279, 3.55, 0.20, 15.50, 
2280, 3.55, 0.20, 15.51, 
2281, 3.55, 0.20, 15.51, 
2282, 3.55, 0.20, 15.52, 
2283, 3.55, 0.20, 15.53, 
2284, 3.55, 0.20, 15.53, 
2285, 3.55, 0.20, 15.54, 
2286, 3.55, 0.20, 15.55, 
2287, 3.55, 0.20, 15.55, 
2288, 3.55, 0.20, 15.56, 
2289, 3.55, 0.20, 15.57, 
2290, 3.55, 0.20, 15.58, 
2291, 3.55, 0.20, 15.58, 
2292, 3.55, 0.20, 15.59, 
2293, 3.55, 0.20, 15.60, 
2294, 3.55, 0.20, 15.60, 
2295, 3.55, 0.20, 15.61, 
2296, 3.55, 0.20, 15.62, 
2297, 3.55, 0.20, 15.62, 
2298, 3.55, 0.20, 15.63, 
2299, 3.55, 0.20, 15.64, 
2300, 3.55, 0.20, 15.64, 
2301, 3.55, 0.20, 15.65, 
2302, 3.55, 0.20, 15.66, 
2303, 3.55, 0.20, 15.66, 
2304, 3.55, 0.20, 15.67, 
2305, 3.55, 0.20, 15.68, 
2306, 3.55, 0.20, 15.68, 
2307, 3.55, 0.20, 15.69, 
2308, 3.55, 0.20, 15.70, 
2309, 3.55, 0.20, 15.70, 
2310, 3.55, 0.20, 15.71, 
2311, 3.55, 0.20, 15.72, 
2312, 3.55, 0.20, 15.72, 
2313, 3.55, 0.20, 15.73, 
2314, 3.55, 0.20, 15.74, 
2315, 3.55, 0.20, 15.75, 
2316, 3.55, 0.20, 15.75, 
2317, 3.55, 0.20, 15.76, 
2318, 3.55, 0.20, 15.77, 
2319, 3.55, 0.20, 15.77, 
2320, 3.55, 0.20, 15.78, 
2321, 3.55, 0.20, 15.79, 
2322, 3.55, 0.20, 15.79, 
2323, 3.55, 0.20, 15.80, 
2324, 3.55, 0.20, 15.81, 
2325, 3.55, 0.20, 15.81, 
2326, 3.56, 0.20, 15.82, 
2327, 3.55, 0.20, 15.83, 
2328, 3.55, 0.20, 15.83, 
2329, 3.55, 0.20, 15.84, 
2330, 3.55, 0.20, 15.85, 
2331, 3.55, 0.20, 15.85, 
2332, 3.55, 0.20, 15.86, 
2333, 3.55, 0.20, 15.87, 
2334, 3.56, 0.20, 15.87, 
2335, 3.55, 0.20, 15.88, 
2336, 3.55, 0.20, 15.89, 
2337, 3.55, 0.20, 15.89, 
2338, 3.55, 0.20, 15.90, 
2339, 3.55, 0.20, 15.91, 
2340, 3.55, 0.20, 15.92, 
2341, 3.55, 0.20, 15.92, 
2342, 3.56, 0.20, 15.93, 
2343, 3.56, 0.20, 15.94, 
2344, 3.56, 0.20, 15.94, 
2345, 3.55, 0.20, 15.95, 
2346, 3.55, 0.20, 15.96, 
2347, 3.56, 0.20, 15.96, 
2348, 3.55, 0.20, 15.97, 
2349, 3.55, 0.20, 15.98, 
2350, 3.56, 0.20, 15.98, 
2351, 3.56, 0.20, 15.99, 
2352, 3.56, 0.20, 16.00, 
2353, 3.55, 0.20, 16.00, 
2354, 3.55, 0.20, 16.01, 
2355, 3.55, 0.20, 16.02, 
2356, 3.55, 0.20, 16.02, 
2357, 3.56, 0.20, 16.03, 
2358, 3.55, 0.20, 16.04, 
2359, 3.55, 0.20, 16.04, 
2360, 3.56, 0.20, 16.05, 
2361, 3.56, 0.20, 16.06, 
2362, 3.56, 0.20, 16.07, 
2363, 3.56, 0.20, 16.07, 
2364, 3.55, 0.20, 16.08, 
2365, 3.56, 0.20, 16.09, 
2366, 3.55, 0.20, 16.09, 
2367, 3.56, 0.20, 16.10, 
2368, 3.56, 0.20, 16.11, 
2369, 3.55, 0.20, 16.11, 
2370, 3.56, 0.20, 16.12, 
2371, 3.56, 0.20, 16.13, 
2372, 3.56, 0.20, 16.13, 
2373, 3.56, 0.20, 16.14, 
2374, 3.56, 0.20, 16.15, 
2375, 3.56, 0.20, 16.15, 
2376, 3.56, 0.20, 16.16, 
2377, 3.55, 0.20, 16.17, 
2378, 3.55, 0.20, 16.17, 
2379, 3.56, 0.20, 16.18, 
2380, 3.56, 0.20, 16.19, 
2381, 3.56, 0.20, 16.19, 
2382, 3.56, 0.20, 16.20, 
2383, 3.56, 0.20, 16.21, 
2384, 3.56, 0.20, 16.21, 
2385, 3.56, 0.20, 16.22, 
2386, 3.56, 0.20, 16.23, 
2387, 3.56, 0.20, 16.23, 
2388, 3.56, 0.20, 16.24, 
2389, 3.56, 0.20, 16.25, 
2390, 3.56, 0.20, 16.26, 
2391, 3.56, 0.20, 16.26, 
2392, 3.56, 0.20, 16.27, 
2393, 3.56, 0.20, 16.28, 
2394, 3.56, 0.20, 16.28, 
2395, 3.56, 0.20, 16.29, 
2396, 3.56, 0.20, 16.30, 
2397, 3.56, 0.20, 16.30, 
2398, 3.56, 0.20, 16.31, 
2399, 3.56, 0.20, 16.32, 
2400, 3.56, 0.20, 16.32, 
2401, 3.56, 0.20, 16.33, 
2402, 3.56, 0.20, 16.34, 
2403, 3.56, 0.20, 16.34, 
2404, 3.56, 0.20, 16.35, 
2405, 3.56, 0.20, 16.36, 
2406, 3.56, 0.20, 16.36, 
2407, 3.56, 0.20, 16.37, 
2408, 3.56, 0.20, 16.38, 
2409, 3.56, 0.20, 16.38, 
2410, 3.56, 0.20, 16.39, 
2411, 3.56, 0.20, 16.40, 
2412, 3.56, 0.20, 16.40, 
2413, 3.56, 0.20, 16.41, 
2414, 3.56, 0.20, 16.42, 
2415, 3.56, 0.20, 16.43, 
2416, 3.56, 0.20, 16.43, 
2417, 3.55, 0.20, 16.44, 
2418, 3.56, 0.20, 16.45, 
2419, 3.56, 0.20, 16.45, 
2420, 3.56, 0.20, 16.46, 
2421, 3.56, 0.20, 16.47, 
2422, 3.56, 0.20, 16.47, 
2423, 3.56, 0.20, 16.48, 
2424, 3.56, 0.20, 16.49, 
2425, 3.56, 0.20, 16.49, 
2426, 3.56, 0.20, 16.50, 
2427, 3.56, 0.20, 16.51, 
2428, 3.56, 0.20, 16.51, 
2429, 3.56, 0.20, 16.52, 
2430, 3.56, 0.20, 16.53, 
2431, 3.56, 0.20, 16.53, 
2432, 3.56, 0.20, 16.54, 
2433, 3.56, 0.20, 16.55, 
2434, 3.56, 0.20, 16.55, 
2435, 3.56, 0.20, 16.56, 
2436, 3.56, 0.20, 16.57, 
2437, 3.56, 0.20, 16.57, 
2438, 3.56, 0.20, 16.58, 
2439, 3.56, 0.20, 16.59, 
2440, 3.56, 0.20, 16.60, 
2441, 3.56, 0.20, 16.60, 
2442, 3.56, 0.20, 16.61, 
2443, 3.56, 0.20, 16.62, 
2444, 3.56, 0.20, 16.62, 
2445, 3.56, 0.20, 16.63, 
2446, 3.56, 0.20, 16.64, 
2447, 3.56, 0.20, 16.64, 
2448, 3.56, 0.20, 16.65, 
2449, 3.56, 0.20, 16.66, 
2450, 3.56, 0.20, 16.66, 
2451, 3.56, 0.20, 16.67, 
2452, 3.56, 0.20, 16.68, 
2453, 3.56, 0.20, 16.68, 
2454, 3.56, 0.20, 16.69, 
2455, 3.56, 0.20, 16.70, 
2456, 3.56, 0.20, 16.70, 
2457, 3.56, 0.20, 16.71, 
2458, 3.56, 0.20, 16.72, 
2459, 3.56, 0.20, 16.72, 
2460, 3.56, 0.20, 16.73, 
2461, 3.56, 0.20, 16.74, 
2462, 3.56, 0.20, 16.74, 
2463, 3.56, 0.20, 16.75, 
2464, 3.56, 0.20, 16.76, 
2465, 3.56, 0.20, 16.77, 
2466, 3.56, 0.20, 16.77, 
2467, 3.56, 0.20, 16.78, 
2468, 3.56, 0.20, 16.79, 
2469, 3.56, 0.20, 16.79, 
2470, 3.56, 0.20, 16.80, 
2471, 3.56, 0.20, 16.81, 
2472, 3.56, 0.20, 16.81, 
2473, 3.56, 0.20, 16.82, 
2474, 3.56, 0.20, 16.83, 
2475, 3.56, 0.20, 16.83, 
2476, 3.56, 0.20, 16.84, 
2477, 3.56, 0.20, 16.85, 
2478, 3.56, 0.20, 16.85, 
2479, 3.56, 0.20, 16.86, 
2480, 3.56, 0.20, 16.87, 
2481, 3.56, 0.20, 16.87, 
2482, 3.56, 0.20, 16.88, 
2483, 3.56, 0.20, 16.89, 
2484, 3.56, 0.20, 16.89, 
2485, 3.56, 0.20, 16.90, 
2486, 3.56, 0.20, 16.91, 
2487, 3.56, 0.20, 16.91, 
2488, 3.56, 0.20, 16.92, 
2489, 3.56, 0.20, 16.93, 
2490, 3.56, 0.20, 16.94, 
2491, 3.56, 0.20, 16.94, 
2492, 3.56, 0.20, 16.95, 
2493, 3.56, 0.20, 16.96, 
2494, 3.56, 0.20, 16.96, 
2495, 3.56, 0.20, 16.97, 
2496, 3.56, 0.20, 16.98, 
2497, 3.56, 0.20, 16.98, 
2498, 3.57, 0.20, 16.99, 
2499, 3.56, 0.20, 17.00, 
2500, 3.56, 0.20, 17.00, 
2501, 3.56, 0.20, 17.01, 
2502, 3.56, 0.20, 17.02, 
2503, 3.56, 0.20, 17.02, 
2504, 3.56, 0.20, 17.03, 
2505, 3.56, 0.20, 17.04, 
2506, 3.56, 0.20, 17.04, 
2507, 3.56, 0.20, 17.05, 
2508, 3.56, 0.20, 17.06, 
2509, 3.57, 0.20, 17.06, 
2510, 3.56, 0.20, 17.07, 
2511, 3.56, 0.20, 17.08, 
2512, 3.56, 0.20, 17.08, 
2513, 3.56, 0.20, 17.09, 
2514, 3.56, 0.20, 17.10, 
2515, 3.56, 0.20, 17.11, 
2516, 3.56, 0.20, 17.11, 
2517, 3.56, 0.20, 17.12, 
2518, 3.56, 0.20, 17.13, 
2519, 3.56, 0.20, 17.13, 
2520, 3.56, 0.20, 17.14, 
2521, 3.56, 0.20, 17.15, 
2522, 3.56, 0.20, 17.15, 
2523, 3.56, 0.20, 17.16, 
2524, 3.56, 0.20, 17.17, 
2525, 3.56, 0.20, 17.17, 
2526, 3.56, 0.20, 17.18, 
2527, 3.56, 0.20, 17.19, 
2528, 3.56, 0.20, 17.19, 
2529, 3.56, 0.20, 17.20, 
2530, 3.56, 0.20, 17.21, 
2531, 3.56, 0.20, 17.21, 
2532, 3.57, 0.20, 17.22, 
2533, 3.56, 0.20, 17.23, 
2534, 3.56, 0.20, 17.23, 
2535, 3.56, 0.20, 17.24, 
2536, 3.57, 0.20, 17.25, 
2537, 3.56, 0.20, 17.25, 
2538, 3.56, 0.20, 17.26, 
2539, 3.56, 0.20, 17.27, 
2540, 3.56, 0.20, 17.28, 
2541, 3.56, 0.20, 17.28, 
2542, 3.56, 0.20, 17.29, 
2543, 3.56, 0.20, 17.30, 
2544, 3.56, 0.20, 17.30, 
2545, 3.56, 0.20, 17.31, 
2546, 3.57, 0.20, 17.32, 
2547, 3.56, 0.20, 17.32, 
2548, 3.56, 0.20, 17.33, 
2549, 3.56, 0.20, 17.34, 
2550, 3.56, 0.20, 17.34, 
2551, 3.57, 0.20, 17.35, 
2552, 3.56, 0.20, 17.36, 
2553, 3.57, 0.20, 17.36, 
2554, 3.56, 0.20, 17.37, 
2555, 3.56, 0.20, 17.38, 
2556, 3.56, 0.20, 17.38, 
2557, 3.57, 0.20, 17.39, 
2558, 3.56, 0.20, 17.40, 
2559, 3.57, 0.20, 17.40, 
2560, 3.56, 0.20, 17.41, 
2561, 3.57, 0.20, 17.42, 
2562, 3.57, 0.20, 17.42, 
2563, 3.56, 0.20, 17.43, 
2564, 3.57, 0.20, 17.44, 
2565, 3.57, 0.20, 17.45, 
2566, 3.57, 0.20, 17.45, 
2567, 3.56, 0.20, 17.46, 
2568, 3.56, 0.20, 17.47, 
2569, 3.57, 0.20, 17.47, 
2570, 3.57, 0.20, 17.48, 
2571, 3.57, 0.20, 17.49, 
2572, 3.57, 0.20, 17.49, 
2573, 3.57, 0.20, 17.50, 
2574, 3.56, 0.20, 17.51, 
2575, 3.56, 0.20, 17.51, 
2576, 3.57, 0.20, 17.52, 
2577, 3.57, 0.20, 17.53, 
2578, 3.57, 0.20, 17.53, 
2579, 3.57, 0.20, 17.54, 
2580, 3.57, 0.20, 17.55, 
2581, 3.57, 0.20, 17.55, 
2582, 3.57, 0.20, 17.56, 
2583, 3.57, 0.20, 17.57, 
2584, 3.57, 0.20, 17.57, 
2585, 3.57, 0.20, 17.58, 
2586, 3.57, 0.20, 17.59, 
2587, 3.56, 0.20, 17.59, 
2588, 3.57, 0.20, 17.60, 
2589, 3.57, 0.20, 17.61, 
2590, 3.57, 0.20, 17.62, 
2591, 3.57, 0.20, 17.62, 
2592, 3.57, 0.20, 17.63, 
2593, 3.57, 0.20, 17.64, 
2594, 3.57, 0.20, 17.64, 
2595, 3.57, 0.20, 17.65, 
2596, 3.57, 0.20, 17.66, 
2597, 3.57, 0.20, 17.66, 
2598, 3.57, 0.20, 17.67, 
2599, 3.57, 0.20, 17.68, 
2600, 3.57, 0.20, 17.68, 
2601, 3.57, 0.20, 17.69, 
2602, 3.57, 0.20, 17.70, 
2603, 3.57, 0.20, 17.70, 
2604, 3.57, 0.20, 17.71, 
2605, 3.57, 0.20, 17.72, 
2606, 3.57, 0.20, 17.72, 
2607, 3.57, 0.20, 17.73, 
2608, 3.57, 0.20, 17.74, 
2609, 3.57, 0.20, 17.74, 
2610, 3.57, 0.20, 17.75, 
2611, 3.57, 0.20, 17.76, 
2612, 3.57, 0.20, 17.76, 
2613, 3.56, 0.20, 17.77, 
2614, 3.57, 0.20, 17.78, 
2615, 3.57, 0.20, 17.79, 
2616, 3.57, 0.20, 17.79, 
2617, 3.57, 0.20, 17.80, 
2618, 3.57, 0.20, 17.81, 
2619, 3.57, 0.20, 17.81, 
2620, 3.57, 0.20, 17.82, 
2621, 3.57, 0.20, 17.83, 
2622, 3.57, 0.20, 17.83, 
2623, 3.57, 0.20, 17.84, 
2624, 3.57, 0.20, 17.85, 
2625, 3.57, 0.20, 17.85, 
2626, 3.57, 0.20, 17.86, 
2627, 3.57, 0.20, 17.87, 
2628, 3.57, 0.20, 17.87, 
2629, 3.57, 0.20, 17.88, 
2630, 3.57, 0.20, 17.89, 
2631, 3.57, 0.20, 17.89, 
2632, 3.57, 0.20, 17.90, 
2633, 3.57, 0.20, 17.91, 
2634, 3.57, 0.20, 17.91, 
2635, 3.57, 0.20, 17.92, 
2636, 3.57, 0.20, 17.93, 
2637, 3.57, 0.20, 17.93, 
2638, 3.57, 0.20, 17.94, 
2639, 3.57, 0.20, 17.95, 
2640, 3.57, 0.20, 17.96, 
2641, 3.57, 0.20, 17.96, 
2642, 3.57, 0.20, 17.97, 
2643, 3.57, 0.20, 17.98, 
2644, 3.57, 0.20, 17.98, 
2645, 3.57, 0.20, 17.99, 
2646, 3.57, 0.20, 18.00, 
2647, 3.57, 0.20, 18.00, 
2648, 3.57, 0.20, 18.01, 
2649, 3.57, 0.20, 18.02, 
2650, 3.57, 0.20, 18.02, 
2651, 3.57, 0.20, 18.03, 
2652, 3.57, 0.20, 18.04, 
2653, 3.57, 0.20, 18.04, 
2654, 3.57, 0.20, 18.05, 
2655, 3.57, 0.20, 18.06, 
2656, 3.57, 0.20, 18.06, 
2657, 3.57, 0.20, 18.07, 
2658, 3.57, 0.20, 18.08, 
2659, 3.57, 0.20, 18.08, 
2660, 3.58, 0.20, 18.09, 
2661, 3.57, 0.20, 18.10, 
2662, 3.57, 0.20, 18.10, 
2663, 3.57, 0.20, 18.11, 
2664, 3.57, 0.20, 18.12, 
2665, 3.57, 0.20, 18.13, 
2666, 3.57, 0.20, 18.13, 
2667, 3.57, 0.20, 18.14, 
2668, 3.57, 0.20, 18.15, 
2669, 3.57, 0.20, 18.15, 
2670, 3.57, 0.20, 18.16, 
2671, 3.57, 0.20, 18.17, 
2672, 3.57, 0.20, 18.17, 
2673, 3.57, 0.20, 18.18, 
2674, 3.57, 0.20, 18.19, 
2675, 3.57, 0.20, 18.19, 
2676, 3.57, 0.20, 18.20, 
2677, 3.57, 0.20, 18.21, 
2678, 3.57, 0.20, 18.21, 
2679, 3.57, 0.20, 18.22, 
2680, 3.57, 0.20, 18.23, 
2681, 3.57, 0.20, 18.23, 
2682, 3.58, 0.20, 18.24, 
2683, 3.57, 0.20, 18.25, 
2684, 3.57, 0.20, 18.25, 
2685, 3.57, 0.20, 18.26, 
2686, 3.57, 0.20, 18.27, 
2687, 3.57, 0.20, 18.27, 
2688, 3.57, 0.20, 18.28, 
2689, 3.57, 0.20, 18.29, 
2690, 3.57, 0.20, 18.30, 
2691, 3.57, 0.20, 18.30, 
2692, 3.58, 0.20, 18.31, 
2693, 3.57, 0.20, 18.32, 
2694, 3.57, 0.20, 18.32, 
2695, 3.58, 0.20, 18.33, 
2696, 3.58, 0.20, 18.34, 
2697, 3.57, 0.20, 18.34, 
2698, 3.57, 0.20, 18.35, 
2699, 3.57, 0.20, 18.36, 
2700, 3.57, 0.20, 18.36, 
2701, 3.58, 0.20, 18.37, 
2702, 3.58, 0.20, 18.38, 
2703, 3.57, 0.20, 18.38, 
2704, 3.57, 0.20, 18.39, 
2705, 3.58, 0.20, 18.40, 
2706, 3.58, 0.20, 18.40, 
2707, 3.57, 0.20, 18.41, 
2708, 3.57, 0.20, 18.42, 
2709, 3.57, 0.20, 18.42, 
2710, 3.57, 0.20, 18.43, 
2711, 3.58, 0.20, 18.44, 
2712, 3.57, 0.20, 18.44, 
2713, 3.57, 0.20, 18.45, 
2714, 3.57, 0.20, 18.46, 
2715, 3.57, 0.20, 18.47, 
2716, 3.57, 0.20, 18.47, 
2717, 3.58, 0.20, 18.48, 
2718, 3.58, 0.20, 18.49, 
2719, 3.58, 0.20, 18.49, 
2720, 3.58, 0.20, 18.50, 
2721, 3.57, 0.20, 18.51, 
2722, 3.58, 0.20, 18.51, 
2723, 3.57, 0.20, 18.52, 
2724, 3.58, 0.20, 18.53, 
2725, 3.57, 0.20, 18.53, 
2726, 3.58, 0.20, 18.54, 
2727, 3.58, 0.20, 18.55, 
2728, 3.58, 0.20, 18.55, 
2729, 3.58, 0.20, 18.56, 
2730, 3.57, 0.20, 18.57, 
2731, 3.58, 0.20, 18.57, 
2732, 3.58, 0.20, 18.58, 
2733, 3.57, 0.20, 18.59, 
2734, 3.58, 0.20, 18.59, 
2735, 3.58, 0.20, 18.60, 
2736, 3.57, 0.20, 18.61, 
2737, 3.58, 0.20, 18.61, 
2738, 3.58, 0.20, 18.62, 
2739, 3.57, 0.20, 18.63, 
2740, 3.58, 0.20, 18.63, 
2741, 3.57, 0.20, 18.64, 
2742, 3.58, 0.20, 18.65, 
2743, 3.58, 0.20, 18.66, 
2744, 3.58, 0.20, 18.66, 
2745, 3.58, 0.20, 18.67, 
2746, 3.58, 0.20, 18.68, 
2747, 3.58, 0.20, 18.68, 
2748, 3.58, 0.20, 18.69, 
2749, 3.58, 0.20, 18.70, 
2750, 3.58, 0.20, 18.70, 
2751, 3.58, 0.20, 18.71, 
2752, 3.58, 0.20, 18.72, 
2753, 3.58, 0.20, 18.72, 
2754, 3.58, 0.20, 18.73, 
2755, 3.58, 0.20, 18.74, 
2756, 3.58, 0.20, 18.74, 
2757, 3.58, 0.20, 18.75, 
2758, 3.58, 0.20, 18.76, 
2759, 3.58, 0.20, 18.76, 
2760, 3.58, 0.20, 18.77, 
2761, 3.58, 0.20, 18.78, 
2762, 3.58, 0.20, 18.78, 
2763, 3.58, 0.20, 18.79, 
2764, 3.58, 0.20, 18.80, 
2765, 3.58, 0.20, 18.80, 
2766, 3.58, 0.20, 18.81, 
2767, 3.58, 0.20, 18.82, 
2768, 3.58, 0.20, 18.83, 
2769, 3.58, 0.20, 18.83, 
2770, 3.58, 0.20, 18.84, 
2771, 3.58, 0.20, 18.85, 
2772, 3.58, 0.20, 18.85, 
2773, 3.58, 0.20, 18.86, 
2774, 3.58, 0.20, 18.87, 
2775, 3.57, 0.20, 18.87, 
2776, 3.58, 0.20, 18.88, 
2777, 3.58, 0.20, 18.89, 
2778, 3.58, 0.20, 18.89, 
2779, 3.58, 0.20, 18.90, 
2780, 3.58, 0.20, 18.91, 
2781, 3.58, 0.20, 18.91, 
2782, 3.58, 0.20, 18.92, 
2783, 3.58, 0.20, 18.93, 
2784, 3.58, 0.20, 18.93, 
2785, 3.58, 0.20, 18.94, 
2786, 3.58, 0.20, 18.95, 
2787, 3.58, 0.20, 18.95, 
2788, 3.58, 0.20, 18.96, 
2789, 3.58, 0.20, 18.97, 
2790, 3.58, 0.20, 18.97, 
2791, 3.58, 0.20, 18.98, 
2792, 3.58, 0.20, 18.99, 
2793, 3.58, 0.20, 19.00, 
2794, 3.58, 0.20, 19.00, 
2795, 3.58, 0.20, 19.01, 
2796, 3.58, 0.20, 19.02, 
2797, 3.58, 0.20, 19.02, 
2798, 3.58, 0.20, 19.03, 
2799, 3.58, 0.20, 19.04, 
2800, 3.58, 0.20, 19.04, 
2801, 3.58, 0.20, 19.05, 
2802, 3.58, 0.20, 19.06, 
2803, 3.58, 0.20, 19.06, 
2804, 3.58, 0.20, 19.07, 
2805, 3.58, 0.20, 19.08, 
2806, 3.58, 0.20, 19.08, 
2807, 3.58, 0.20, 19.09, 
2808, 3.58, 0.20, 19.10, 
2809, 3.58, 0.20, 19.10, 
2810, 3.58, 0.20, 19.11, 
2811, 3.58, 0.20, 19.12, 
2812, 3.58, 0.20, 19.12, 
2813, 3.58, 0.20, 19.13, 
2814, 3.58, 0.20, 19.14, 
2815, 3.58, 0.20, 19.14, 
2816, 3.58, 0.20, 19.15, 
2817, 3.58, 0.20, 19.16, 
2818, 3.58, 0.20, 19.17, 
2819, 3.58, 0.20, 19.17, 
2820, 3.58, 0.20, 19.18, 
2821, 3.58, 0.20, 19.19, 
2822, 3.58, 0.20, 19.19, 
2823, 3.58, 0.20, 19.20, 
2824, 3.58, 0.20, 19.21, 
2825, 3.58, 0.20, 19.21, 
2826, 3.58, 0.20, 19.22, 
2827, 3.58, 0.20, 19.23, 
2828, 3.58, 0.20, 19.23, 
2829, 3.58, 0.20, 19.24, 
2830, 3.58, 0.20, 19.25, 
2831, 3.58, 0.20, 19.25, 
2832, 3.58, 0.20, 19.26, 
2833, 3.58, 0.20, 19.27, 
2834, 3.58, 0.20, 19.27, 
2835, 3.58, 0.20, 19.28, 
2836, 3.58, 0.20, 19.29, 
2837, 3.58, 0.20, 19.29, 
2838, 3.58, 0.20, 19.30, 
2839, 3.58, 0.20, 19.31, 
2840, 3.58, 0.20, 19.31, 
2841, 3.58, 0.20, 19.32, 
2842, 3.58, 0.20, 19.33, 
2843, 3.58, 0.20, 19.34, 
2844, 3.58, 0.20, 19.34, 
2845, 3.58, 0.20, 19.35, 
2846, 3.58, 0.20, 19.36, 
2847, 3.58, 0.20, 19.36, 
2848, 3.58, 0.20, 19.37, 
2849, 3.58, 0.20, 19.38, 
2850, 3.58, 0.20, 19.38, 
2851, 3.58, 0.20, 19.39, 
2852, 3.58, 0.20, 19.40, 
2853, 3.58, 0.20, 19.40, 
2854, 3.58, 0.20, 19.41, 
2855, 3.58, 0.20, 19.42, 
2856, 3.58, 0.20, 19.42, 
2857, 3.58, 0.20, 19.43, 
2858, 3.58, 0.20, 19.44, 
2859, 3.58, 0.20, 19.44, 
2860, 3.58, 0.20, 19.45, 
2861, 3.58, 0.20, 19.46, 
2862, 3.58, 0.20, 19.46, 
2863, 3.58, 0.20, 19.47, 
2864, 3.58, 0.20, 19.48, 
2865, 3.58, 0.20, 19.48, 
2866, 3.58, 0.20, 19.49, 
2867, 3.58, 0.20, 19.50, 
2868, 3.58, 0.20, 19.51, 
2869, 3.58, 0.20, 19.51, 
2870, 3.58, 0.20, 19.52, 
2871, 3.58, 0.20, 19.53, 
2872, 3.58, 0.20, 19.53, 
2873, 3.58, 0.20, 19.54, 
2874, 3.58, 0.20, 19.55, 
2875, 3.58, 0.20, 19.55, 
2876, 3.58, 0.20, 19.56, 
2877, 3.58, 0.20, 19.57, 
2878, 3.58, 0.20, 19.57, 
2879, 3.58, 0.20, 19.58, 
2880, 3.58, 0.20, 19.59, 
2881, 3.58, 0.20, 19.59, 
2882, 3.58, 0.20, 19.60, 
2883, 3.58, 0.20, 19.61, 
2884, 3.58, 0.20, 19.61, 
2885, 3.58, 0.20, 19.62, 
2886, 3.58, 0.20, 19.63, 
2887, 3.58, 0.20, 19.63, 
2888, 3.58, 0.20, 19.64, 
2889, 3.58, 0.20, 19.65, 
2890, 3.58, 0.20, 19.65, 
2891, 3.58, 0.20, 19.66, 
2892, 3.58, 0.20, 19.67, 
2893, 3.58, 0.20, 19.68, 
2894, 3.58, 0.20, 19.68, 
2895, 3.58, 0.20, 19.69, 
2896, 3.58, 0.20, 19.70, 
2897, 3.58, 0.20, 19.70, 
2898, 3.58, 0.20, 19.71, 
2899, 3.58, 0.20, 19.72, 
2900, 3.58, 0.20, 19.72, 
2901, 3.58, 0.20, 19.73, 
2902, 3.58, 0.20, 19.74, 
2903, 3.58, 0.20, 19.74, 
2904, 3.58, 0.20, 19.75, 
2905, 3.58, 0.20, 19.76, 
2906, 3.58, 0.20, 19.76, 
2907, 3.58, 0.20, 19.77, 
2908, 3.58, 0.20, 19.78, 
2909, 3.58, 0.20, 19.78, 
2910, 3.58, 0.20, 19.79, 
2911, 3.59, 0.20, 19.80, 
2912, 3.58, 0.20, 19.80, 
2913, 3.58, 0.20, 19.81, 
2914, 3.58, 0.20, 19.82, 
2915, 3.58, 0.20, 19.82, 
2916, 3.58, 0.20, 19.83, 
2917, 3.58, 0.20, 19.84, 
2918, 3.59, 0.20, 19.85, 
2919, 3.59, 0.20, 19.85, 
2920, 3.58, 0.20, 19.86, 
2921, 3.58, 0.20, 19.87, 
2922, 3.58, 0.20, 19.87, 
2923, 3.58, 0.20, 19.88, 
2924, 3.59, 0.20, 19.89, 
2925, 3.58, 0.20, 19.89, 
2926, 3.58, 0.20, 19.90, 
2927, 3.59, 0.20, 19.91, 
2928, 3.58, 0.20, 19.91, 
2929, 3.59, 0.20, 19.92, 
2930, 3.59, 0.20, 19.93, 
2931, 3.58, 0.20, 19.93, 
2932, 3.59, 0.20, 19.94, 
2933, 3.58, 0.20, 19.95, 
2934, 3.58, 0.20, 19.95, 
2935, 3.58, 0.20, 19.96, 
2936, 3.58, 0.20, 19.97, 
2937, 3.59, 0.20, 19.97, 
2938, 3.58, 0.20, 19.98, 
2939, 3.58, 0.20, 19.99, 
2940, 3.58, 0.20, 19.99, 
2941, 3.59, 0.20, 20.00, 
2942, 3.58, 0.20, 20.01, 
2943, 3.58, 0.20, 20.01, 
2944, 3.58, 0.20, 20.02, 
2945, 3.58, 0.20, 20.03, 
2946, 3.59, 0.20, 20.04, 
2947, 3.58, 0.20, 20.04, 
2948, 3.58, 0.20, 20.05, 
2949, 3.59, 0.20, 20.06, 
2950, 3.58, 0.20, 20.06, 
2951, 3.58, 0.20, 20.07, 
2952, 3.59, 0.20, 20.08, 
2953, 3.58, 0.20, 20.08, 
2954, 3.59, 0.20, 20.09, 
2955, 3.59, 0.20, 20.10, 
2956, 3.59, 0.20, 20.10, 
2957, 3.59, 0.20, 20.11, 
2958, 3.59, 0.20, 20.12, 
2959, 3.58, 0.20, 20.12, 
2960, 3.59, 0.20, 20.13, 
2961, 3.58, 0.20, 20.14, 
2962, 3.59, 0.20, 20.14, 
2963, 3.58, 0.20, 20.15, 
2964, 3.59, 0.20, 20.16, 
2965, 3.58, 0.20, 20.16, 
2966, 3.58, 0.20, 20.17, 
2967, 3.59, 0.20, 20.18, 
2968, 3.59, 0.20, 20.18, 
2969, 3.58, 0.20, 20.19, 
2970, 3.59, 0.20, 20.20, 
2971, 3.59, 0.20, 20.21, 
2972, 3.59, 0.20, 20.21, 
2973, 3.59, 0.20, 20.22, 
2974, 3.58, 0.20, 20.23, 
2975, 3.58, 0.20, 20.23, 
2976, 3.58, 0.20, 20.24, 
2977, 3.59, 0.20, 20.25, 
2978, 3.58, 0.20, 20.25, 
2979, 3.59, 0.20, 20.26, 
2980, 3.59, 0.20, 20.27, 
2981, 3.59, 0.20, 20.27, 
2982, 3.59, 0.20, 20.28, 
2983, 3.59, 0.20, 20.29, 
2984, 3.59, 0.20, 20.29, 
2985, 3.59, 0.20, 20.30, 
2986, 3.59, 0.20, 20.31, 
2987, 3.59, 0.20, 20.31, 
2988, 3.59, 0.20, 20.32, 
2989, 3.59, 0.20, 20.33, 
2990, 3.59, 0.20, 20.33, 
2991, 3.59, 0.20, 20.34, 
2992, 3.58, 0.20, 20.35, 
2993, 3.59, 0.20, 20.35, 
2994, 3.59, 0.20, 20.36, 
2995, 3.59, 0.20, 20.37, 
2996, 3.59, 0.20, 20.38, 
2997, 3.59, 0.20, 20.38, 
2998, 3.59, 0.20, 20.39, 
2999, 3.59, 0.20, 20.40, 
3000, 3.59, 0.20, 20.40, 
3001, 3.58, 0.20, 20.41, 
3002, 3.59, 0.20, 20.42, 
3003, 3.59, 0.20, 20.42, 
3004, 3.59, 0.20, 20.43, 
3005, 3.59, 0.20, 20.44, 
3006, 3.59, 0.20, 20.44, 
3007, 3.59, 0.20, 20.45, 
3008, 3.59, 0.20, 20.46, 
3009, 3.59, 0.20, 20.46, 
3010, 3.59, 0.20, 20.47, 
3011, 3.59, 0.20, 20.48, 
3012, 3.59, 0.20, 20.48, 
3013, 3.59, 0.20, 20.49, 
3014, 3.59, 0.20, 20.50, 
3015, 3.59, 0.20, 20.50, 
3016, 3.59, 0.20, 20.51, 
3017, 3.59, 0.20, 20.52, 
3018, 3.59, 0.20, 20.52, 
3019, 3.59, 0.20, 20.53, 
3020, 3.59, 0.20, 20.54, 
3021, 3.59, 0.20, 20.55, 
3022, 3.59, 0.20, 20.55, 
3023, 3.59, 0.20, 20.56, 
3024, 3.59, 0.20, 20.57, 
3025, 3.59, 0.20, 20.57, 
3026, 3.59, 0.20, 20.58, 
3027, 3.59, 0.20, 20.59, 
3028, 3.59, 0.20, 20.59, 
3029, 3.59, 0.20, 20.60, 
3030, 3.59, 0.20, 20.61, 
3031, 3.59, 0.20, 20.61, 
3032, 3.59, 0.20, 20.62, 
3033, 3.59, 0.20, 20.63, 
3034, 3.59, 0.20, 20.63, 
3035, 3.59, 0.20, 20.64, 
3036, 3.59, 0.20, 20.65, 
3037, 3.59, 0.20, 20.65, 
3038, 3.59, 0.20, 20.66, 
3039, 3.59, 0.20, 20.67, 
3040, 3.59, 0.20, 20.67, 
3041, 3.59, 0.20, 20.68, 
3042, 3.59, 0.20, 20.69, 
3043, 3.59, 0.20, 20.69, 
3044, 3.59, 0.20, 20.70, 
3045, 3.59, 0.20, 20.71, 
3046, 3.59, 0.20, 20.72, 
3047, 3.59, 0.20, 20.72, 
3048, 3.59, 0.20, 20.73, 
3049, 3.59, 0.20, 20.74, 
3050, 3.59, 0.20, 20.74, 
3051, 3.59, 0.20, 20.75, 
3052, 3.59, 0.20, 20.76, 
3053, 3.59, 0.20, 20.76, 
3054, 3.59, 0.20, 20.77, 
3055, 3.59, 0.20, 20.78, 
3056, 3.59, 0.20, 20.78, 
3057, 3.59, 0.20, 20.79, 
3058, 3.59, 0.20, 20.80, 
3059, 3.59, 0.20, 20.80, 
3060, 3.59, 0.20, 20.81, 
3061, 3.59, 0.20, 20.82, 
3062, 3.59, 0.20, 20.82, 
3063, 3.59, 0.20, 20.83, 
3064, 3.59, 0.20, 20.84, 
3065, 3.59, 0.20, 20.84, 
3066, 3.59, 0.20, 20.85, 
3067, 3.59, 0.20, 20.86, 
3068, 3.59, 0.20, 20.86, 
3069, 3.59, 0.20, 20.87, 
3070, 3.59, 0.20, 20.88, 
3071, 3.59, 0.20, 20.89, 
3072, 3.59, 0.20, 20.89, 
3073, 3.59, 0.20, 20.90, 
3074, 3.59, 0.20, 20.91, 
3075, 3.59, 0.20, 20.91, 
3076, 3.59, 0.20, 20.92, 
3077, 3.59, 0.20, 20.93, 
3078, 3.59, 0.20, 20.93, 
3079, 3.59, 0.20, 20.94, 
3080, 3.59, 0.20, 20.95, 
3081, 3.59, 0.20, 20.95, 
3082, 3.59, 0.20, 20.96, 
3083, 3.59, 0.20, 20.97, 
3084, 3.59, 0.20, 20.97, 
3085, 3.59, 0.20, 20.98, 
3086, 3.59, 0.20, 20.99, 
3087, 3.59, 0.20, 20.99, 
3088, 3.59, 0.20, 21.00, 
3089, 3.59, 0.20, 21.01, 
3090, 3.59, 0.20, 21.01, 
3091, 3.59, 0.20, 21.02, 
3092, 3.60, 0.20, 21.03, 
3093, 3.59, 0.20, 21.03, 
3094, 3.59, 0.20, 21.04, 
3095, 3.59, 0.20, 21.05, 
3096, 3.59, 0.20, 21.05, 
3097, 3.60, 0.20, 21.06, 
3098, 3.59, 0.20, 21.07, 
3099, 3.59, 0.20, 21.08, 
3100, 3.59, 0.20, 21.08, 
3101, 3.60, 0.20, 21.09, 
3102, 3.59, 0.20, 21.10, 
3103, 3.59, 0.20, 21.10, 
3104, 3.59, 0.20, 21.11, 
3105, 3.60, 0.20, 21.12, 
3106, 3.60, 0.20, 21.12, 
3107, 3.59, 0.20, 21.13, 
3108, 3.59, 0.20, 21.14, 
3109, 3.59, 0.20, 21.14, 
3110, 3.59, 0.20, 21.15, 
3111, 3.59, 0.20, 21.16, 
3112, 3.59, 0.20, 21.16, 
3113, 3.59, 0.20, 21.17, 
3114, 3.59, 0.20, 21.18, 
3115, 3.59, 0.20, 21.18, 
3116, 3.60, 0.20, 21.19, 
3117, 3.59, 0.20, 21.20, 
3118, 3.59, 0.20, 21.20, 
3119, 3.60, 0.20, 21.21, 
3120, 3.59, 0.20, 21.22, 
3121, 3.59, 0.20, 21.22, 
3122, 3.60, 0.20, 21.23, 
3123, 3.60, 0.20, 21.24, 
3124, 3.60, 0.20, 21.25, 
3125, 3.59, 0.20, 21.25, 
3126, 3.60, 0.20, 21.26, 
3127, 3.59, 0.20, 21.27, 
3128, 3.59, 0.20, 21.27, 
3129, 3.60, 0.20, 21.28, 
3130, 3.60, 0.20, 21.29, 
3131, 3.59, 0.20, 21.29, 
3132, 3.59, 0.20, 21.30, 
3133, 3.60, 0.20, 21.31, 
3134, 3.59, 0.20, 21.31, 
3135, 3.59, 0.20, 21.32, 
3136, 3.60, 0.20, 21.33, 
3137, 3.59, 0.20, 21.33, 
3138, 3.59, 0.20, 21.34, 
3139, 3.60, 0.20, 21.35, 
3140, 3.60, 0.20, 21.35, 
3141, 3.59, 0.20, 21.36, 
3142, 3.60, 0.20, 21.37, 
3143, 3.60, 0.20, 21.37, 
3144, 3.60, 0.20, 21.38, 
3145, 3.60, 0.20, 21.39, 
3146, 3.59, 0.20, 21.39, 
3147, 3.60, 0.20, 21.40, 
3148, 3.59, 0.20, 21.41, 
3149, 3.60, 0.20, 21.42, 
3150, 3.60, 0.20, 21.42, 
3151, 3.60, 0.20, 21.43, 
3152, 3.60, 0.20, 21.44, 
3153, 3.60, 0.20, 21.44, 
3154, 3.59, 0.20, 21.45, 
3155, 3.59, 0.20, 21.46, 
3156, 3.60, 0.20, 21.46, 
3157, 3.60, 0.20, 21.47, 
3158, 3.60, 0.20, 21.48, 
3159, 3.60, 0.20, 21.48, 
3160, 3.60, 0.20, 21.49, 
3161, 3.60, 0.20, 21.50, 
3162, 3.60, 0.20, 21.50, 
3163, 3.60, 0.20, 21.51, 
3164, 3.60, 0.20, 21.52, 
3165, 3.60, 0.20, 21.52, 
3166, 3.60, 0.20, 21.53, 
3167, 3.60, 0.20, 21.54, 
3168, 3.59, 0.20, 21.54, 
3169, 3.60, 0.20, 21.55, 
3170, 3.60, 0.20, 21.56, 
3171, 3.59, 0.20, 21.56, 
3172, 3.60, 0.20, 21.57, 
3173, 3.60, 0.20, 21.58, 
3174, 3.60, 0.20, 21.59, 
3175, 3.59, 0.20, 21.59, 
3176, 3.60, 0.20, 21.60, 
3177, 3.60, 0.20, 21.61, 
3178, 3.60, 0.20, 21.61, 
3179, 3.60, 0.20, 21.62, 
3180, 3.60, 0.20, 21.63, 
3181, 3.60, 0.20, 21.63, 
3182, 3.60, 0.20, 21.64, 
3183, 3.60, 0.20, 21.65, 
3184, 3.60, 0.20, 21.65, 
3185, 3.60, 0.20, 21.66, 
3186, 3.60, 0.20, 21.67, 
3187, 3.60, 0.20, 21.67, 
3188, 3.60, 0.20, 21.68, 
3189, 3.60, 0.20, 21.69, 
3190, 3.59, 0.20, 21.69, 
3191, 3.60, 0.20, 21.70, 
3192, 3.60, 0.20, 21.71, 
3193, 3.60, 0.20, 21.71, 
3194, 3.60, 0.20, 21.72, 
3195, 3.60, 0.20, 21.73, 
3196, 3.59, 0.20, 21.73, 
3197, 3.60, 0.20, 21.74, 
3198, 3.60, 0.20, 21.75, 
3199, 3.60, 0.20, 21.76, 
3200, 3.60, 0.20, 21.76, 
3201, 3.60, 0.20, 21.77, 
3202, 3.60, 0.20, 21.78, 
3203, 3.60, 0.20, 21.78, 
3204, 3.60, 0.20, 21.79, 
3205, 3.60, 0.20, 21.80, 
3206, 3.60, 0.20, 21.80, 
3207, 3.60, 0.20, 21.81, 
3208, 3.60, 0.20, 21.82, 
3209, 3.60, 0.20, 21.82, 
3210, 3.60, 0.20, 21.83, 
3211, 3.60, 0.20, 21.84, 
3212, 3.60, 0.20, 21.84, 
3213, 3.60, 0.20, 21.85, 
3214, 3.60, 0.20, 21.86, 
3215, 3.60, 0.20, 21.86, 
3216, 3.60, 0.20, 21.87, 
3217, 3.60, 0.20, 21.88, 
3218, 3.60, 0.20, 21.88, 
3219, 3.60, 0.20, 21.89, 
3220, 3.60, 0.20, 21.90, 
3221, 3.60, 0.20, 21.90, 
3222, 3.60, 0.20, 21.91, 
3223, 3.60, 0.20, 21.92, 
3224, 3.60, 0.20, 21.93, 
3225, 3.60, 0.20, 21.93, 
3226, 3.60, 0.20, 21.94, 
3227, 3.60, 0.20, 21.95, 
3228, 3.60, 0.20, 21.95, 
3229, 3.60, 0.20, 21.96, 
3230, 3.60, 0.20, 21.97, 
3231, 3.60, 0.20, 21.97, 
3232, 3.60, 0.20, 21.98, 
3233, 3.60, 0.20, 21.99, 
3234, 3.60, 0.20, 21.99, 
3235, 3.60, 0.20, 22.00, 
3236, 3.60, 0.20, 22.01, 
3237, 3.60, 0.20, 22.01, 
3238, 3.60, 0.20, 22.02, 
3239, 3.60, 0.20, 22.03, 
3240, 3.60, 0.20, 22.03, 
3241, 3.60, 0.20, 22.04, 
3242, 3.60, 0.20, 22.05, 
3243, 3.60, 0.20, 22.05, 
3244, 3.60, 0.20, 22.06, 
3245, 3.60, 0.20, 22.07, 
3246, 3.60, 0.20, 22.07, 
3247, 3.60, 0.20, 22.08, 
3248, 3.60, 0.20, 22.09, 
3249, 3.60, 0.20, 22.10, 
3250, 3.60, 0.20, 22.10, 
3251, 3.60, 0.20, 22.11, 
3252, 3.60, 0.20, 22.12, 
3253, 3.60, 0.20, 22.12, 
3254, 3.60, 0.20, 22.13, 
3255, 3.60, 0.20, 22.14, 
3256, 3.60, 0.20, 22.14, 
3257, 3.60, 0.20, 22.15, 
3258, 3.60, 0.20, 22.16, 
3259, 3.60, 0.20, 22.16, 
3260, 3.60, 0.20, 22.17, 
3261, 3.60, 0.20, 22.18, 
3262, 3.60, 0.20, 22.18, 
3263, 3.60, 0.20, 22.19, 
3264, 3.60, 0.20, 22.20, 
3265, 3.60, 0.20, 22.20, 
3266, 3.60, 0.20, 22.21, 
3267, 3.60, 0.20, 22.22, 
3268, 3.60, 0.20, 22.22, 
3269, 3.60, 0.20, 22.23, 
3270, 3.60, 0.20, 22.24, 
3271, 3.60, 0.20, 22.24, 
3272, 3.60, 0.20, 22.25, 
3273, 3.60, 0.20, 22.26, 
3274, 3.60, 0.20, 22.27, 
3275, 3.60, 0.20, 22.27, 
3276, 3.60, 0.20, 22.28, 
3277, 3.60, 0.20, 22.29, 
3278, 3.60, 0.20, 22.29, 
3279, 3.60, 0.20, 22.30, 
3280, 3.60, 0.20, 22.31, 
3281, 3.60, 0.20, 22.31, 
3282, 3.60, 0.20, 22.32, 
3283, 3.60, 0.20, 22.33, 
3284, 3.60, 0.20, 22.33, 
3285, 3.60, 0.20, 22.34, 
3286, 3.60, 0.20, 22.35, 
3287, 3.60, 0.20, 22.35, 
3288, 3.60, 0.20, 22.36, 
3289, 3.60, 0.20, 22.37, 
3290, 3.60, 0.20, 22.37, 
3291, 3.60, 0.20, 22.38, 
3292, 3.60, 0.20, 22.39, 
3293, 3.60, 0.20, 22.39, 
3294, 3.60, 0.20, 22.40, 
3295, 3.60, 0.20, 22.41, 
3296, 3.60, 0.20, 22.41, 
3297, 3.60, 0.20, 22.42, 
3298, 3.60, 0.20, 22.43, 
3299, 3.60, 0.20, 22.44, 
3300, 3.60, 0.20, 22.44, 
3301, 3.60, 0.20, 22.45, 
3302, 3.60, 0.20, 22.46, 
3303, 3.60, 0.20, 22.46, 
3304, 3.60, 0.20, 22.47, 
3305, 3.60, 0.20, 22.48, 
3306, 3.60, 0.20, 22.48, 
3307, 3.60, 0.20, 22.49, 
3308, 3.60, 0.20, 22.50, 
3309, 3.60, 0.20, 22.50, 
3310, 3.60, 0.20, 22.51, 
3311, 3.60, 0.20, 22.52, 
3312, 3.60, 0.20, 22.52, 
3313, 3.60, 0.20, 22.53, 
3314, 3.60, 0.20, 22.54, 
3315, 3.60, 0.20, 22.54, 
3316, 3.60, 0.20, 22.55, 
3317, 3.60, 0.20, 22.56, 
3318, 3.60, 0.20, 22.56, 
3319, 3.60, 0.20, 22.57, 
3320, 3.60, 0.20, 22.58, 
3321, 3.60, 0.20, 22.58, 
3322, 3.60, 0.20, 22.59, 
3323, 3.60, 0.20, 22.60, 
3324, 3.60, 0.20, 22.61, 
3325, 3.60, 0.20, 22.61, 
3326, 3.60, 0.20, 22.62, 
3327, 3.60, 0.20, 22.63, 
3328, 3.60, 0.20, 22.63, 
3329, 3.60, 0.20, 22.64, 
3330, 3.60, 0.20, 22.65, 
3331, 3.60, 0.20, 22.65, 
3332, 3.60, 0.20, 22.66, 
3333, 3.60, 0.20, 22.67, 
3334, 3.60, 0.20, 22.67, 
3335, 3.60, 0.20, 22.68, 
3336, 3.60, 0.20, 22.69, 
3337, 3.60, 0.20, 22.69, 
3338, 3.60, 0.20, 22.70, 
3339, 3.60, 0.20, 22.71, 
3340, 3.60, 0.20, 22.71, 
3341, 3.60, 0.20, 22.72, 
3342, 3.60, 0.20, 22.73, 
3343, 3.60, 0.20, 22.73, 
3344, 3.60, 0.20, 22.74, 
3345, 3.60, 0.20, 22.75, 
3346, 3.60, 0.20, 22.75, 
3347, 3.60, 0.20, 22.76, 
3348, 3.60, 0.20, 22.77, 
3349, 3.60, 0.20, 22.78, 
3350, 3.60, 0.20, 22.78, 
3351, 3.60, 0.20, 22.79, 
3352, 3.60, 0.20, 22.80, 
3353, 3.60, 0.20, 22.80, 
3354, 3.60, 0.20, 22.81, 
3355, 3.60, 0.20, 22.82, 
3356, 3.60, 0.20, 22.82, 
3357, 3.60, 0.20, 22.83, 
3358, 3.60, 0.20, 22.84, 
3359, 3.60, 0.20, 22.84, 
3360, 3.60, 0.20, 22.85, 
3361, 3.60, 0.20, 22.86, 
3362, 3.60, 0.20, 22.86, 
3363, 3.60, 0.20, 22.87, 
3364, 3.60, 0.20, 22.88, 
3365, 3.60, 0.20, 22.88, 
3366, 3.61, 0.20, 22.89, 
3367, 3.60, 0.20, 22.90, 
3368, 3.60, 0.20, 22.90, 
3369, 3.60, 0.20, 22.91, 
3370, 3.60, 0.20, 22.92, 
3371, 3.60, 0.20, 22.92, 
3372, 3.61, 0.20, 22.93, 
3373, 3.60, 0.20, 22.94, 
3374, 3.60, 0.20, 22.94, 
3375, 3.60, 0.20, 22.95, 
3376, 3.60, 0.20, 22.96, 
3377, 3.60, 0.20, 22.97, 
3378, 3.60, 0.20, 22.97, 
3379, 3.60, 0.20, 22.98, 
3380, 3.60, 0.20, 22.99, 
3381, 3.61, 0.20, 22.99, 
3382, 3.60, 0.20, 23.00, 
3383, 3.60, 0.20, 23.01, 
3384, 3.60, 0.20, 23.01, 
3385, 3.60, 0.20, 23.02, 
3386, 3.60, 0.20, 23.03, 
3387, 3.61, 0.20, 23.03, 
3388, 3.61, 0.20, 23.04, 
3389, 3.60, 0.20, 23.05, 
3390, 3.60, 0.20, 23.05, 
3391, 3.60, 0.20, 23.06, 
3392, 3.60, 0.20, 23.07, 
3393, 3.61, 0.20, 23.07, 
3394, 3.60, 0.20, 23.08, 
3395, 3.61, 0.20, 23.09, 
3396, 3.61, 0.20, 23.09, 
3397, 3.61, 0.20, 23.10, 
3398, 3.60, 0.20, 23.11, 
3399, 3.60, 0.20, 23.11, 
3400, 3.60, 0.20, 23.12, 
3401, 3.60, 0.20, 23.13, 
3402, 3.60, 0.20, 23.14, 
3403, 3.60, 0.20, 23.14, 
3404, 3.60, 0.20, 23.15, 
3405, 3.60, 0.20, 23.16, 
3406, 3.61, 0.20, 23.16, 
3407, 3.60, 0.20, 23.17, 
3408, 3.60, 0.20, 23.18, 
3409, 3.61, 0.20, 23.18, 
3410, 3.61, 0.20, 23.19, 
3411, 3.60, 0.20, 23.20, 
3412, 3.61, 0.20, 23.20, 
3413, 3.61, 0.20, 23.21, 
3414, 3.60, 0.20, 23.22, 
3415, 3.60, 0.20, 23.22, 
3416, 3.61, 0.20, 23.23, 
3417, 3.61, 0.20, 23.24, 
3418, 3.60, 0.20, 23.24, 
3419, 3.60, 0.20, 23.25, 
3420, 3.60, 0.20, 23.26, 
3421, 3.61, 0.20, 23.26, 
3422, 3.60, 0.20, 23.27, 
3423, 3.61, 0.20, 23.28, 
3424, 3.61, 0.20, 23.28, 
3425, 3.61, 0.20, 23.29, 
3426, 3.61, 0.20, 23.30, 
3427, 3.61, 0.20, 23.31, 
3428, 3.61, 0.20, 23.31, 
3429, 3.61, 0.20, 23.32, 
3430, 3.61, 0.20, 23.33, 
3431, 3.61, 0.20, 23.33, 
3432, 3.61, 0.20, 23.34, 
3433, 3.61, 0.20, 23.35, 
3434, 3.60, 0.20, 23.35, 
3435, 3.61, 0.20, 23.36, 
3436, 3.61, 0.20, 23.37, 
3437, 3.61, 0.20, 23.37, 
3438, 3.61, 0.20, 23.38, 
3439, 3.61, 0.20, 23.39, 
3440, 3.61, 0.20, 23.39, 
3441, 3.61, 0.20, 23.40, 
3442, 3.60, 0.20, 23.41, 
3443, 3.60, 0.20, 23.41, 
3444, 3.60, 0.20, 23.42, 
3445, 3.61, 0.20, 23.43, 
3446, 3.61, 0.20, 23.43, 
3447, 3.61, 0.20, 23.44, 
3448, 3.61, 0.20, 23.45, 
3449, 3.61, 0.20, 23.45, 
3450, 3.61, 0.20, 23.46, 
3451, 3.61, 0.20, 23.47, 
3452, 3.61, 0.20, 23.48, 
3453, 3.61, 0.20, 23.48, 
3454, 3.61, 0.20, 23.49, 
3455, 3.61, 0.20, 23.50, 
3456, 3.61, 0.20, 23.50, 
3457, 3.61, 0.20, 23.51, 
3458, 3.61, 0.20, 23.52, 
3459, 3.61, 0.20, 23.52, 
3460, 3.61, 0.20, 23.53, 
3461, 3.61, 0.20, 23.54, 
3462, 3.61, 0.20, 23.54, 
3463, 3.61, 0.20, 23.55, 
3464, 3.61, 0.20, 23.56, 
3465, 3.61, 0.20, 23.56, 
3466, 3.61, 0.20, 23.57, 
3467, 3.61, 0.20, 23.58, 
3468, 3.61, 0.20, 23.58, 
3469, 3.61, 0.20, 23.59, 
3470, 3.61, 0.20, 23.60, 
3471, 3.61, 0.20, 23.60, 
3472, 3.61, 0.20, 23.61, 
3473, 3.61, 0.20, 23.62, 
3474, 3.61, 0.20, 23.62, 
3475, 3.61, 0.20, 23.63, 
3476, 3.61, 0.20, 23.64, 
3477, 3.61, 0.20, 23.65, 
3478, 3.61, 0.20, 23.65, 
3479, 3.61, 0.20, 23.66, 
3480, 3.61, 0.20, 23.67, 
3481, 3.61, 0.20, 23.67, 
3482, 3.61, 0.20, 23.68, 
3483, 3.61, 0.20, 23.69, 
3484, 3.61, 0.20, 23.69, 
3485, 3.61, 0.20, 23.70, 
3486, 3.61, 0.20, 23.71, 
3487, 3.61, 0.20, 23.71, 
3488, 3.61, 0.20, 23.72, 
3489, 3.61, 0.20, 23.73, 
3490, 3.61, 0.20, 23.73, 
3491, 3.61, 0.20, 23.74, 
3492, 3.61, 0.20, 23.75, 
3493, 3.61, 0.20, 23.75, 
3494, 3.61, 0.20, 23.76, 
3495, 3.61, 0.20, 23.77, 
3496, 3.61, 0.20, 23.77, 
3497, 3.61, 0.20, 23.78, 
3498, 3.61, 0.20, 23.79, 
3499, 3.61, 0.20, 23.79, 
3500, 3.61, 0.20, 23.80, 
3501, 3.61, 0.20, 23.81, 
3502, 3.61, 0.20, 23.82, 
3503, 3.61, 0.20, 23.82, 
3504, 3.61, 0.20, 23.83, 
3505, 3.61, 0.20, 23.84, 
3506, 3.61, 0.20, 23.84, 
3507, 3.61, 0.20, 23.85, 
3508, 3.61, 0.20, 23.86, 
3509, 3.61, 0.20, 23.86, 
3510, 3.61, 0.20, 23.87, 
3511, 3.61, 0.20, 23.88, 
3512, 3.61, 0.20, 23.88, 
3513, 3.61, 0.20, 23.89, 
3514, 3.61, 0.20, 23.90, 
3515, 3.61, 0.20, 23.90, 
3516, 3.61, 0.20, 23.91, 
3517, 3.61, 0.20, 23.92, 
3518, 3.61, 0.20, 23.92, 
3519, 3.61, 0.20, 23.93, 
3520, 3.61, 0.20, 23.94, 
3521, 3.61, 0.20, 23.94, 
3522, 3.61, 0.20, 23.95, 
3523, 3.61, 0.20, 23.96, 
3524, 3.61, 0.20, 23.96, 
3525, 3.61, 0.20, 23.97, 
3526, 3.61, 0.20, 23.98, 
3527, 3.61, 0.20, 23.98, 
3528, 3.61, 0.20, 23.99, 
3529, 3.61, 0.20, 24.00, 
3530, 3.61, 0.20, 24.01, 
3531, 3.61, 0.20, 24.01, 
3532, 3.61, 0.20, 24.02, 
3533, 3.61, 0.20, 24.03, 
3534, 3.61, 0.20, 24.03, 
3535, 3.61, 0.20, 24.04, 
3536, 3.61, 0.20, 24.05, 
3537, 3.61, 0.20, 24.05, 
3538, 3.61, 0.20, 24.06, 
3539, 3.61, 0.20, 24.07, 
3540, 3.61, 0.20, 24.07, 
3541, 3.61, 0.20, 24.08, 
3542, 3.61, 0.20, 24.09, 
3543, 3.61, 0.20, 24.09, 
3544, 3.62, 0.20, 24.10, 
3545, 3.61, 0.20, 24.11, 
3546, 3.62, 0.20, 24.11, 
3547, 3.61, 0.20, 24.12, 
3548, 3.61, 0.20, 24.13, 
3549, 3.61, 0.20, 24.13, 
3550, 3.61, 0.20, 24.14, 
3551, 3.61, 0.20, 24.15, 
3552, 3.61, 0.20, 24.15, 
3553, 3.61, 0.20, 24.16, 
3554, 3.61, 0.20, 24.17, 
3555, 3.61, 0.20, 24.18, 
3556, 3.61, 0.20, 24.18, 
3557, 3.61, 0.20, 24.19, 
3558, 3.61, 0.20, 24.20, 
3559, 3.61, 0.20, 24.20, 
3560, 3.61, 0.20, 24.21, 
3561, 3.61, 0.20, 24.22, 
3562, 3.61, 0.20, 24.22, 
3563, 3.61, 0.20, 24.23, 
3564, 3.61, 0.20, 24.24, 
3565, 3.61, 0.20, 24.24, 
3566, 3.62, 0.20, 24.25, 
3567, 3.62, 0.20, 24.26, 
3568, 3.62, 0.20, 24.26, 
3569, 3.61, 0.20, 24.27, 
3570, 3.62, 0.20, 24.28, 
3571, 3.61, 0.20, 24.28, 
3572, 3.61, 0.20, 24.29, 
3573, 3.61, 0.20, 24.30, 
3574, 3.61, 0.20, 24.30, 
3575, 3.61, 0.20, 24.31, 
3576, 3.61, 0.20, 24.32, 
3577, 3.61, 0.20, 24.32, 
3578, 3.62, 0.20, 24.33, 
3579, 3.61, 0.20, 24.34, 
3580, 3.62, 0.20, 24.35, 
3581, 3.62, 0.20, 24.35, 
3582, 3.61, 0.20, 24.36, 
3583, 3.61, 0.20, 24.37, 
3584, 3.61, 0.20, 24.37, 
3585, 3.62, 0.20, 24.38, 
3586, 3.61, 0.20, 24.39, 
3587, 3.61, 0.20, 24.39, 
3588, 3.61, 0.20, 24.40, 
3589, 3.61, 0.20, 24.41, 
3590, 3.61, 0.20, 24.41, 
3591, 3.62, 0.20, 24.42, 
3592, 3.61, 0.20, 24.43, 
3593, 3.61, 0.20, 24.43, 
3594, 3.61, 0.20, 24.44, 
3595, 3.62, 0.20, 24.45, 
3596, 3.61, 0.20, 24.45, 
3597, 3.62, 0.20, 24.46, 
3598, 3.61, 0.20, 24.47, 
3599, 3.61, 0.20, 24.47, 
3600, 3.62, 0.20, 24.48, 
3601, 3.61, 0.20, 24.49, 
3602, 3.61, 0.20, 24.49, 
3603, 3.62, 0.20, 24.50, 
3604, 3.62, 0.20, 24.51, 
3605, 3.62, 0.20, 24.52, 
3606, 3.61, 0.20, 24.52, 
3607, 3.62, 0.20, 24.53, 
3608, 3.62, 0.20, 24.54, 
3609, 3.61, 0.20, 24.54, 
3610, 3.62, 0.20, 24.55, 
3611, 3.61, 0.20, 24.56, 
3612, 3.62, 0.20, 24.56, 
3613, 3.62, 0.20, 24.57, 
3614, 3.62, 0.20, 24.58, 
3615, 3.62, 0.20, 24.58, 
3616, 3.62, 0.20, 24.59, 
3617, 3.61, 0.20, 24.60, 
3618, 3.62, 0.20, 24.60, 
3619, 3.62, 0.20, 24.61, 
3620, 3.62, 0.20, 24.62, 
3621, 3.62, 0.20, 24.62, 
3622, 3.62, 0.20, 24.63, 
3623, 3.61, 0.20, 24.64, 
3624, 3.61, 0.20, 24.64, 
3625, 3.62, 0.20, 24.65, 
3626, 3.62, 0.20, 24.66, 
3627, 3.61, 0.20, 24.66, 
3628, 3.62, 0.20, 24.67, 
3629, 3.62, 0.20, 24.68, 
3630, 3.62, 0.20, 24.69, 
3631, 3.62, 0.20, 24.69, 
3632, 3.62, 0.20, 24.70, 
3633, 3.62, 0.20, 24.71, 
3634, 3.62, 0.20, 24.71, 
3635, 3.62, 0.20, 24.72, 
3636, 3.62, 0.20, 24.73, 
3637, 3.61, 0.20, 24.73, 
3638, 3.62, 0.20, 24.74, 
3639, 3.62, 0.20, 24.75, 
3640, 3.62, 0.20, 24.75, 
3641, 3.62, 0.20, 24.76, 
3642, 3.62, 0.20, 24.77, 
3643, 3.62, 0.20, 24.77, 
3644, 3.62, 0.20, 24.78, 
3645, 3.62, 0.20, 24.79, 
3646, 3.62, 0.20, 24.79, 
3647, 3.62, 0.20, 24.80, 
3648, 3.62, 0.20, 24.81, 
3649, 3.62, 0.20, 24.81, 
3650, 3.62, 0.20, 24.82, 
3651, 3.62, 0.20, 24.83, 
3652, 3.61, 0.20, 24.83, 
3653, 3.62, 0.20, 24.84, 
3654, 3.62, 0.20, 24.85, 
3655, 3.62, 0.20, 24.86, 
3656, 3.62, 0.20, 24.86, 
3657, 3.62, 0.20, 24.87, 
3658, 3.62, 0.20, 24.88, 
3659, 3.62, 0.20, 24.88, 
3660, 3.62, 0.20, 24.89, 
3661, 3.62, 0.20, 24.90, 
3662, 3.62, 0.20, 24.90, 
3663, 3.62, 0.20, 24.91, 
3664, 3.62, 0.20, 24.92, 
3665, 3.62, 0.20, 24.92, 
3666, 3.62, 0.20, 24.93, 
3667, 3.62, 0.20, 24.94, 
3668, 3.62, 0.20, 24.94, 
3669, 3.62, 0.20, 24.95, 
3670, 3.62, 0.20, 24.96, 
3671, 3.62, 0.20, 24.96, 
3672, 3.62, 0.20, 24.97, 
3673, 3.62, 0.20, 24.98, 
3674, 3.62, 0.20, 24.98, 
3675, 3.62, 0.20, 24.99, 
3676, 3.62, 0.20, 25.00, 
3677, 3.62, 0.20, 25.00, 
3678, 3.62, 0.20, 25.01, 
3679, 3.62, 0.20, 25.02, 
3680, 3.62, 0.20, 25.02, 
3681, 3.62, 0.20, 25.03, 
3682, 3.62, 0.20, 25.04, 
3683, 3.62, 0.20, 25.05, 
3684, 3.62, 0.20, 25.05, 
3685, 3.62, 0.20, 25.06, 
3686, 3.62, 0.20, 25.07, 
3687, 3.62, 0.20, 25.07, 
3688, 3.62, 0.20, 25.08, 
3689, 3.62, 0.20, 25.09, 
3690, 3.62, 0.20, 25.09, 
3691, 3.62, 0.20, 25.10, 
3692, 3.62, 0.20, 25.11, 
3693, 3.62, 0.20, 25.11, 
3694, 3.62, 0.20, 25.12, 
3695, 3.62, 0.20, 25.13, 
3696, 3.62, 0.20, 25.13, 
3697, 3.62, 0.20, 25.14, 
3698, 3.62, 0.20, 25.15, 
3699, 3.62, 0.20, 25.15, 
3700, 3.62, 0.20, 25.16, 
3701, 3.62, 0.20, 25.17, 
3702, 3.62, 0.20, 25.17, 
3703, 3.62, 0.20, 25.18, 
3704, 3.62, 0.20, 25.19, 
3705, 3.62, 0.20, 25.19, 
3706, 3.62, 0.20, 25.20, 
3707, 3.62, 0.20, 25.21, 
3708, 3.62, 0.20, 25.22, 
3709, 3.62, 0.20, 25.22, 
3710, 3.62, 0.20, 25.23, 
3711, 3.62, 0.20, 25.24, 
3712, 3.62, 0.20, 25.24, 
3713, 3.62, 0.20, 25.25, 
3714, 3.62, 0.20, 25.26, 
3715, 3.62, 0.20, 25.26, 
3716, 3.62, 0.20, 25.27, 
3717, 3.62, 0.20, 25.28, 
3718, 3.62, 0.20, 25.28, 
3719, 3.62, 0.20, 25.29, 
3720, 3.62, 0.20, 25.30, 
3721, 3.62, 0.20, 25.30, 
3722, 3.62, 0.20, 25.31, 
3723, 3.62, 0.20, 25.32, 
3724, 3.62, 0.20, 25.32, 
3725, 3.62, 0.20, 25.33, 
3726, 3.62, 0.20, 25.34, 
3727, 3.62, 0.20, 25.34, 
3728, 3.62, 0.20, 25.35, 
3729, 3.62, 0.20, 25.36, 
3730, 3.62, 0.20, 25.36, 
3731, 3.62, 0.20, 25.37, 
3732, 3.62, 0.20, 25.38, 
3733, 3.62, 0.20, 25.39, 
3734, 3.62, 0.20, 25.39, 
3735, 3.62, 0.20, 25.40, 
3736, 3.62, 0.20, 25.41, 
3737, 3.62, 0.20, 25.41, 
3738, 3.62, 0.20, 25.42, 
3739, 3.62, 0.20, 25.43, 
3740, 3.62, 0.20, 25.43, 
3741, 3.62, 0.20, 25.44, 
3742, 3.62, 0.20, 25.45, 
3743, 3.62, 0.20, 25.45, 
3744, 3.62, 0.20, 25.46, 
3745, 3.62, 0.20, 25.47, 
3746, 3.62, 0.20, 25.47, 
3747, 3.62, 0.20, 25.48, 
3748, 3.62, 0.20, 25.49, 
3749, 3.62, 0.20, 25.49, 
3750, 3.62, 0.20, 25.50, 
3751, 3.62, 0.20, 25.51, 
3752, 3.62, 0.20, 25.51, 
3753, 3.62, 0.20, 25.52, 
3754, 3.62, 0.20, 25.53, 
3755, 3.62, 0.20, 25.53, 
3756, 3.62, 0.20, 25.54, 
3757, 3.62, 0.20, 25.55, 
3758, 3.62, 0.20, 25.56, 
3759, 3.62, 0.20, 25.56, 
3760, 3.62, 0.20, 25.57, 
3761, 3.62, 0.20, 25.58, 
3762, 3.62, 0.20, 25.58, 
3763, 3.62, 0.20, 25.59, 
3764, 3.62, 0.20, 25.60, 
3765, 3.62, 0.20, 25.60, 
3766, 3.62, 0.20, 25.61, 
3767, 3.62, 0.20, 25.62, 
3768, 3.62, 0.20, 25.62, 
3769, 3.62, 0.20, 25.63, 
3770, 3.62, 0.20, 25.64, 
3771, 3.62, 0.20, 25.64, 
3772, 3.62, 0.20, 25.65, 
3773, 3.62, 0.20, 25.66, 
3774, 3.62, 0.20, 25.66, 
3775, 3.62, 0.20, 25.67, 
3776, 3.62, 0.20, 25.68, 
3777, 3.62, 0.20, 25.68, 
3778, 3.62, 0.20, 25.69, 
3779, 3.62, 0.20, 25.70, 
3780, 3.62, 0.20, 25.70, 
3781, 3.62, 0.20, 25.71, 
3782, 3.62, 0.20, 25.72, 
3783, 3.62, 0.20, 25.72, 
3784, 3.62, 0.20, 25.73, 
3785, 3.62, 0.20, 25.74, 
3786, 3.62, 0.20, 25.75, 
3787, 3.62, 0.20, 25.75, 
3788, 3.62, 0.20, 25.76, 
3789, 3.62, 0.20, 25.77, 
3790, 3.62, 0.20, 25.77, 
3791, 3.62, 0.20, 25.78, 
3792, 3.62, 0.20, 25.79, 
3793, 3.62, 0.20, 25.79, 
3794, 3.62, 0.20, 25.80, 
3795, 3.62, 0.20, 25.81, 
3796, 3.62, 0.20, 25.81, 
3797, 3.62, 0.20, 25.82, 
3798, 3.62, 0.20, 25.83, 
3799, 3.62, 0.20, 25.83, 
3800, 3.62, 0.20, 25.84, 
3801, 3.62, 0.20, 25.85, 
3802, 3.62, 0.20, 25.85, 
3803, 3.62, 0.20, 25.86, 
3804, 3.62, 0.20, 25.87, 
3805, 3.62, 0.20, 25.87, 
3806, 3.62, 0.20, 25.88, 
3807, 3.62, 0.20, 25.89, 
3808, 3.62, 0.20, 25.89, 
3809, 3.62, 0.20, 25.90, 
3810, 3.62, 0.20, 25.91, 
3811, 3.62, 0.20, 25.92, 
3812, 3.62, 0.20, 25.92, 
3813, 3.62, 0.20, 25.93, 
3814, 3.62, 0.20, 25.94, 
3815, 3.62, 0.20, 25.94, 
3816, 3.62, 0.20, 25.95, 
3817, 3.62, 0.20, 25.96, 
3818, 3.62, 0.20, 25.96, 
3819, 3.62, 0.20, 25.97, 
3820, 3.62, 0.20, 25.98, 
3821, 3.62, 0.20, 25.98, 
3822, 3.62, 0.20, 25.99, 
3823, 3.62, 0.20, 26.00, 
3824, 3.62, 0.20, 26.00, 
3825, 3.62, 0.20, 26.01, 
3826, 3.62, 0.20, 26.02, 
3827, 3.62, 0.20, 26.02, 
3828, 3.62, 0.20, 26.03, 
3829, 3.62, 0.20, 26.04, 
3830, 3.62, 0.20, 26.04, 
3831, 3.62, 0.20, 26.05, 
3832, 3.62, 0.20, 26.06, 
3833, 3.62, 0.20, 26.06, 
3834, 3.62, 0.20, 26.07, 
3835, 3.62, 0.20, 26.08, 
3836, 3.62, 0.20, 26.09, 
3837, 3.62, 0.20, 26.09, 
3838, 3.62, 0.20, 26.10, 
3839, 3.62, 0.20, 26.11, 
3840, 3.62, 0.20, 26.11, 
3841, 3.62, 0.20, 26.12, 
3842, 3.62, 0.20, 26.13, 
3843, 3.62, 0.20, 26.13, 
3844, 3.62, 0.20, 26.14, 
3845, 3.62, 0.20, 26.15, 
3846, 3.62, 0.20, 26.15, 
3847, 3.62, 0.20, 26.16, 
3848, 3.63, 0.20, 26.17, 
3849, 3.62, 0.20, 26.17, 
3850, 3.62, 0.20, 26.18, 
3851, 3.62, 0.20, 26.19, 
3852, 3.62, 0.20, 26.19, 
3853, 3.62, 0.20, 26.20, 
3854, 3.62, 0.20, 26.21, 
3855, 3.62, 0.20, 26.21, 
3856, 3.62, 0.20, 26.22, 
3857, 3.62, 0.20, 26.23, 
3858, 3.62, 0.20, 26.23, 
3859, 3.62, 0.20, 26.24, 
3860, 3.62, 0.20, 26.25, 
3861, 3.62, 0.20, 26.25, 
3862, 3.62, 0.20, 26.26, 
3863, 3.62, 0.20, 26.27, 
3864, 3.63, 0.20, 26.28, 
3865, 3.62, 0.20, 26.28, 
3866, 3.62, 0.20, 26.29, 
3867, 3.62, 0.20, 26.30, 
3868, 3.62, 0.20, 26.30, 
3869, 3.62, 0.20, 26.31, 
3870, 3.62, 0.20, 26.32, 
3871, 3.62, 0.20, 26.32, 
3872, 3.62, 0.20, 26.33, 
3873, 3.62, 0.20, 26.34, 
3874, 3.62, 0.20, 26.34, 
3875, 3.62, 0.20, 26.35, 
3876, 3.62, 0.20, 26.36, 
3877, 3.62, 0.20, 26.36, 
3878, 3.62, 0.20, 26.37, 
3879, 3.62, 0.20, 26.38, 
3880, 3.63, 0.20, 26.38, 
3881, 3.62, 0.20, 26.39, 
3882, 3.62, 0.20, 26.40, 
3883, 3.63, 0.20, 26.40, 
3884, 3.63, 0.20, 26.41, 
3885, 3.63, 0.20, 26.42, 
3886, 3.62, 0.20, 26.42, 
3887, 3.63, 0.20, 26.43, 
3888, 3.62, 0.20, 26.44, 
3889, 3.63, 0.20, 26.45, 
3890, 3.62, 0.20, 26.45, 
3891, 3.62, 0.20, 26.46, 
3892, 3.63, 0.20, 26.47, 
3893, 3.62, 0.20, 26.47, 
3894, 3.62, 0.20, 26.48, 
3895, 3.62, 0.20, 26.49, 
3896, 3.62, 0.20, 26.49, 
3897, 3.63, 0.20, 26.50, 
3898, 3.62, 0.20, 26.51, 
3899, 3.62, 0.20, 26.51, 
3900, 3.63, 0.20, 26.52, 
3901, 3.62, 0.20, 26.53, 
3902, 3.62, 0.20, 26.53, 
3903, 3.62, 0.20, 26.54, 
3904, 3.62, 0.20, 26.55, 
3905, 3.63, 0.20, 26.55, 
3906, 3.62, 0.20, 26.56, 
3907, 3.62, 0.20, 26.57, 
3908, 3.62, 0.20, 26.57, 
3909, 3.62, 0.20, 26.58, 
3910, 3.62, 0.20, 26.59, 
3911, 3.63, 0.20, 26.59, 
3912, 3.63, 0.20, 26.60, 
3913, 3.62, 0.20, 26.61, 
3914, 3.63, 0.20, 26.62, 
3915, 3.62, 0.20, 26.62, 
3916, 3.62, 0.20, 26.63, 
3917, 3.63, 0.20, 26.64, 
3918, 3.62, 0.20, 26.64, 
3919, 3.62, 0.20, 26.65, 
3920, 3.62, 0.20, 26.66, 
3921, 3.62, 0.20, 26.66, 
3922, 3.62, 0.20, 26.67, 
3923, 3.63, 0.20, 26.68, 
3924, 3.62, 0.20, 26.68, 
3925, 3.63, 0.20, 26.69, 
3926, 3.63, 0.20, 26.70, 
3927, 3.63, 0.20, 26.70, 
3928, 3.62, 0.20, 26.71, 
3929, 3.62, 0.20, 26.72, 
3930, 3.62, 0.20, 26.72, 
3931, 3.63, 0.20, 26.73, 
3932, 3.62, 0.20, 26.74, 
3933, 3.63, 0.20, 26.74, 
3934, 3.62, 0.20, 26.75, 
3935, 3.63, 0.20, 26.76, 
3936, 3.63, 0.20, 26.76, 
3937, 3.63, 0.20, 26.77, 
3938, 3.62, 0.20, 26.78, 
3939, 3.63, 0.20, 26.79, 
3940, 3.63, 0.20, 26.79, 
3941, 3.63, 0.20, 26.80, 
3942, 3.62, 0.20, 26.81, 
3943, 3.62, 0.20, 26.81, 
3944, 3.63, 0.20, 26.82, 
3945, 3.63, 0.20, 26.83, 
3946, 3.63, 0.20, 26.83, 
3947, 3.63, 0.20, 26.84, 
3948, 3.63, 0.20, 26.85, 
3949, 3.63, 0.20, 26.85, 
3950, 3.63, 0.20, 26.86, 
3951, 3.63, 0.20, 26.87, 
3952, 3.63, 0.20, 26.87, 
3953, 3.63, 0.20, 26.88, 
3954, 3.63, 0.20, 26.89, 
3955, 3.62, 0.20, 26.89, 
3956, 3.62, 0.20, 26.90, 
3957, 3.63, 0.20, 26.91, 
3958, 3.63, 0.20, 26.91, 
3959, 3.62, 0.20, 26.92, 
3960, 3.63, 0.20, 26.93, 
3961, 3.62, 0.20, 26.93, 
3962, 3.63, 0.20, 26.94, 
3963, 3.63, 0.20, 26.95, 
3964, 3.62, 0.20, 26.96, 
3965, 3.62, 0.20, 26.96, 
3966, 3.62, 0.20, 26.97, 
3967, 3.62, 0.20, 26.98, 
3968, 3.62, 0.20, 26.98, 
3969, 3.63, 0.20, 26.99, 
3970, 3.63, 0.20, 27.00, 
3971, 3.63, 0.20, 27.00, 
3972, 3.63, 0.20, 27.01, 
3973, 3.62, 0.20, 27.02, 
3974, 3.62, 0.20, 27.02, 
3975, 3.63, 0.20, 27.03, 
3976, 3.63, 0.20, 27.04, 
3977, 3.63, 0.20, 27.04, 
3978, 3.63, 0.20, 27.05, 
3979, 3.63, 0.20, 27.06, 
3980, 3.63, 0.20, 27.06, 
3981, 3.63, 0.20, 27.07, 
3982, 3.63, 0.20, 27.08, 
3983, 3.63, 0.20, 27.08, 
3984, 3.62, 0.20, 27.09, 
3985, 3.63, 0.20, 27.10, 
3986, 3.63, 0.20, 27.10, 
3987, 3.63, 0.20, 27.11, 
3988, 3.63, 0.20, 27.12, 
3989, 3.63, 0.20, 27.12, 
3990, 3.63, 0.20, 27.13, 
3991, 3.63, 0.20, 27.14, 
3992, 3.63, 0.20, 27.15, 
3993, 3.63, 0.20, 27.15, 
3994, 3.63, 0.20, 27.16, 
3995, 3.63, 0.20, 27.17, 
3996, 3.63, 0.20, 27.17, 
3997, 3.63, 0.20, 27.18, 
3998, 3.63, 0.20, 27.19, 
3999, 3.63, 0.20, 27.19, 
4000, 3.63, 0.20, 27.20, 
4001, 3.62, 0.20, 27.21, 
4002, 3.63, 0.20, 27.21, 
4003, 3.63, 0.20, 27.22, 
4004, 3.62, 0.20, 27.23, 
4005, 3.63, 0.20, 27.23, 
4006, 3.63, 0.20, 27.24, 
4007, 3.63, 0.20, 27.25, 
4008, 3.63, 0.20, 27.25, 
4009, 3.63, 0.20, 27.26, 
4010, 3.63, 0.20, 27.27, 
4011, 3.62, 0.20, 27.27, 
4012, 3.63, 0.20, 27.28, 
4013, 3.63, 0.20, 27.29, 
4014, 3.63, 0.20, 27.29, 
4015, 3.63, 0.20, 27.30, 
4016, 3.63, 0.20, 27.31, 
4017, 3.63, 0.20, 27.32, 
4018, 3.63, 0.20, 27.32, 
4019, 3.63, 0.20, 27.33, 
4020, 3.63, 0.20, 27.34, 
4021, 3.63, 0.20, 27.34, 
4022, 3.63, 0.20, 27.35, 
4023, 3.63, 0.20, 27.36, 
4024, 3.63, 0.20, 27.36, 
4025, 3.63, 0.20, 27.37, 
4026, 3.63, 0.20, 27.38, 
4027, 3.63, 0.20, 27.38, 
4028, 3.63, 0.20, 27.39, 
4029, 3.62, 0.20, 27.40, 
4030, 3.63, 0.20, 27.40, 
4031, 3.63, 0.20, 27.41, 
4032, 3.63, 0.20, 27.42, 
4033, 3.63, 0.20, 27.42, 
4034, 3.63, 0.20, 27.43, 
4035, 3.63, 0.20, 27.44, 
4036, 3.63, 0.20, 27.44, 
4037, 3.63, 0.20, 27.45, 
4038, 3.63, 0.20, 27.46, 
4039, 3.62, 0.20, 27.46, 
4040, 3.63, 0.20, 27.47, 
4041, 3.63, 0.20, 27.48, 
4042, 3.63, 0.20, 27.49, 
4043, 3.63, 0.20, 27.49, 
4044, 3.63, 0.20, 27.50, 
4045, 3.63, 0.20, 27.51, 
4046, 3.63, 0.20, 27.51, 
4047, 3.63, 0.20, 27.52, 
4048, 3.63, 0.20, 27.53, 
4049, 3.63, 0.20, 27.53, 
4050, 3.63, 0.20, 27.54, 
4051, 3.63, 0.20, 27.55, 
4052, 3.63, 0.20, 27.55, 
4053, 3.63, 0.20, 27.56, 
4054, 3.63, 0.20, 27.57, 
4055, 3.63, 0.20, 27.57, 
4056, 3.63, 0.20, 27.58, 
4057, 3.63, 0.20, 27.59, 
4058, 3.63, 0.20, 27.59, 
4059, 3.63, 0.20, 27.60, 
4060, 3.63, 0.20, 27.61, 
4061, 3.63, 0.20, 27.61, 
4062, 3.63, 0.20, 27.62, 
4063, 3.63, 0.20, 27.63, 
4064, 3.63, 0.20, 27.63, 
4065, 3.63, 0.20, 27.64, 
4066, 3.63, 0.20, 27.65, 
4067, 3.63, 0.20, 27.66, 
4068, 3.63, 0.20, 27.66, 
4069, 3.63, 0.20, 27.67, 
4070, 3.63, 0.20, 27.68, 
4071, 3.63, 0.20, 27.68, 
4072, 3.63, 0.20, 27.69, 
4073, 3.63, 0.20, 27.70, 
4074, 3.63, 0.20, 27.70, 
4075, 3.63, 0.20, 27.71, 
4076, 3.63, 0.20, 27.72, 
4077, 3.63, 0.20, 27.72, 
4078, 3.63, 0.20, 27.73, 
4079, 3.63, 0.20, 27.74, 
4080, 3.63, 0.20, 27.74, 
4081, 3.63, 0.20, 27.75, 
4082, 3.63, 0.20, 27.76, 
4083, 3.63, 0.20, 27.76, 
4084, 3.63, 0.20, 27.77, 
4085, 3.63, 0.20, 27.78, 
4086, 3.63, 0.20, 27.78, 
4087, 3.63, 0.20, 27.79, 
4088, 3.63, 0.20, 27.80, 
4089, 3.63, 0.20, 27.80, 
4090, 3.63, 0.20, 27.81, 
4091, 3.63, 0.20, 27.82, 
4092, 3.63, 0.20, 27.83, 
4093, 3.63, 0.20, 27.83, 
4094, 3.63, 0.20, 27.84, 
4095, 3.63, 0.20, 27.85, 
4096, 3.63, 0.20, 27.85, 
4097, 3.63, 0.20, 27.86, 
4098, 3.63, 0.20, 27.87, 
4099, 3.63, 0.20, 27.87, 
4100, 3.63, 0.20, 27.88, 
4101, 3.63, 0.20, 27.89, 
4102, 3.63, 0.20, 27.89, 
4103, 3.63, 0.20, 27.90, 
4104, 3.63, 0.20, 27.91, 
4105, 3.63, 0.20, 27.91, 
4106, 3.63, 0.20, 27.92, 
4107, 3.63, 0.20, 27.93, 
4108, 3.63, 0.20, 27.93, 
4109, 3.63, 0.20, 27.94, 
4110, 3.63, 0.20, 27.95, 
4111, 3.63, 0.20, 27.95, 
4112, 3.63, 0.20, 27.96, 
4113, 3.63, 0.20, 27.97, 
4114, 3.63, 0.20, 27.97, 
4115, 3.63, 0.20, 27.98, 
4116, 3.63, 0.20, 27.99, 
4117, 3.63, 0.20, 28.00, 
4118, 3.63, 0.20, 28.00, 
4119, 3.63, 0.20, 28.01, 
4120, 3.63, 0.20, 28.02, 
4121, 3.63, 0.20, 28.02, 
4122, 3.63, 0.20, 28.03, 
4123, 3.63, 0.20, 28.04, 
4124, 3.63, 0.20, 28.04, 
4125, 3.63, 0.20, 28.05, 
4126, 3.63, 0.20, 28.06, 
4127, 3.63, 0.20, 28.06, 
4128, 3.63, 0.20, 28.07, 
4129, 3.63, 0.20, 28.08, 
4130, 3.63, 0.20, 28.08, 
4131, 3.63, 0.20, 28.09, 
4132, 3.63, 0.20, 28.10, 
4133, 3.63, 0.20, 28.10, 
4134, 3.63, 0.20, 28.11, 
4135, 3.63, 0.20, 28.12, 
4136, 3.63, 0.20, 28.12, 
4137, 3.63, 0.20, 28.13, 
4138, 3.63, 0.20, 28.14, 
4139, 3.63, 0.20, 28.14, 
4140, 3.63, 0.20, 28.15, 
4141, 3.63, 0.20, 28.16, 
4142, 3.63, 0.20, 28.17, 
4143, 3.63, 0.20, 28.17, 
4144, 3.63, 0.20, 28.18, 
4145, 3.63, 0.20, 28.19, 
4146, 3.63, 0.20, 28.19, 
4147, 3.63, 0.20, 28.20, 
4148, 3.63, 0.20, 28.21, 
4149, 3.63, 0.20, 28.21, 
4150, 3.63, 0.20, 28.22, 
4151, 3.63, 0.20, 28.23, 
4152, 3.63, 0.20, 28.23, 
4153, 3.63, 0.20, 28.24, 
4154, 3.63, 0.20, 28.25, 
4155, 3.63, 0.20, 28.25, 
4156, 3.63, 0.20, 28.26, 
4157, 3.63, 0.20, 28.27, 
4158, 3.63, 0.20, 28.27, 
4159, 3.63, 0.20, 28.28, 
4160, 3.63, 0.20, 28.29, 
4161, 3.64, 0.20, 28.29, 
4162, 3.63, 0.20, 28.30, 
4163, 3.64, 0.20, 28.31, 
4164, 3.63, 0.20, 28.31, 
4165, 3.63, 0.20, 28.32, 
4166, 3.63, 0.20, 28.33, 
4167, 3.63, 0.20, 28.33, 
4168, 3.63, 0.20, 28.34, 
4169, 3.63, 0.20, 28.35, 
4170, 3.64, 0.20, 28.36, 
4171, 3.63, 0.20, 28.36, 
4172, 3.63, 0.20, 28.37, 
4173, 3.63, 0.20, 28.38, 
4174, 3.63, 0.20, 28.38, 
4175, 3.63, 0.20, 28.39, 
4176, 3.63, 0.20, 28.40, 
4177, 3.63, 0.20, 28.40, 
4178, 3.64, 0.20, 28.41, 
4179, 3.63, 0.20, 28.42, 
4180, 3.63, 0.20, 28.42, 
4181, 3.63, 0.20, 28.43, 
4182, 3.64, 0.20, 28.44, 
4183, 3.63, 0.20, 28.44, 
4184, 3.63, 0.20, 28.45, 
4185, 3.63, 0.20, 28.46, 
4186, 3.63, 0.20, 28.46, 
4187, 3.63, 0.20, 28.47, 
4188, 3.63, 0.20, 28.48, 
4189, 3.64, 0.20, 28.48, 
4190, 3.63, 0.20, 28.49, 
4191, 3.63, 0.20, 28.50, 
4192, 3.63, 0.20, 28.50, 
4193, 3.63, 0.20, 28.51, 
4194, 3.63, 0.20, 28.52, 
4195, 3.63, 0.20, 28.53, 
4196, 3.63, 0.20, 28.53, 
4197, 3.63, 0.20, 28.54, 
4198, 3.63, 0.20, 28.55, 
4199, 3.64, 0.20, 28.55, 
4200, 3.63, 0.20, 28.56, 
4201, 3.64, 0.20, 28.57, 
4202, 3.63, 0.20, 28.57, 
4203, 3.63, 0.20, 28.58, 
4204, 3.64, 0.20, 28.59, 
4205, 3.63, 0.20, 28.59, 
4206, 3.63, 0.20, 28.60, 
4207, 3.63, 0.20, 28.61, 
4208, 3.64, 0.20, 28.61, 
4209, 3.63, 0.20, 28.62, 
4210, 3.64, 0.20, 28.63, 
4211, 3.63, 0.20, 28.63, 
4212, 3.63, 0.20, 28.64, 
4213, 3.63, 0.20, 28.65, 
4214, 3.63, 0.20, 28.65, 
4215, 3.63, 0.20, 28.66, 
4216, 3.64, 0.20, 28.67, 
4217, 3.64, 0.20, 28.67, 
4218, 3.64, 0.20, 28.68, 
4219, 3.63, 0.20, 28.69, 
4220, 3.63, 0.20, 28.70, 
4221, 3.64, 0.20, 28.70, 
4222, 3.64, 0.20, 28.71, 
4223, 3.63, 0.20, 28.72, 
4224, 3.64, 0.20, 28.72, 
4225, 3.63, 0.20, 28.73, 
4226, 3.64, 0.20, 28.74, 
4227, 3.63, 0.20, 28.74, 
4228, 3.63, 0.20, 28.75, 
4229, 3.63, 0.20, 28.76, 
4230, 3.64, 0.20, 28.76, 
4231, 3.64, 0.20, 28.77, 
4232, 3.64, 0.20, 28.78, 
4233, 3.63, 0.20, 28.78, 
4234, 3.64, 0.20, 28.79, 
4235, 3.64, 0.20, 28.80, 
4236, 3.63, 0.20, 28.80, 
4237, 3.64, 0.20, 28.81, 
4238, 3.64, 0.20, 28.82, 
4239, 3.63, 0.20, 28.82, 
4240, 3.63, 0.20, 28.83, 
4241, 3.64, 0.20, 28.84, 
4242, 3.63, 0.20, 28.84, 
4243, 3.64, 0.20, 28.85, 
4244, 3.64, 0.20, 28.86, 
4245, 3.64, 0.20, 28.87, 
4246, 3.64, 0.20, 28.87, 
4247, 3.64, 0.20, 28.88, 
4248, 3.64, 0.20, 28.89, 
4249, 3.64, 0.20, 28.89, 
4250, 3.64, 0.20, 28.90, 
4251, 3.63, 0.20, 28.91, 
4252, 3.64, 0.20, 28.91, 
4253, 3.64, 0.20, 28.92, 
4254, 3.64, 0.20, 28.93, 
4255, 3.63, 0.20, 28.93, 
4256, 3.64, 0.20, 28.94, 
4257, 3.63, 0.20, 28.95, 
4258, 3.64, 0.20, 28.95, 
4259, 3.64, 0.20, 28.96, 
4260, 3.63, 0.20, 28.97, 
4261, 3.64, 0.20, 28.97, 
4262, 3.63, 0.20, 28.98, 
4263, 3.63, 0.20, 28.99, 
4264, 3.64, 0.20, 28.99, 
4265, 3.64, 0.20, 29.00, 
4266, 3.64, 0.20, 29.01, 
4267, 3.64, 0.20, 29.01, 
4268, 3.64, 0.20, 29.02, 
4269, 3.64, 0.20, 29.03, 
4270, 3.64, 0.20, 29.04, 
4271, 3.64, 0.20, 29.04, 
4272, 3.64, 0.20, 29.05, 
4273, 3.64, 0.20, 29.06, 
4274, 3.63, 0.20, 29.06, 
4275, 3.64, 0.20, 29.07, 
4276, 3.64, 0.20, 29.08, 
4277, 3.64, 0.20, 29.08, 
4278, 3.64, 0.20, 29.09, 
4279, 3.64, 0.20, 29.10, 
4280, 3.64, 0.20, 29.10, 
4281, 3.64, 0.20, 29.11, 
4282, 3.64, 0.20, 29.12, 
4283, 3.64, 0.20, 29.12, 
4284, 3.64, 0.20, 29.13, 
4285, 3.64, 0.20, 29.14, 
4286, 3.64, 0.20, 29.14, 
4287, 3.64, 0.20, 29.15, 
4288, 3.64, 0.20, 29.16, 
4289, 3.64, 0.20, 29.16, 
4290, 3.64, 0.20, 29.17, 
4291, 3.64, 0.20, 29.18, 
4292, 3.64, 0.20, 29.18, 
4293, 3.64, 0.20, 29.19, 
4294, 3.64, 0.20, 29.20, 
4295, 3.64, 0.20, 29.20, 
4296, 3.64, 0.20, 29.21, 
4297, 3.64, 0.20, 29.22, 
4298, 3.64, 0.20, 29.23, 
4299, 3.64, 0.20, 29.23, 
4300, 3.64, 0.20, 29.24, 
4301, 3.63, 0.20, 29.25, 
4302, 3.64, 0.20, 29.25, 
4303, 3.63, 0.20, 29.26, 
4304, 3.64, 0.20, 29.27, 
4305, 3.64, 0.20, 29.27, 
4306, 3.64, 0.20, 29.28, 
4307, 3.64, 0.20, 29.29, 
4308, 3.64, 0.20, 29.29, 
4309, 3.64, 0.20, 29.30, 
4310, 3.64, 0.20, 29.31, 
4311, 3.64, 0.20, 29.31, 
4312, 3.64, 0.20, 29.32, 
4313, 3.64, 0.20, 29.33, 
4314, 3.64, 0.20, 29.33, 
4315, 3.64, 0.20, 29.34, 
4316, 3.64, 0.20, 29.35, 
4317, 3.64, 0.20, 29.35, 
4318, 3.64, 0.20, 29.36, 
4319, 3.64, 0.20, 29.37, 
4320, 3.64, 0.20, 29.37, 
4321, 3.64, 0.20, 29.38, 
4322, 3.64, 0.20, 29.39, 
4323, 3.64, 0.20, 29.40, 
4324, 3.64, 0.20, 29.40, 
4325, 3.64, 0.20, 29.41, 
4326, 3.64, 0.20, 29.42, 
4327, 3.64, 0.20, 29.42, 
4328, 3.64, 0.20, 29.43, 
4329, 3.64, 0.20, 29.44, 
4330, 3.64, 0.20, 29.44, 
4331, 3.64, 0.20, 29.45, 
4332, 3.64, 0.20, 29.46, 
4333, 3.64, 0.20, 29.46, 
4334, 3.64, 0.20, 29.47, 
4335, 3.64, 0.20, 29.48, 
4336, 3.64, 0.20, 29.48, 
4337, 3.64, 0.20, 29.49, 
4338, 3.64, 0.20, 29.50, 
4339, 3.64, 0.20, 29.50, 
4340, 3.64, 0.20, 29.51, 
4341, 3.64, 0.20, 29.52, 
4342, 3.64, 0.20, 29.52, 
4343, 3.64, 0.20, 29.53, 
4344, 3.64, 0.20, 29.54, 
4345, 3.64, 0.20, 29.54, 
4346, 3.64, 0.20, 29.55, 
4347, 3.64, 0.20, 29.56, 
4348, 3.64, 0.20, 29.57, 
4349, 3.64, 0.20, 29.57, 
4350, 3.64, 0.20, 29.58, 
4351, 3.64, 0.20, 29.59, 
4352, 3.64, 0.20, 29.59, 
4353, 3.64, 0.20, 29.60, 
4354, 3.64, 0.20, 29.61, 
4355, 3.64, 0.20, 29.61, 
4356, 3.64, 0.20, 29.62, 
4357, 3.64, 0.20, 29.63, 
4358, 3.64, 0.20, 29.63, 
4359, 3.64, 0.20, 29.64, 
4360, 3.64, 0.20, 29.65, 
4361, 3.64, 0.20, 29.65, 
4362, 3.64, 0.20, 29.66, 
4363, 3.64, 0.20, 29.67, 
4364, 3.64, 0.20, 29.67, 
4365, 3.64, 0.20, 29.68, 
4366, 3.64, 0.20, 29.69, 
4367, 3.64, 0.20, 29.69, 
4368, 3.64, 0.20, 29.70, 
4369, 3.64, 0.20, 29.71, 
4370, 3.64, 0.20, 29.71, 
4371, 3.64, 0.20, 29.72, 
4372, 3.64, 0.20, 29.73, 
4373, 3.64, 0.20, 29.73, 
4374, 3.64, 0.20, 29.74, 
4375, 3.64, 0.20, 29.75, 
4376, 3.64, 0.20, 29.76, 
4377, 3.64, 0.20, 29.76, 
4378, 3.64, 0.20, 29.77, 
4379, 3.64, 0.20, 29.78, 
4380, 3.64, 0.20, 29.78, 
4381, 3.64, 0.20, 29.79, 
4382, 3.64, 0.20, 29.80, 
4383, 3.64, 0.20, 29.80, 
4384, 3.64, 0.20, 29.81, 
4385, 3.64, 0.20, 29.82, 
4386, 3.64, 0.20, 29.82, 
4387, 3.64, 0.20, 29.83, 
4388, 3.64, 0.20, 29.84, 
4389, 3.64, 0.20, 29.84, 
4390, 3.64, 0.20, 29.85, 
4391, 3.64, 0.20, 29.86, 
4392, 3.64, 0.20, 29.86, 
4393, 3.64, 0.20, 29.87, 
4394, 3.64, 0.20, 29.88, 
4395, 3.64, 0.20, 29.88, 
4396, 3.64, 0.20, 29.89, 
4397, 3.64, 0.20, 29.90, 
4398, 3.64, 0.20, 29.90, 
4399, 3.64, 0.20, 29.91, 
4400, 3.64, 0.20, 29.92, 
4401, 3.64, 0.20, 29.93, 
4402, 3.64, 0.20, 29.93, 
4403, 3.64, 0.20, 29.94, 
4404, 3.64, 0.20, 29.95, 
4405, 3.64, 0.20, 29.95, 
4406, 3.64, 0.20, 29.96, 
4407, 3.64, 0.20, 29.97, 
4408, 3.64, 0.20, 29.97, 
4409, 3.64, 0.20, 29.98, 
4410, 3.64, 0.20, 29.99, 
4411, 3.64, 0.20, 29.99, 
4412, 3.64, 0.20, 30.00, 
4413, 3.64, 0.20, 30.01, 
4414, 3.64, 0.20, 30.01, 
4415, 3.64, 0.20, 30.02, 
4416, 3.64, 0.20, 30.03, 
4417, 3.64, 0.20, 30.03, 
4418, 3.64, 0.20, 30.04, 
4419, 3.64, 0.20, 30.05, 
4420, 3.64, 0.20, 30.05, 
4421, 3.64, 0.20, 30.06, 
4422, 3.64, 0.20, 30.07, 
4423, 3.64, 0.20, 30.07, 
4424, 3.64, 0.20, 30.08, 
4425, 3.64, 0.20, 30.09, 
4426, 3.64, 0.20, 30.10, 
4427, 3.64, 0.20, 30.10, 
4428, 3.64, 0.20, 30.11, 
4429, 3.64, 0.20, 30.12, 
4430, 3.64, 0.20, 30.12, 
4431, 3.64, 0.20, 30.13, 
4432, 3.64, 0.20, 30.14, 
4433, 3.64, 0.20, 30.14, 
4434, 3.64, 0.20, 30.15, 
4435, 3.64, 0.20, 30.16, 
4436, 3.64, 0.20, 30.16, 
4437, 3.64, 0.20, 30.17, 
4438, 3.64, 0.20, 30.18, 
4439, 3.64, 0.20, 30.18, 
4440, 3.64, 0.20, 30.19, 
4441, 3.64, 0.20, 30.20, 
4442, 3.64, 0.20, 30.20, 
4443, 3.64, 0.20, 30.21, 
4444, 3.64, 0.20, 30.22, 
4445, 3.64, 0.20, 30.22, 
4446, 3.64, 0.20, 30.23, 
4447, 3.64, 0.20, 30.24, 
4448, 3.64, 0.20, 30.24, 
4449, 3.64, 0.20, 30.25, 
4450, 3.64, 0.20, 30.26, 
4451, 3.64, 0.20, 30.26, 
4452, 3.64, 0.20, 30.27, 
4453, 3.64, 0.20, 30.28, 
4454, 3.64, 0.20, 30.29, 
4455, 3.64, 0.20, 30.29, 
4456, 3.64, 0.20, 30.30, 
4457, 3.64, 0.20, 30.31, 
4458, 3.64, 0.20, 30.31, 
4459, 3.64, 0.20, 30.32, 
4460, 3.64, 0.20, 30.33, 
4461, 3.64, 0.20, 30.33, 
4462, 3.64, 0.20, 30.34, 
4463, 3.64, 0.20, 30.35, 
4464, 3.64, 0.20, 30.35, 
4465, 3.64, 0.20, 30.36, 
4466, 3.64, 0.20, 30.37, 
4467, 3.64, 0.20, 30.37, 
4468, 3.64, 0.20, 30.38, 
4469, 3.64, 0.20, 30.39, 
4470, 3.64, 0.20, 30.39, 
4471, 3.64, 0.20, 30.40, 
4472, 3.64, 0.20, 30.41, 
4473, 3.64, 0.20, 30.41, 
4474, 3.64, 0.20, 30.42, 
4475, 3.64, 0.20, 30.43, 
4476, 3.64, 0.20, 30.43, 
4477, 3.64, 0.20, 30.44, 
4478, 3.64, 0.20, 30.45, 
4479, 3.64, 0.20, 30.46, 
4480, 3.64, 0.20, 30.46, 
4481, 3.64, 0.20, 30.47, 
4482, 3.64, 0.20, 30.48, 
4483, 3.64, 0.20, 30.48, 
4484, 3.64, 0.20, 30.49, 
4485, 3.64, 0.20, 30.50, 
4486, 3.64, 0.20, 30.50, 
4487, 3.64, 0.20, 30.51, 
4488, 3.64, 0.20, 30.52, 
4489, 3.64, 0.20, 30.52, 
4490, 3.64, 0.20, 30.53, 
4491, 3.64, 0.20, 30.54, 
4492, 3.64, 0.20, 30.54, 
4493, 3.65, 0.20, 30.55, 
4494, 3.64, 0.20, 30.56, 
4495, 3.64, 0.20, 30.56, 
4496, 3.64, 0.20, 30.57, 
4497, 3.64, 0.20, 30.58, 
4498, 3.64, 0.20, 30.58, 
4499, 3.64, 0.20, 30.59, 
4500, 3.64, 0.20, 30.60, 
4501, 3.64, 0.20, 30.60, 
4502, 3.64, 0.20, 30.61, 
4503, 3.64, 0.20, 30.62, 
4504, 3.64, 0.20, 30.63, 
4505, 3.64, 0.20, 30.63, 
4506, 3.64, 0.20, 30.64, 
4507, 3.64, 0.20, 30.65, 
4508, 3.64, 0.20, 30.65, 
4509, 3.64, 0.20, 30.66, 
4510, 3.64, 0.20, 30.67, 
4511, 3.64, 0.20, 30.67, 
4512, 3.64, 0.20, 30.68, 
4513, 3.64, 0.20, 30.69, 
4514, 3.64, 0.20, 30.69, 
4515, 3.64, 0.20, 30.70, 
4516, 3.64, 0.20, 30.71, 
4517, 3.64, 0.20, 30.71, 
4518, 3.64, 0.20, 30.72, 
4519, 3.64, 0.20, 30.73, 
4520, 3.64, 0.20, 30.73, 
4521, 3.64, 0.20, 30.74, 
4522, 3.64, 0.20, 30.75, 
4523, 3.64, 0.20, 30.75, 
4524, 3.64, 0.20, 30.76, 
4525, 3.64, 0.20, 30.77, 
4526, 3.64, 0.20, 30.77, 
4527, 3.64, 0.20, 30.78, 
4528, 3.64, 0.20, 30.79, 
4529, 3.64, 0.20, 30.80, 
4530, 3.64, 0.20, 30.80, 
4531, 3.64, 0.20, 30.81, 
4532, 3.64, 0.20, 30.82, 
4533, 3.64, 0.20, 30.82, 
4534, 3.64, 0.20, 30.83, 
4535, 3.64, 0.20, 30.84, 
4536, 3.64, 0.20, 30.84, 
4537, 3.64, 0.20, 30.85, 
4538, 3.64, 0.20, 30.86, 
4539, 3.64, 0.20, 30.86, 
4540, 3.64, 0.20, 30.87, 
4541, 3.64, 0.20, 30.88, 
4542, 3.64, 0.20, 30.88, 
4543, 3.64, 0.20, 30.89, 
4544, 3.64, 0.20, 30.90, 
4545, 3.64, 0.20, 30.90, 
4546, 3.64, 0.20, 30.91, 
4547, 3.64, 0.20, 30.92, 
4548, 3.64, 0.20, 30.92, 
4549, 3.64, 0.20, 30.93, 
4550, 3.64, 0.20, 30.94, 
4551, 3.64, 0.20, 30.94, 
4552, 3.64, 0.20, 30.95, 
4553, 3.64, 0.20, 30.96, 
4554, 3.64, 0.20, 30.97, 
4555, 3.64, 0.20, 30.97, 
4556, 3.64, 0.20, 30.98, 
4557, 3.64, 0.20, 30.99, 
4558, 3.64, 0.20, 30.99, 
4559, 3.64, 0.20, 31.00, 
4560, 3.64, 0.20, 31.01, 
4561, 3.64, 0.20, 31.01, 
4562, 3.64, 0.20, 31.02, 
4563, 3.64, 0.20, 31.03, 
4564, 3.64, 0.20, 31.03, 
4565, 3.64, 0.20, 31.04, 
4566, 3.65, 0.20, 31.05, 
4567, 3.64, 0.20, 31.05, 
4568, 3.64, 0.20, 31.06, 
4569, 3.64, 0.20, 31.07, 
4570, 3.64, 0.20, 31.07, 
4571, 3.64, 0.20, 31.08, 
4572, 3.64, 0.20, 31.09, 
4573, 3.64, 0.20, 31.09, 
4574, 3.64, 0.20, 31.10, 
4575, 3.64, 0.20, 31.11, 
4576, 3.64, 0.20, 31.11, 
4577, 3.64, 0.20, 31.12, 
4578, 3.64, 0.20, 31.13, 
4579, 3.64, 0.20, 31.13, 
4580, 3.64, 0.20, 31.14, 
4581, 3.64, 0.20, 31.15, 
4582, 3.64, 0.20, 31.16, 
4583, 3.64, 0.20, 31.16, 
4584, 3.64, 0.20, 31.17, 
4585, 3.64, 0.20, 31.18, 
4586, 3.64, 0.20, 31.18, 
4587, 3.64, 0.20, 31.19, 
4588, 3.64, 0.20, 31.20, 
4589, 3.64, 0.20, 31.20, 
4590, 3.64, 0.20, 31.21, 
4591, 3.64, 0.20, 31.22, 
4592, 3.64, 0.20, 31.22, 
4593, 3.64, 0.20, 31.23, 
4594, 3.64, 0.20, 31.24, 
4595, 3.64, 0.20, 31.24, 
4596, 3.64, 0.20, 31.25, 
4597, 3.64, 0.20, 31.26, 
4598, 3.64, 0.20, 31.26, 
4599, 3.64, 0.20, 31.27, 
4600, 3.64, 0.20, 31.28, 
4601, 3.64, 0.20, 31.28, 
4602, 3.64, 0.20, 31.29, 
4603, 3.64, 0.20, 31.30, 
4604, 3.64, 0.20, 31.30, 
4605, 3.64, 0.20, 31.31, 
4606, 3.64, 0.20, 31.32, 
4607, 3.65, 0.20, 31.33, 
4608, 3.64, 0.20, 31.33, 
4609, 3.64, 0.20, 31.34, 
4610, 3.64, 0.20, 31.35, 
4611, 3.64, 0.20, 31.35, 
4612, 3.64, 0.20, 31.36, 
4613, 3.65, 0.20, 31.37, 
4614, 3.64, 0.20, 31.37, 
4615, 3.65, 0.20, 31.38, 
4616, 3.64, 0.20, 31.39, 
4617, 3.64, 0.20, 31.39, 
4618, 3.65, 0.20, 31.40, 
4619, 3.64, 0.20, 31.41, 
4620, 3.64, 0.20, 31.41, 
4621, 3.64, 0.20, 31.42, 
4622, 3.64, 0.20, 31.43, 
4623, 3.65, 0.20, 31.43, 
4624, 3.65, 0.20, 31.44, 
4625, 3.64, 0.20, 31.45, 
4626, 3.65, 0.20, 31.45, 
4627, 3.64, 0.20, 31.46, 
4628, 3.65, 0.20, 31.47, 
4629, 3.64, 0.20, 31.47, 
4630, 3.64, 0.20, 31.48, 
4631, 3.64, 0.20, 31.49, 
4632, 3.64, 0.20, 31.50, 
4633, 3.64, 0.20, 31.50, 
4634, 3.64, 0.20, 31.51, 
4635, 3.64, 0.20, 31.52, 
4636, 3.65, 0.20, 31.52, 
4637, 3.65, 0.20, 31.53, 
4638, 3.64, 0.20, 31.54, 
4639, 3.64, 0.20, 31.54, 
4640, 3.64, 0.20, 31.55, 
4641, 3.65, 0.20, 31.56, 
4642, 3.64, 0.20, 31.56, 
4643, 3.65, 0.20, 31.57, 
4644, 3.65, 0.20, 31.58, 
4645, 3.64, 0.20, 31.58, 
4646, 3.64, 0.20, 31.59, 
4647, 3.65, 0.20, 31.60, 
4648, 3.64, 0.20, 31.60, 
4649, 3.65, 0.20, 31.61, 
4650, 3.65, 0.20, 31.62, 
4651, 3.64, 0.20, 31.62, 
4652, 3.65, 0.20, 31.63, 
4653, 3.64, 0.20, 31.64, 
4654, 3.64, 0.20, 31.64, 
4655, 3.65, 0.20, 31.65, 
4656, 3.64, 0.20, 31.66, 
4657, 3.65, 0.20, 31.67, 
4658, 3.64, 0.20, 31.67, 
4659, 3.64, 0.20, 31.68, 
4660, 3.64, 0.20, 31.69, 
4661, 3.65, 0.20, 31.69, 
4662, 3.64, 0.20, 31.70, 
4663, 3.64, 0.20, 31.71, 
4664, 3.64, 0.20, 31.71, 
4665, 3.65, 0.20, 31.72, 
4666, 3.64, 0.20, 31.73, 
4667, 3.64, 0.20, 31.73, 
4668, 3.65, 0.20, 31.74, 
4669, 3.65, 0.20, 31.75, 
4670, 3.65, 0.20, 31.75, 
4671, 3.64, 0.20, 31.76, 
4672, 3.65, 0.20, 31.77, 
4673, 3.65, 0.20, 31.77, 
4674, 3.65, 0.20, 31.78, 
4675, 3.65, 0.20, 31.79, 
4676, 3.65, 0.20, 31.79, 
4677, 3.65, 0.20, 31.80, 
4678, 3.65, 0.20, 31.81, 
4679, 3.65, 0.20, 31.81, 
4680, 3.65, 0.20, 31.82, 
4681, 3.64, 0.20, 31.83, 
4682, 3.65, 0.20, 31.84, 
4683, 3.64, 0.20, 31.84, 
4684, 3.65, 0.20, 31.85, 
4685, 3.64, 0.20, 31.86, 
4686, 3.65, 0.20, 31.86, 
4687, 3.65, 0.20, 31.87, 
4688, 3.64, 0.20, 31.88, 
4689, 3.65, 0.20, 31.88, 
4690, 3.65, 0.20, 31.89, 
4691, 3.64, 0.20, 31.90, 
4692, 3.65, 0.20, 31.90, 
4693, 3.65, 0.20, 31.91, 
4694, 3.65, 0.20, 31.92, 
4695, 3.65, 0.20, 31.92, 
4696, 3.64, 0.20, 31.93, 
4697, 3.65, 0.20, 31.94, 
4698, 3.65, 0.20, 31.94, 
4699, 3.65, 0.20, 31.95, 
4700, 3.65, 0.20, 31.96, 
4701, 3.65, 0.20, 31.96, 
4702, 3.65, 0.20, 31.97, 
4703, 3.64, 0.20, 31.98, 
4704, 3.65, 0.20, 31.98, 
4705, 3.65, 0.20, 31.99, 
4706, 3.65, 0.20, 32.00, 
4707, 3.65, 0.20, 32.00, 
4708, 3.64, 0.20, 32.01, 
4709, 3.65, 0.20, 32.02, 
4710, 3.65, 0.20, 32.03, 
4711, 3.64, 0.20, 32.03, 
4712, 3.65, 0.20, 32.04, 
4713, 3.65, 0.20, 32.05, 
4714, 3.64, 0.20, 32.05, 
4715, 3.64, 0.20, 32.06, 
4716, 3.64, 0.20, 32.07, 
4717, 3.65, 0.20, 32.07, 
4718, 3.65, 0.20, 32.08, 
4719, 3.65, 0.20, 32.09, 
4720, 3.65, 0.20, 32.09, 
4721, 3.65, 0.20, 32.10, 
4722, 3.65, 0.20, 32.11, 
4723, 3.65, 0.20, 32.11, 
4724, 3.65, 0.20, 32.12, 
4725, 3.65, 0.20, 32.13, 
4726, 3.65, 0.20, 32.13, 
4727, 3.65, 0.20, 32.14, 
4728, 3.65, 0.20, 32.15, 
4729, 3.65, 0.20, 32.15, 
4730, 3.65, 0.20, 32.16, 
4731, 3.65, 0.20, 32.17, 
4732, 3.65, 0.20, 32.17, 
4733, 3.65, 0.20, 32.18, 
4734, 3.65, 0.20, 32.19, 
4735, 3.65, 0.20, 32.20, 
4736, 3.64, 0.20, 32.20, 
4737, 3.65, 0.20, 32.21, 
4738, 3.65, 0.20, 32.22, 
4739, 3.65, 0.20, 32.22, 
4740, 3.65, 0.20, 32.23, 
4741, 3.65, 0.20, 32.24, 
4742, 3.65, 0.20, 32.24, 
4743, 3.65, 0.20, 32.25, 
4744, 3.65, 0.20, 32.26, 
4745, 3.65, 0.20, 32.26, 
4746, 3.65, 0.20, 32.27, 
4747, 3.65, 0.20, 32.28, 
4748, 3.65, 0.20, 32.28, 
4749, 3.65, 0.20, 32.29, 
4750, 3.65, 0.20, 32.30, 
4751, 3.65, 0.20, 32.30, 
4752, 3.65, 0.20, 32.31, 
4753, 3.65, 0.20, 32.32, 
4754, 3.65, 0.20, 32.32, 
4755, 3.65, 0.20, 32.33, 
4756, 3.65, 0.20, 32.34, 
4757, 3.65, 0.20, 32.34, 
4758, 3.65, 0.20, 32.35, 
4759, 3.64, 0.20, 32.36, 
4760, 3.65, 0.20, 32.37, 
4761, 3.65, 0.20, 32.37, 
4762, 3.65, 0.20, 32.38, 
4763, 3.65, 0.20, 32.39, 
4764, 3.65, 0.20, 32.39, 
4765, 3.65, 0.20, 32.40, 
4766, 3.65, 0.20, 32.41, 
4767, 3.65, 0.20, 32.41, 
4768, 3.65, 0.20, 32.42, 
4769, 3.65, 0.20, 32.43, 
4770, 3.65, 0.20, 32.43, 
4771, 3.65, 0.20, 32.44, 
4772, 3.64, 0.20, 32.45, 
4773, 3.65, 0.20, 32.45, 
4774, 3.65, 0.20, 32.46, 
4775, 3.65, 0.20, 32.47, 
4776, 3.65, 0.20, 32.47, 
4777, 3.65, 0.20, 32.48, 
4778, 3.65, 0.20, 32.49, 
4779, 3.65, 0.20, 32.49, 
4780, 3.65, 0.20, 32.50, 
4781, 3.65, 0.20, 32.51, 
4782, 3.65, 0.20, 32.51, 
4783, 3.65, 0.20, 32.52, 
4784, 3.65, 0.20, 32.53, 
4785, 3.65, 0.20, 32.54, 
4786, 3.65, 0.20, 32.54, 
4787, 3.65, 0.20, 32.55, 
4788, 3.65, 0.20, 32.56, 
4789, 3.65, 0.20, 32.56, 
4790, 3.65, 0.20, 32.57, 
4791, 3.65, 0.20, 32.58, 
4792, 3.65, 0.20, 32.58, 
4793, 3.65, 0.20, 32.59, 
4794, 3.65, 0.20, 32.60, 
4795, 3.65, 0.20, 32.60, 
4796, 3.65, 0.20, 32.61, 
4797, 3.65, 0.20, 32.62, 
4798, 3.65, 0.20, 32.62, 
4799, 3.65, 0.20, 32.63, 
4800, 3.65, 0.20, 32.64, 
4801, 3.65, 0.20, 32.64, 
4802, 3.65, 0.20, 32.65, 
4803, 3.65, 0.20, 32.66, 
4804, 3.65, 0.20, 32.66, 
4805, 3.65, 0.20, 32.67, 
4806, 3.65, 0.20, 32.68, 
4807, 3.65, 0.20, 32.68, 
4808, 3.65, 0.20, 32.69, 
4809, 3.65, 0.20, 32.70, 
4810, 3.65, 0.20, 32.70, 
4811, 3.65, 0.20, 32.71, 
4812, 3.65, 0.20, 32.72, 
4813, 3.65, 0.20, 32.73, 
4814, 3.65, 0.20, 32.73, 
4815, 3.65, 0.20, 32.74, 
4816, 3.65, 0.20, 32.75, 
4817, 3.65, 0.20, 32.75, 
4818, 3.65, 0.20, 32.76, 
4819, 3.65, 0.20, 32.77, 
4820, 3.65, 0.20, 32.77, 
4821, 3.65, 0.20, 32.78, 
4822, 3.65, 0.20, 32.79, 
4823, 3.65, 0.20, 32.79, 
4824, 3.65, 0.20, 32.80, 
4825, 3.65, 0.20, 32.81, 
4826, 3.65, 0.20, 32.81, 
4827, 3.65, 0.20, 32.82, 
4828, 3.65, 0.20, 32.83, 
4829, 3.65, 0.20, 32.83, 
4830, 3.65, 0.20, 32.84, 
4831, 3.65, 0.20, 32.85, 
4832, 3.65, 0.20, 32.85, 
4833, 3.65, 0.20, 32.86, 
4834, 3.65, 0.20, 32.87, 
4835, 3.65, 0.20, 32.87, 
4836, 3.65, 0.20, 32.88, 
4837, 3.65, 0.20, 32.89, 
4838, 3.65, 0.20, 32.90, 
4839, 3.65, 0.20, 32.90, 
4840, 3.65, 0.20, 32.91, 
4841, 3.65, 0.20, 32.92, 
4842, 3.65, 0.20, 32.92, 
4843, 3.65, 0.20, 32.93, 
4844, 3.65, 0.20, 32.94, 
4845, 3.65, 0.20, 32.94, 
4846, 3.65, 0.20, 32.95, 
4847, 3.65, 0.20, 32.96, 
4848, 3.65, 0.20, 32.96, 
4849, 3.65, 0.20, 32.97, 
4850, 3.65, 0.20, 32.98, 
4851, 3.65, 0.20, 32.98, 
4852, 3.65, 0.20, 32.99, 
4853, 3.65, 0.20, 33.00, 
4854, 3.65, 0.20, 33.00, 
4855, 3.65, 0.20, 33.01, 
4856, 3.65, 0.20, 33.02, 
4857, 3.65, 0.20, 33.02, 
4858, 3.65, 0.20, 33.03, 
4859, 3.66, 0.20, 33.04, 
4860, 3.65, 0.20, 33.04, 
4861, 3.65, 0.20, 33.05, 
4862, 3.65, 0.20, 33.06, 
4863, 3.65, 0.20, 33.06, 
4864, 3.65, 0.20, 33.07, 
4865, 3.65, 0.20, 33.08, 
4866, 3.66, 0.20, 33.09, 
4867, 3.65, 0.20, 33.09, 
4868, 3.65, 0.20, 33.10, 
4869, 3.65, 0.20, 33.11, 
4870, 3.65, 0.20, 33.11, 
4871, 3.65, 0.20, 33.12, 
4872, 3.65, 0.20, 33.13, 
4873, 3.65, 0.20, 33.13, 
4874, 3.65, 0.20, 33.14, 
4875, 3.65, 0.20, 33.15, 
4876, 3.65, 0.20, 33.15, 
4877, 3.66, 0.20, 33.16, 
4878, 3.65, 0.20, 33.17, 
4879, 3.65, 0.20, 33.17, 
4880, 3.65, 0.20, 33.18, 
4881, 3.65, 0.20, 33.19, 
4882, 3.66, 0.20, 33.19, 
4883, 3.65, 0.20, 33.20, 
4884, 3.66, 0.20, 33.21, 
4885, 3.65, 0.20, 33.21, 
4886, 3.65, 0.20, 33.22, 
4887, 3.65, 0.20, 33.23, 
4888, 3.65, 0.20, 33.23, 
4889, 3.65, 0.20, 33.24, 
4890, 3.65, 0.20, 33.25, 
4891, 3.65, 0.20, 33.26, 
4892, 3.65, 0.20, 33.26, 
4893, 3.66, 0.20, 33.27, 
4894, 3.65, 0.20, 33.28, 
4895, 3.65, 0.20, 33.28, 
4896, 3.65, 0.20, 33.29, 
4897, 3.65, 0.20, 33.30, 
4898, 3.65, 0.20, 33.30, 
4899, 3.65, 0.20, 33.31, 
4900, 3.66, 0.20, 33.32, 
4901, 3.65, 0.20, 33.32, 
4902, 3.65, 0.20, 33.33, 
4903, 3.65, 0.20, 33.34, 
4904, 3.66, 0.20, 33.34, 
4905, 3.65, 0.20, 33.35, 
4906, 3.66, 0.20, 33.36, 
4907, 3.65, 0.20, 33.36, 
4908, 3.65, 0.20, 33.37, 
4909, 3.65, 0.20, 33.38, 
4910, 3.66, 0.20, 33.38, 
4911, 3.65, 0.20, 33.39, 
4912, 3.65, 0.20, 33.40, 
4913, 3.65, 0.20, 33.40, 
4914, 3.66, 0.20, 33.41, 
4915, 3.65, 0.20, 33.42, 
4916, 3.66, 0.20, 33.43, 
4917, 3.66, 0.20, 33.43, 
4918, 3.66, 0.20, 33.44, 
4919, 3.66, 0.20, 33.45, 
4920, 3.66, 0.20, 33.45, 
4921, 3.65, 0.20, 33.46, 
4922, 3.66, 0.20, 33.47, 
4923, 3.66, 0.20, 33.47, 
4924, 3.65, 0.20, 33.48, 
4925, 3.65, 0.20, 33.49, 
4926, 3.66, 0.20, 33.49, 
4927, 3.65, 0.20, 33.50, 
4928, 3.65, 0.20, 33.51, 
4929, 3.66, 0.20, 33.51, 
4930, 3.65, 0.20, 33.52, 
4931, 3.66, 0.20, 33.53, 
4932, 3.65, 0.20, 33.53, 
4933, 3.65, 0.20, 33.54, 
4934, 3.66, 0.20, 33.55, 
4935, 3.65, 0.20, 33.55, 
4936, 3.66, 0.20, 33.56, 
4937, 3.66, 0.19, 33.57, 
4938, 3.66, 0.20, 33.57, 
4939, 3.66, 0.20, 33.58, 
4940, 3.65, 0.20, 33.59, 
4941, 3.65, 0.20, 33.59, 
4942, 3.66, 0.20, 33.60, 
4943, 3.65, 0.20, 33.61, 
4944, 3.66, 0.20, 33.62, 
4945, 3.66, 0.20, 33.62, 
4946, 3.66, 0.20, 33.63, 
4947, 3.66, 0.20, 33.64, 
4948, 3.65, 0.20, 33.64, 
4949, 3.66, 0.20, 33.65, 
4950, 3.66, 0.20, 33.66, 
4951, 3.65, 0.20, 33.66, 
4952, 3.66, 0.20, 33.67, 
4953, 3.66, 0.20, 33.68, 
4954, 3.66, 0.20, 33.68, 
4955, 3.65, 0.20, 33.69, 
4956, 3.66, 0.20, 33.70, 
4957, 3.66, 0.20, 33.70, 
4958, 3.66, 0.20, 33.71, 
4959, 3.66, 0.20, 33.72, 
4960, 3.65, 0.20, 33.72, 
4961, 3.66, 0.20, 33.73, 
4962, 3.66, 0.20, 33.74, 
4963, 3.66, 0.20, 33.74, 
4964, 3.66, 0.20, 33.75, 
4965, 3.66, 0.20, 33.76, 
4966, 3.66, 0.20, 33.76, 
4967, 3.66, 0.20, 33.77, 
4968, 3.66, 0.20, 33.78, 
4969, 3.66, 0.20, 33.79, 
4970, 3.66, 0.20, 33.79, 
4971, 3.66, 0.20, 33.80, 
4972, 3.66, 0.20, 33.81, 
4973, 3.66, 0.20, 33.81, 
4974, 3.66, 0.20, 33.82, 
4975, 3.66, 0.20, 33.83, 
4976, 3.66, 0.20, 33.83, 
4977, 3.66, 0.20, 33.84, 
4978, 3.66, 0.20, 33.85, 
4979, 3.66, 0.20, 33.85, 
4980, 3.66, 0.20, 33.86, 
4981, 3.66, 0.20, 33.87, 
4982, 3.66, 0.20, 33.87, 
4983, 3.66, 0.20, 33.88, 
4984, 3.65, 0.20, 33.89, 
4985, 3.66, 0.20, 33.89, 
4986, 3.66, 0.20, 33.90, 
4987, 3.66, 0.20, 33.91, 
4988, 3.66, 0.20, 33.91, 
4989, 3.66, 0.20, 33.92, 
4990, 3.66, 0.20, 33.93, 
4991, 3.66, 0.20, 33.93, 
4992, 3.66, 0.20, 33.94, 
4993, 3.66, 0.20, 33.95, 
4994, 3.66, 0.20, 33.96, 
4995, 3.66, 0.20, 33.96, 
4996, 3.66, 0.20, 33.97, 
4997, 3.66, 0.20, 33.98, 
4998, 3.66, 0.20, 33.98, 
4999, 3.66, 0.20, 33.99, 
5000, 3.66, 0.20, 34.00, 
5001, 3.66, 0.20, 34.00, 
5002, 3.66, 0.20, 34.01, 
5003, 3.66, 0.20, 34.02, 
5004, 3.66, 0.20, 34.02, 
5005, 3.66, 0.20, 34.03, 
5006, 3.66, 0.20, 34.04, 
5007, 3.66, 0.20, 34.04, 
5008, 3.66, 0.20, 34.05, 
5009, 3.66, 0.20, 34.06, 
5010, 3.66, 0.20, 34.06, 
5011, 3.66, 0.20, 34.07, 
5012, 3.66, 0.20, 34.08, 
5013, 3.66, 0.20, 34.08, 
5014, 3.66, 0.20, 34.09, 
5015, 3.66, 0.20, 34.10, 
5016, 3.66, 0.20, 34.10, 
5017, 3.66, 0.20, 34.11, 
5018, 3.66, 0.20, 34.12, 
5019, 3.66, 0.20, 34.12, 
5020, 3.66, 0.20, 34.13, 
5021, 3.66, 0.20, 34.14, 
5022, 3.66, 0.20, 34.15, 
5023, 3.66, 0.20, 34.15, 
5024, 3.66, 0.20, 34.16, 
5025, 3.66, 0.20, 34.17, 
5026, 3.66, 0.20, 34.17, 
5027, 3.66, 0.20, 34.18, 
5028, 3.66, 0.20, 34.19, 
5029, 3.66, 0.20, 34.19, 
5030, 3.66, 0.20, 34.20, 
5031, 3.66, 0.20, 34.21, 
5032, 3.66, 0.20, 34.21, 
5033, 3.66, 0.20, 34.22, 
5034, 3.66, 0.20, 34.23, 
5035, 3.66, 0.20, 34.23, 
5036, 3.66, 0.20, 34.24, 
5037, 3.66, 0.20, 34.25, 
5038, 3.66, 0.20, 34.25, 
5039, 3.66, 0.20, 34.26, 
5040, 3.66, 0.20, 34.27, 
5041, 3.66, 0.20, 34.27, 
5042, 3.66, 0.20, 34.28, 
5043, 3.66, 0.20, 34.29, 
5044, 3.66, 0.20, 34.29, 
5045, 3.66, 0.19, 34.30, 
5046, 3.66, 0.20, 34.31, 
5047, 3.66, 0.20, 34.32, 
5048, 3.66, 0.20, 34.32, 
5049, 3.66, 0.20, 34.33, 
5050, 3.66, 0.20, 34.34, 
5051, 3.66, 0.20, 34.34, 
5052, 3.66, 0.20, 34.35, 
5053, 3.66, 0.20, 34.36, 
5054, 3.66, 0.20, 34.36, 
5055, 3.66, 0.20, 34.37, 
5056, 3.66, 0.20, 34.38, 
5057, 3.66, 0.20, 34.38, 
5058, 3.66, 0.20, 34.39, 
5059, 3.66, 0.20, 34.40, 
5060, 3.66, 0.20, 34.40, 
5061, 3.66, 0.20, 34.41, 
5062, 3.66, 0.20, 34.42, 
5063, 3.66, 0.20, 34.42, 
5064, 3.66, 0.20, 34.43, 
5065, 3.66, 0.20, 34.44, 
5066, 3.66, 0.20, 34.44, 
5067, 3.66, 0.20, 34.45, 
5068, 3.66, 0.20, 34.46, 
5069, 3.66, 0.20, 34.46, 
5070, 3.66, 0.20, 34.47, 
5071, 3.66, 0.20, 34.48, 
5072, 3.66, 0.20, 34.48, 
5073, 3.66, 0.20, 34.49, 
5074, 3.66, 0.20, 34.50, 
5075, 3.66, 0.20, 34.51, 
5076, 3.66, 0.20, 34.51, 
5077, 3.66, 0.20, 34.52, 
5078, 3.66, 0.20, 34.53, 
5079, 3.66, 0.20, 34.53, 
5080, 3.66, 0.20, 34.54, 
5081, 3.66, 0.20, 34.55, 
5082, 3.66, 0.20, 34.55, 
5083, 3.66, 0.20, 34.56, 
5084, 3.66, 0.20, 34.57, 
5085, 3.66, 0.20, 34.57, 
5086, 3.66, 0.20, 34.58, 
5087, 3.66, 0.20, 34.59, 
5088, 3.66, 0.20, 34.59, 
5089, 3.66, 0.20, 34.60, 
5090, 3.66, 0.20, 34.61, 
5091, 3.66, 0.20, 34.61, 
5092, 3.66, 0.20, 34.62, 
5093, 3.66, 0.20, 34.63, 
5094, 3.66, 0.20, 34.63, 
5095, 3.66, 0.20, 34.64, 
5096, 3.66, 0.20, 34.65, 
5097, 3.66, 0.20, 34.65, 
5098, 3.66, 0.20, 34.66, 
5099, 3.66, 0.20, 34.67, 
5100, 3.66, 0.20, 34.68, 
5101, 3.66, 0.20, 34.68, 
5102, 3.66, 0.20, 34.69, 
5103, 3.66, 0.20, 34.70, 
5104, 3.66, 0.20, 34.70, 
5105, 3.66, 0.20, 34.71, 
5106, 3.66, 0.20, 34.72, 
5107, 3.66, 0.20, 34.72, 
5108, 3.66, 0.20, 34.73, 
5109, 3.66, 0.20, 34.74, 
5110, 3.66, 0.20, 34.74, 
5111, 3.66, 0.20, 34.75, 
5112, 3.66, 0.20, 34.76, 
5113, 3.66, 0.20, 34.76, 
5114, 3.66, 0.20, 34.77, 
5115, 3.66, 0.20, 34.78, 
5116, 3.66, 0.20, 34.78, 
5117, 3.66, 0.20, 34.79, 
5118, 3.66, 0.20, 34.80, 
5119, 3.66, 0.20, 34.80, 
5120, 3.66, 0.20, 34.81, 
5121, 3.66, 0.20, 34.82, 
5122, 3.66, 0.20, 34.82, 
5123, 3.66, 0.20, 34.83, 
5124, 3.66, 0.20, 34.84, 
5125, 3.66, 0.20, 34.84, 
5126, 3.66, 0.20, 34.85, 
5127, 3.66, 0.20, 34.86, 
5128, 3.66, 0.20, 34.87, 
5129, 3.66, 0.20, 34.87, 
5130, 3.66, 0.20, 34.88, 
5131, 3.66, 0.20, 34.89, 
5132, 3.66, 0.20, 34.89, 
5133, 3.66, 0.20, 34.90, 
5134, 3.66, 0.20, 34.91, 
5135, 3.66, 0.20, 34.91, 
5136, 3.66, 0.20, 34.92, 
5137, 3.66, 0.20, 34.93, 
5138, 3.66, 0.20, 34.93, 
5139, 3.66, 0.20, 34.94, 
5140, 3.66, 0.20, 34.95, 
5141, 3.66, 0.20, 34.95, 
5142, 3.66, 0.20, 34.96, 
5143, 3.66, 0.20, 34.97, 
5144, 3.66, 0.20, 34.97, 
5145, 3.66, 0.20, 34.98, 
5146, 3.66, 0.20, 34.99, 
5147, 3.66, 0.20, 34.99, 
5148, 3.66, 0.20, 35.00, 
5149, 3.66, 0.20, 35.01, 
5150, 3.66, 0.20, 35.01, 
5151, 3.66, 0.20, 35.02, 
5152, 3.66, 0.20, 35.03, 
5153, 3.66, 0.20, 35.04, 
5154, 3.66, 0.20, 35.04, 
5155, 3.66, 0.20, 35.05, 
5156, 3.66, 0.20, 35.06, 
5157, 3.66, 0.20, 35.06, 
5158, 3.66, 0.20, 35.07, 
5159, 3.66, 0.20, 35.08, 
5160, 3.66, 0.20, 35.08, 
5161, 3.66, 0.20, 35.09, 
5162, 3.66, 0.20, 35.10, 
5163, 3.66, 0.20, 35.10, 
5164, 3.66, 0.20, 35.11, 
5165, 3.66, 0.20, 35.12, 
5166, 3.66, 0.20, 35.12, 
5167, 3.66, 0.20, 35.13, 
5168, 3.66, 0.20, 35.14, 
5169, 3.66, 0.20, 35.14, 
5170, 3.66, 0.20, 35.15, 
5171, 3.66, 0.20, 35.16, 
5172, 3.66, 0.20, 35.16, 
5173, 3.66, 0.20, 35.17, 
5174, 3.66, 0.20, 35.18, 
5175, 3.66, 0.20, 35.18, 
5176, 3.66, 0.20, 35.19, 
5177, 3.66, 0.20, 35.20, 
5178, 3.66, 0.20, 35.20, 
5179, 3.66, 0.20, 35.21, 
5180, 3.66, 0.20, 35.22, 
5181, 3.66, 0.20, 35.23, 
5182, 3.66, 0.20, 35.23, 
5183, 3.66, 0.20, 35.24, 
5184, 3.66, 0.20, 35.25, 
5185, 3.66, 0.20, 35.25, 
5186, 3.66, 0.20, 35.26, 
5187, 3.66, 0.20, 35.27, 
5188, 3.66, 0.20, 35.27, 
5189, 3.66, 0.20, 35.28, 
5190, 3.66, 0.20, 35.29, 
5191, 3.66, 0.20, 35.29, 
5192, 3.66, 0.20, 35.30, 
5193, 3.66, 0.20, 35.31, 
5194, 3.66, 0.20, 35.31, 
5195, 3.66, 0.20, 35.32, 
5196, 3.66, 0.20, 35.33, 
5197, 3.66, 0.20, 35.33, 
5198, 3.66, 0.20, 35.34, 
5199, 3.66, 0.20, 35.35, 
5200, 3.66, 0.20, 35.35, 
5201, 3.66, 0.20, 35.36, 
5202, 3.66, 0.20, 35.37, 
5203, 3.66, 0.20, 35.37, 
5204, 3.66, 0.20, 35.38, 
5205, 3.66, 0.20, 35.39, 
5206, 3.66, 0.20, 35.40, 
5207, 3.66, 0.20, 35.40, 
5208, 3.66, 0.20, 35.41, 
5209, 3.66, 0.20, 35.42, 
5210, 3.66, 0.20, 35.42, 
5211, 3.66, 0.20, 35.43, 
5212, 3.66, 0.20, 35.44, 
5213, 3.66, 0.20, 35.44, 
5214, 3.66, 0.20, 35.45, 
5215, 3.66, 0.20, 35.46, 
5216, 3.66, 0.20, 35.46, 
5217, 3.66, 0.20, 35.47, 
5218, 3.66, 0.20, 35.48, 
5219, 3.66, 0.20, 35.48, 
5220, 3.66, 0.20, 35.49, 
5221, 3.66, 0.20, 35.50, 
5222, 3.66, 0.20, 35.50, 
5223, 3.66, 0.20, 35.51, 
5224, 3.66, 0.20, 35.52, 
5225, 3.66, 0.20, 35.52, 
5226, 3.66, 0.20, 35.53, 
5227, 3.66, 0.20, 35.54, 
5228, 3.66, 0.20, 35.54, 
5229, 3.66, 0.20, 35.55, 
5230, 3.66, 0.20, 35.56, 
5231, 3.66, 0.20, 35.56, 
5232, 3.66, 0.20, 35.57, 
5233, 3.66, 0.20, 35.58, 
5234, 3.66, 0.20, 35.59, 
5235, 3.66, 0.20, 35.59, 
5236, 3.66, 0.20, 35.60, 
5237, 3.66, 0.20, 35.61, 
5238, 3.66, 0.20, 35.61, 
5239, 3.66, 0.20, 35.62, 
5240, 3.66, 0.20, 35.63, 
5241, 3.66, 0.20, 35.63, 
5242, 3.66, 0.20, 35.64, 
5243, 3.66, 0.20, 35.65, 
5244, 3.66, 0.20, 35.65, 
5245, 3.66, 0.20, 35.66, 
5246, 3.66, 0.20, 35.67, 
5247, 3.66, 0.20, 35.67, 
5248, 3.66, 0.20, 35.68, 
5249, 3.66, 0.20, 35.69, 
5250, 3.66, 0.20, 35.69, 
5251, 3.66, 0.20, 35.70, 
5252, 3.66, 0.20, 35.71, 
5253, 3.66, 0.20, 35.71, 
5254, 3.66, 0.20, 35.72, 
5255, 3.66, 0.20, 35.73, 
5256, 3.66, 0.20, 35.73, 
5257, 3.66, 0.20, 35.74, 
5258, 3.66, 0.20, 35.75, 
5259, 3.66, 0.20, 35.76, 
5260, 3.66, 0.20, 35.76, 
5261, 3.66, 0.20, 35.77, 
5262, 3.66, 0.20, 35.78, 
5263, 3.66, 0.20, 35.78, 
5264, 3.66, 0.20, 35.79, 
5265, 3.66, 0.20, 35.80, 
5266, 3.66, 0.20, 35.80, 
5267, 3.66, 0.20, 35.81, 
5268, 3.66, 0.20, 35.82, 
5269, 3.66, 0.20, 35.82, 
5270, 3.66, 0.20, 35.83, 
5271, 3.66, 0.20, 35.84, 
5272, 3.66, 0.20, 35.84, 
5273, 3.66, 0.20, 35.85, 
5274, 3.66, 0.20, 35.86, 
5275, 3.66, 0.20, 35.86, 
5276, 3.66, 0.20, 35.87, 
5277, 3.66, 0.20, 35.88, 
5278, 3.67, 0.20, 35.88, 
5279, 3.66, 0.20, 35.89, 
5280, 3.66, 0.20, 35.90, 
5281, 3.66, 0.20, 35.90, 
5282, 3.67, 0.20, 35.91, 
5283, 3.66, 0.20, 35.92, 
5284, 3.66, 0.20, 35.93, 
5285, 3.66, 0.20, 35.93, 
5286, 3.66, 0.20, 35.94, 
5287, 3.67, 0.20, 35.95, 
5288, 3.67, 0.20, 35.95, 
5289, 3.66, 0.20, 35.96, 
5290, 3.67, 0.20, 35.97, 
5291, 3.66, 0.20, 35.97, 
5292, 3.67, 0.20, 35.98, 
5293, 3.66, 0.20, 35.99, 
5294, 3.67, 0.20, 35.99, 
5295, 3.66, 0.20, 36.00, 
5296, 3.66, 0.20, 36.01, 
5297, 3.66, 0.20, 36.01, 
5298, 3.66, 0.20, 36.02, 
5299, 3.66, 0.20, 36.03, 
5300, 3.66, 0.20, 36.03, 
5301, 3.66, 0.20, 36.04, 
5302, 3.66, 0.20, 36.05, 
5303, 3.67, 0.20, 36.05, 
5304, 3.67, 0.20, 36.06, 
5305, 3.66, 0.20, 36.07, 
5306, 3.66, 0.20, 36.07, 
5307, 3.67, 0.20, 36.08, 
5308, 3.66, 0.20, 36.09, 
5309, 3.66, 0.20, 36.09, 
5310, 3.66, 0.20, 36.10, 
5311, 3.66, 0.20, 36.11, 
5312, 3.66, 0.20, 36.12, 
5313, 3.66, 0.20, 36.12, 
5314, 3.67, 0.20, 36.13, 
5315, 3.67, 0.20, 36.14, 
5316, 3.67, 0.20, 36.14, 
5317, 3.67, 0.20, 36.15, 
5318, 3.67, 0.20, 36.16, 
5319, 3.66, 0.20, 36.16, 
5320, 3.66, 0.20, 36.17, 
5321, 3.66, 0.20, 36.18, 
5322, 3.67, 0.20, 36.18, 
5323, 3.67, 0.20, 36.19, 
5324, 3.66, 0.20, 36.20, 
5325, 3.66, 0.20, 36.20, 
5326, 3.67, 0.20, 36.21, 
5327, 3.67, 0.20, 36.22, 
5328, 3.66, 0.20, 36.22, 
5329, 3.66, 0.20, 36.23, 
5330, 3.66, 0.20, 36.24, 
5331, 3.67, 0.20, 36.24, 
5332, 3.66, 0.20, 36.25, 
5333, 3.66, 0.20, 36.26, 
5334, 3.67, 0.20, 36.26, 
5335, 3.67, 0.20, 36.27, 
5336, 3.67, 0.20, 36.28, 
5337, 3.66, 0.20, 36.29, 
5338, 3.67, 0.20, 36.29, 
5339, 3.66, 0.20, 36.30, 
5340, 3.67, 0.20, 36.31, 
5341, 3.67, 0.20, 36.31, 
5342, 3.66, 0.20, 36.32, 
5343, 3.67, 0.20, 36.33, 
5344, 3.67, 0.20, 36.33, 
5345, 3.67, 0.20, 36.34, 
5346, 3.66, 0.20, 36.35, 
5347, 3.67, 0.20, 36.35, 
5348, 3.67, 0.20, 36.36, 
5349, 3.67, 0.20, 36.37, 
5350, 3.67, 0.20, 36.37, 
5351, 3.67, 0.20, 36.38, 
5352, 3.67, 0.20, 36.39, 
5353, 3.67, 0.20, 36.39, 
5354, 3.67, 0.20, 36.40, 
5355, 3.67, 0.20, 36.41, 
5356, 3.67, 0.20, 36.41, 
5357, 3.67, 0.20, 36.42, 
5358, 3.67, 0.20, 36.43, 
5359, 3.67, 0.20, 36.43, 
5360, 3.67, 0.20, 36.44, 
5361, 3.67, 0.20, 36.45, 
5362, 3.67, 0.20, 36.46, 
5363, 3.66, 0.20, 36.46, 
5364, 3.67, 0.20, 36.47, 
5365, 3.67, 0.20, 36.48, 
5366, 3.67, 0.20, 36.48, 
5367, 3.67, 0.20, 36.49, 
5368, 3.67, 0.20, 36.50, 
5369, 3.67, 0.20, 36.50, 
5370, 3.67, 0.20, 36.51, 
5371, 3.67, 0.20, 36.52, 
5372, 3.67, 0.20, 36.52, 
5373, 3.67, 0.20, 36.53, 
5374, 3.67, 0.20, 36.54, 
5375, 3.67, 0.20, 36.54, 
5376, 3.67, 0.20, 36.55, 
5377, 3.67, 0.20, 36.56, 
5378, 3.67, 0.20, 36.56, 
5379, 3.67, 0.20, 36.57, 
5380, 3.67, 0.20, 36.58, 
5381, 3.67, 0.20, 36.58, 
5382, 3.67, 0.20, 36.59, 
5383, 3.67, 0.20, 36.60, 
5384, 3.67, 0.20, 36.60, 
5385, 3.67, 0.20, 36.61, 
5386, 3.66, 0.20, 36.62, 
5387, 3.67, 0.20, 36.62, 
5388, 3.67, 0.20, 36.63, 
5389, 3.67, 0.20, 36.64, 
5390, 3.67, 0.20, 36.65, 
5391, 3.67, 0.20, 36.65, 
5392, 3.67, 0.20, 36.66, 
5393, 3.67, 0.20, 36.67, 
5394, 3.67, 0.20, 36.67, 
5395, 3.67, 0.20, 36.68, 
5396, 3.67, 0.20, 36.69, 
5397, 3.67, 0.20, 36.69, 
5398, 3.67, 0.20, 36.70, 
5399, 3.67, 0.20, 36.71, 
5400, 3.67, 0.20, 36.71, 
5401, 3.67, 0.20, 36.72, 
5402, 3.67, 0.20, 36.73, 
5403, 3.67, 0.20, 36.73, 
5404, 3.67, 0.20, 36.74, 
5405, 3.67, 0.20, 36.75, 
5406, 3.67, 0.20, 36.75, 
5407, 3.67, 0.20, 36.76, 
5408, 3.67, 0.20, 36.77, 
5409, 3.67, 0.20, 36.77, 
5410, 3.67, 0.20, 36.78, 
5411, 3.67, 0.20, 36.79, 
5412, 3.67, 0.20, 36.79, 
5413, 3.67, 0.20, 36.80, 
5414, 3.67, 0.20, 36.81, 
5415, 3.67, 0.20, 36.82, 
5416, 3.67, 0.20, 36.82, 
5417, 3.67, 0.20, 36.83, 
5418, 3.67, 0.20, 36.84, 
5419, 3.67, 0.20, 36.84, 
5420, 3.67, 0.20, 36.85, 
5421, 3.67, 0.20, 36.86, 
5422, 3.67, 0.20, 36.86, 
5423, 3.67, 0.20, 36.87, 
5424, 3.67, 0.20, 36.88, 
5425, 3.67, 0.20, 36.88, 
5426, 3.67, 0.20, 36.89, 
5427, 3.67, 0.20, 36.90, 
5428, 3.67, 0.20, 36.90, 
5429, 3.67, 0.20, 36.91, 
5430, 3.67, 0.20, 36.92, 
5431, 3.67, 0.20, 36.92, 
5432, 3.67, 0.20, 36.93, 
5433, 3.67, 0.20, 36.94, 
5434, 3.67, 0.20, 36.94, 
5435, 3.67, 0.20, 36.95, 
5436, 3.67, 0.20, 36.96, 
5437, 3.67, 0.20, 36.96, 
5438, 3.67, 0.20, 36.97, 
5439, 3.67, 0.20, 36.98, 
5440, 3.67, 0.20, 36.99, 
5441, 3.67, 0.20, 36.99, 
5442, 3.67, 0.20, 37.00, 
5443, 3.67, 0.20, 37.01, 
5444, 3.67, 0.20, 37.01, 
5445, 3.67, 0.20, 37.02, 
5446, 3.67, 0.20, 37.03, 
5447, 3.67, 0.20, 37.03, 
5448, 3.67, 0.20, 37.04, 
5449, 3.67, 0.20, 37.05, 
5450, 3.67, 0.20, 37.05, 
5451, 3.67, 0.20, 37.06, 
5452, 3.67, 0.20, 37.07, 
5453, 3.67, 0.20, 37.07, 
5454, 3.67, 0.20, 37.08, 
5455, 3.67, 0.20, 37.09, 
5456, 3.67, 0.20, 37.09, 
5457, 3.67, 0.20, 37.10, 
5458, 3.67, 0.20, 37.11, 
5459, 3.67, 0.20, 37.11, 
5460, 3.67, 0.20, 37.12, 
5461, 3.67, 0.20, 37.13, 
5462, 3.67, 0.20, 37.13, 
5463, 3.67, 0.20, 37.14, 
5464, 3.67, 0.20, 37.15, 
5465, 3.67, 0.20, 37.15, 
5466, 3.67, 0.20, 37.16, 
5467, 3.67, 0.20, 37.17, 
5468, 3.67, 0.20, 37.18, 
5469, 3.67, 0.20, 37.18, 
5470, 3.67, 0.20, 37.19, 
5471, 3.67, 0.20, 37.20, 
5472, 3.67, 0.20, 37.20, 
5473, 3.67, 0.20, 37.21, 
5474, 3.67, 0.20, 37.22, 
5475, 3.67, 0.20, 37.22, 
5476, 3.67, 0.20, 37.23, 
5477, 3.67, 0.20, 37.24, 
5478, 3.68, 0.20, 37.24, 
5479, 3.67, 0.20, 37.25, 
5480, 3.67, 0.20, 37.26, 
5481, 3.67, 0.20, 37.26, 
5482, 3.67, 0.20, 37.27, 
5483, 3.67, 0.20, 37.28, 
5484, 3.67, 0.20, 37.28, 
5485, 3.67, 0.20, 37.29, 
5486, 3.67, 0.20, 37.30, 
5487, 3.68, 0.20, 37.30, 
5488, 3.67, 0.20, 37.31, 
5489, 3.67, 0.20, 37.32, 
5490, 3.68, 0.20, 37.32, 
5491, 3.67, 0.20, 37.33, 
5492, 3.67, 0.20, 37.34, 
5493, 3.68, 0.20, 37.35, 
5494, 3.67, 0.20, 37.35, 
5495, 3.67, 0.20, 37.36, 
5496, 3.67, 0.20, 37.37, 
5497, 3.67, 0.20, 37.37, 
5498, 3.67, 0.20, 37.38, 
5499, 3.67, 0.20, 37.39, 
5500, 3.67, 0.20, 37.39, 
5501, 3.67, 0.20, 37.40, 
5502, 3.68, 0.20, 37.41, 
5503, 3.68, 0.20, 37.41, 
5504, 3.67, 0.20, 37.42, 
5505, 3.67, 0.20, 37.43, 
5506, 3.67, 0.20, 37.43, 
5507, 3.68, 0.20, 37.44, 
5508, 3.67, 0.20, 37.45, 
5509, 3.68, 0.20, 37.45, 
5510, 3.67, 0.20, 37.46, 
5511, 3.68, 0.20, 37.47, 
5512, 3.68, 0.20, 37.47, 
5513, 3.67, 0.20, 37.48, 
5514, 3.68, 0.20, 37.49, 
5515, 3.67, 0.20, 37.49, 
5516, 3.68, 0.20, 37.50, 
5517, 3.67, 0.20, 37.51, 
5518, 3.67, 0.20, 37.51, 
5519, 3.67, 0.20, 37.52, 
5520, 3.67, 0.20, 37.53, 
5521, 3.67, 0.20, 37.54, 
5522, 3.67, 0.20, 37.54, 
5523, 3.68, 0.20, 37.55, 
5524, 3.67, 0.20, 37.56, 
5525, 3.68, 0.20, 37.56, 
5526, 3.68, 0.20, 37.57, 
5527, 3.67, 0.20, 37.58, 
5528, 3.68, 0.20, 37.58, 
5529, 3.68, 0.20, 37.59, 
5530, 3.67, 0.20, 37.60, 
5531, 3.68, 0.20, 37.60, 
5532, 3.68, 0.20, 37.61, 
5533, 3.68, 0.20, 37.62, 
5534, 3.68, 0.20, 37.62, 
5535, 3.67, 0.20, 37.63, 
5536, 3.68, 0.20, 37.64, 
5537, 3.68, 0.20, 37.64, 
5538, 3.68, 0.20, 37.65, 
5539, 3.68, 0.20, 37.66, 
5540, 3.68, 0.20, 37.66, 
5541, 3.68, 0.20, 37.67, 
5542, 3.67, 0.20, 37.68, 
5543, 3.68, 0.20, 37.68, 
5544, 3.68, 0.20, 37.69, 
5545, 3.68, 0.20, 37.70, 
5546, 3.68, 0.20, 37.71, 
5547, 3.68, 0.20, 37.71, 
5548, 3.68, 0.20, 37.72, 
5549, 3.68, 0.20, 37.73, 
5550, 3.68, 0.20, 37.73, 
5551, 3.68, 0.20, 37.74, 
5552, 3.68, 0.20, 37.75, 
5553, 3.68, 0.20, 37.75, 
5554, 3.68, 0.20, 37.76, 
5555, 3.68, 0.20, 37.77, 
5556, 3.68, 0.20, 37.77, 
5557, 3.67, 0.20, 37.78, 
5558, 3.68, 0.20, 37.79, 
5559, 3.68, 0.20, 37.79, 
5560, 3.68, 0.20, 37.80, 
5561, 3.68, 0.20, 37.81, 
5562, 3.68, 0.20, 37.81, 
5563, 3.68, 0.20, 37.82, 
5564, 3.68, 0.20, 37.83, 
5565, 3.68, 0.20, 37.83, 
5566, 3.68, 0.20, 37.84, 
5567, 3.67, 0.20, 37.85, 
5568, 3.68, 0.20, 37.85, 
5569, 3.68, 0.20, 37.86, 
5570, 3.68, 0.20, 37.87, 
5571, 3.68, 0.20, 37.87, 
5572, 3.67, 0.20, 37.88, 
5573, 3.68, 0.20, 37.89, 
5574, 3.68, 0.20, 37.90, 
5575, 3.68, 0.20, 37.90, 
5576, 3.68, 0.20, 37.91, 
5577, 3.68, 0.20, 37.92, 
5578, 3.68, 0.20, 37.92, 
5579, 3.68, 0.20, 37.93, 
5580, 3.68, 0.20, 37.94, 
5581, 3.68, 0.20, 37.94, 
5582, 3.68, 0.20, 37.95, 
5583, 3.68, 0.20, 37.96, 
5584, 3.68, 0.20, 37.96, 
5585, 3.68, 0.20, 37.97, 
5586, 3.68, 0.20, 37.98, 
5587, 3.68, 0.20, 37.98, 
5588, 3.68, 0.20, 37.99, 
5589, 3.68, 0.20, 38.00, 
5590, 3.68, 0.20, 38.00, 
5591, 3.68, 0.20, 38.01, 
5592, 3.68, 0.20, 38.02, 
5593, 3.68, 0.20, 38.02, 
5594, 3.68, 0.20, 38.03, 
5595, 3.68, 0.20, 38.04, 
5596, 3.68, 0.20, 38.04, 
5597, 3.68, 0.20, 38.05, 
5598, 3.68, 0.20, 38.06, 
5599, 3.68, 0.20, 38.07, 
5600, 3.68, 0.20, 38.07, 
5601, 3.68, 0.20, 38.08, 
5602, 3.68, 0.20, 38.09, 
5603, 3.68, 0.20, 38.09, 
5604, 3.68, 0.20, 38.10, 
5605, 3.68, 0.20, 38.11, 
5606, 3.68, 0.20, 38.11, 
5607, 3.67, 0.20, 38.12, 
5608, 3.68, 0.20, 38.13, 
5609, 3.68, 0.20, 38.13, 
5610, 3.68, 0.20, 38.14, 
5611, 3.68, 0.20, 38.15, 
5612, 3.68, 0.20, 38.15, 
5613, 3.68, 0.20, 38.16, 
5614, 3.68, 0.20, 38.17, 
5615, 3.68, 0.20, 38.17, 
5616, 3.68, 0.20, 38.18, 
5617, 3.68, 0.20, 38.19, 
5618, 3.68, 0.20, 38.19, 
5619, 3.68, 0.20, 38.20, 
5620, 3.68, 0.20, 38.21, 
5621, 3.68, 0.20, 38.21, 
5622, 3.68, 0.20, 38.22, 
5623, 3.68, 0.20, 38.23, 
5624, 3.68, 0.20, 38.23, 
5625, 3.68, 0.20, 38.24, 
5626, 3.68, 0.20, 38.25, 
5627, 3.68, 0.20, 38.26, 
5628, 3.68, 0.20, 38.26, 
5629, 3.68, 0.20, 38.27, 
5630, 3.68, 0.20, 38.28, 
5631, 3.68, 0.20, 38.28, 
5632, 3.68, 0.20, 38.29, 
5633, 3.68, 0.20, 38.30, 
5634, 3.68, 0.20, 38.30, 
5635, 3.68, 0.20, 38.31, 
5636, 3.68, 0.20, 38.32, 
5637, 3.68, 0.20, 38.32, 
5638, 3.68, 0.20, 38.33, 
5639, 3.68, 0.20, 38.34, 
5640, 3.68, 0.20, 38.34, 
5641, 3.68, 0.20, 38.35, 
5642, 3.68, 0.20, 38.36, 
5643, 3.68, 0.20, 38.36, 
5644, 3.68, 0.20, 38.37, 
5645, 3.68, 0.20, 38.38, 
5646, 3.68, 0.20, 38.38, 
5647, 3.68, 0.20, 38.39, 
5648, 3.68, 0.20, 38.40, 
5649, 3.68, 0.20, 38.40, 
5650, 3.68, 0.20, 38.41, 
5651, 3.68, 0.20, 38.42, 
5652, 3.68, 0.20, 38.43, 
5653, 3.68, 0.20, 38.43, 
5654, 3.68, 0.20, 38.44, 
5655, 3.68, 0.20, 38.45, 
5656, 3.68, 0.20, 38.45, 
5657, 3.68, 0.20, 38.46, 
5658, 3.68, 0.20, 38.47, 
5659, 3.68, 0.20, 38.47, 
5660, 3.68, 0.20, 38.48, 
5661, 3.68, 0.20, 38.49, 
5662, 3.68, 0.20, 38.49, 
5663, 3.68, 0.20, 38.50, 
5664, 3.68, 0.20, 38.51, 
5665, 3.68, 0.20, 38.51, 
5666, 3.68, 0.20, 38.52, 
5667, 3.68, 0.20, 38.53, 
5668, 3.68, 0.20, 38.53, 
5669, 3.68, 0.20, 38.54, 
5670, 3.68, 0.20, 38.55, 
5671, 3.68, 0.20, 38.55, 
5672, 3.68, 0.20, 38.56, 
5673, 3.68, 0.20, 38.57, 
5674, 3.68, 0.20, 38.57, 
5675, 3.68, 0.20, 38.58, 
5676, 3.68, 0.20, 38.59, 
5677, 3.68, 0.20, 38.60, 
5678, 3.68, 0.20, 38.60, 
5679, 3.68, 0.20, 38.61, 
5680, 3.68, 0.20, 38.62, 
5681, 3.68, 0.20, 38.62, 
5682, 3.68, 0.20, 38.63, 
5683, 3.68, 0.20, 38.64, 
5684, 3.68, 0.20, 38.64, 
5685, 3.68, 0.20, 38.65, 
5686, 3.68, 0.20, 38.66, 
5687, 3.68, 0.20, 38.66, 
5688, 3.68, 0.20, 38.67, 
5689, 3.68, 0.20, 38.68, 
5690, 3.68, 0.20, 38.68, 
5691, 3.68, 0.20, 38.69, 
5692, 3.68, 0.20, 38.70, 
5693, 3.68, 0.20, 38.70, 
5694, 3.68, 0.20, 38.71, 
5695, 3.68, 0.20, 38.72, 
5696, 3.68, 0.20, 38.72, 
5697, 3.68, 0.20, 38.73, 
5698, 3.68, 0.20, 38.74, 
5699, 3.68, 0.20, 38.74, 
5700, 3.68, 0.20, 38.75, 
5701, 3.68, 0.20, 38.76, 
5702, 3.68, 0.20, 38.76, 
5703, 3.68, 0.20, 38.77, 
5704, 3.68, 0.20, 38.78, 
5705, 3.68, 0.20, 38.79, 
5706, 3.68, 0.20, 38.79, 
5707, 3.68, 0.20, 38.80, 
5708, 3.68, 0.20, 38.81, 
5709, 3.68, 0.20, 38.81, 
5710, 3.68, 0.20, 38.82, 
5711, 3.68, 0.20, 38.83, 
5712, 3.68, 0.20, 38.83, 
5713, 3.68, 0.20, 38.84, 
5714, 3.68, 0.20, 38.85, 
5715, 3.68, 0.20, 38.85, 
5716, 3.68, 0.20, 38.86, 
5717, 3.68, 0.20, 38.87, 
5718, 3.68, 0.20, 38.87, 
5719, 3.68, 0.20, 38.88, 
5720, 3.68, 0.20, 38.89, 
5721, 3.68, 0.20, 38.89, 
5722, 3.68, 0.20, 38.90, 
5723, 3.68, 0.20, 38.91, 
5724, 3.68, 0.20, 38.91, 
5725, 3.68, 0.20, 38.92, 
5726, 3.68, 0.20, 38.93, 
5727, 3.68, 0.20, 38.93, 
5728, 3.68, 0.20, 38.94, 
5729, 3.68, 0.20, 38.95, 
5730, 3.68, 0.20, 38.96, 
5731, 3.68, 0.20, 38.96, 
5732, 3.68, 0.20, 38.97, 
5733, 3.68, 0.20, 38.98, 
5734, 3.68, 0.20, 38.98, 
5735, 3.68, 0.20, 38.99, 
5736, 3.68, 0.20, 39.00, 
5737, 3.68, 0.20, 39.00, 
5738, 3.68, 0.20, 39.01, 
5739, 3.68, 0.20, 39.02, 
5740, 3.68, 0.20, 39.02, 
5741, 3.68, 0.20, 39.03, 
5742, 3.68, 0.20, 39.04, 
5743, 3.68, 0.20, 39.04, 
5744, 3.68, 0.20, 39.05, 
5745, 3.68, 0.20, 39.06, 
5746, 3.68, 0.20, 39.06, 
5747, 3.68, 0.20, 39.07, 
5748, 3.68, 0.20, 39.08, 
5749, 3.68, 0.20, 39.08, 
5750, 3.68, 0.20, 39.09, 
5751, 3.68, 0.20, 39.10, 
5752, 3.68, 0.20, 39.10, 
5753, 3.68, 0.20, 39.11, 
5754, 3.68, 0.20, 39.12, 
5755, 3.68, 0.20, 39.13, 
5756, 3.68, 0.20, 39.13, 
5757, 3.68, 0.20, 39.14, 
5758, 3.68, 0.20, 39.15, 
5759, 3.68, 0.20, 39.15, 
5760, 3.68, 0.20, 39.16, 
5761, 3.68, 0.20, 39.17, 
5762, 3.68, 0.20, 39.17, 
5763, 3.68, 0.20, 39.18, 
5764, 3.68, 0.20, 39.19, 
5765, 3.68, 0.20, 39.19, 
5766, 3.68, 0.20, 39.20, 
5767, 3.68, 0.20, 39.21, 
5768, 3.68, 0.20, 39.21, 
5769, 3.68, 0.20, 39.22, 
5770, 3.68, 0.20, 39.23, 
5771, 3.68, 0.20, 39.23, 
5772, 3.68, 0.20, 39.24, 
5773, 3.68, 0.20, 39.25, 
5774, 3.68, 0.20, 39.25, 
5775, 3.68, 0.20, 39.26, 
5776, 3.68, 0.20, 39.27, 
5777, 3.68, 0.20, 39.27, 
5778, 3.68, 0.20, 39.28, 
5779, 3.69, 0.20, 39.29, 
5780, 3.68, 0.20, 39.29, 
5781, 3.68, 0.20, 39.30, 
5782, 3.68, 0.20, 39.31, 
5783, 3.68, 0.20, 39.32, 
5784, 3.68, 0.20, 39.32, 
5785, 3.68, 0.20, 39.33, 
5786, 3.68, 0.20, 39.34, 
5787, 3.68, 0.20, 39.34, 
5788, 3.69, 0.20, 39.35, 
5789, 3.68, 0.20, 39.36, 
5790, 3.68, 0.20, 39.36, 
5791, 3.68, 0.20, 39.37, 
5792, 3.68, 0.20, 39.38, 
5793, 3.68, 0.20, 39.38, 
5794, 3.68, 0.20, 39.39, 
5795, 3.68, 0.20, 39.40, 
5796, 3.68, 0.20, 39.40, 
5797, 3.68, 0.20, 39.41, 
5798, 3.68, 0.20, 39.42, 
5799, 3.68, 0.20, 39.42, 
5800, 3.68, 0.20, 39.43, 
5801, 3.68, 0.20, 39.44, 
5802, 3.68, 0.20, 39.44, 
5803, 3.69, 0.20, 39.45, 
5804, 3.68, 0.20, 39.46, 
5805, 3.68, 0.20, 39.46, 
5806, 3.68, 0.20, 39.47, 
5807, 3.68, 0.20, 39.48, 
5808, 3.68, 0.20, 39.49, 
5809, 3.68, 0.20, 39.49, 
5810, 3.68, 0.20, 39.50, 
5811, 3.69, 0.20, 39.51, 
5812, 3.68, 0.20, 39.51, 
5813, 3.68, 0.20, 39.52, 
5814, 3.68, 0.20, 39.53, 
5815, 3.68, 0.20, 39.53, 
5816, 3.68, 0.20, 39.54, 
5817, 3.68, 0.20, 39.55, 
5818, 3.68, 0.20, 39.55, 
5819, 3.68, 0.20, 39.56, 
5820, 3.69, 0.20, 39.57, 
5821, 3.68, 0.20, 39.57, 
5822, 3.68, 0.20, 39.58, 
5823, 3.68, 0.20, 39.59, 
5824, 3.68, 0.20, 39.59, 
5825, 3.68, 0.20, 39.60, 
5826, 3.68, 0.20, 39.61, 
5827, 3.68, 0.20, 39.61, 
5828, 3.68, 0.20, 39.62, 
5829, 3.68, 0.20, 39.63, 
5830, 3.68, 0.20, 39.63, 
5831, 3.69, 0.20, 39.64, 
5832, 3.68, 0.20, 39.65, 
5833, 3.68, 0.20, 39.65, 
5834, 3.68, 0.20, 39.66, 
5835, 3.69, 0.20, 39.67, 
5836, 3.68, 0.20, 39.68, 
5837, 3.68, 0.20, 39.68, 
5838, 3.68, 0.20, 39.69, 
5839, 3.68, 0.20, 39.70, 
5840, 3.68, 0.20, 39.70, 
5841, 3.68, 0.20, 39.71, 
5842, 3.69, 0.20, 39.72, 
5843, 3.68, 0.20, 39.72, 
5844, 3.69, 0.20, 39.73, 
5845, 3.68, 0.20, 39.74, 
5846, 3.69, 0.20, 39.74, 
5847, 3.68, 0.20, 39.75, 
5848, 3.69, 0.20, 39.76, 
5849, 3.68, 0.20, 39.76, 
5850, 3.68, 0.20, 39.77, 
5851, 3.69, 0.20, 39.78, 
5852, 3.68, 0.20, 39.78, 
5853, 3.69, 0.20, 39.79, 
5854, 3.68, 0.20, 39.80, 
5855, 3.68, 0.20, 39.80, 
5856, 3.69, 0.20, 39.81, 
5857, 3.69, 0.20, 39.82, 
5858, 3.69, 0.20, 39.82, 
5859, 3.68, 0.20, 39.83, 
5860, 3.68, 0.20, 39.84, 
5861, 3.68, 0.20, 39.85, 
5862, 3.69, 0.20, 39.85, 
5863, 3.68, 0.20, 39.86, 
5864, 3.68, 0.20, 39.87, 
5865, 3.68, 0.20, 39.87, 
5866, 3.69, 0.20, 39.88, 
5867, 3.68, 0.20, 39.89, 
5868, 3.69, 0.20, 39.89, 
5869, 3.69, 0.20, 39.90, 
5870, 3.69, 0.20, 39.91, 
5871, 3.68, 0.20, 39.91, 
5872, 3.69, 0.20, 39.92, 
5873, 3.68, 0.20, 39.93, 
5874, 3.68, 0.20, 39.93, 
5875, 3.69, 0.20, 39.94, 
5876, 3.68, 0.20, 39.95, 
5877, 3.68, 0.20, 39.95, 
5878, 3.69, 0.20, 39.96, 
5879, 3.69, 0.20, 39.97, 
5880, 3.69, 0.20, 39.97, 
5881, 3.69, 0.20, 39.98, 
5882, 3.69, 0.20, 39.99, 
5883, 3.69, 0.20, 39.99, 
5884, 3.69, 0.20, 40.00, 
5885, 3.68, 0.20, 40.01, 
5886, 3.69, 0.20, 40.01, 
5887, 3.69, 0.20, 40.02, 
5888, 3.69, 0.20, 40.03, 
5889, 3.69, 0.20, 40.04, 
5890, 3.69, 0.20, 40.04, 
5891, 3.68, 0.20, 40.05, 
5892, 3.69, 0.20, 40.06, 
5893, 3.69, 0.20, 40.06, 
5894, 3.68, 0.20, 40.07, 
5895, 3.69, 0.20, 40.08, 
5896, 3.69, 0.20, 40.08, 
5897, 3.69, 0.20, 40.09, 
5898, 3.69, 0.20, 40.10, 
5899, 3.69, 0.20, 40.10, 
5900, 3.69, 0.20, 40.11, 
5901, 3.69, 0.20, 40.12, 
5902, 3.69, 0.20, 40.12, 
5903, 3.69, 0.20, 40.13, 
5904, 3.69, 0.20, 40.14, 
5905, 3.69, 0.20, 40.14, 
5906, 3.69, 0.20, 40.15, 
5907, 3.69, 0.20, 40.16, 
5908, 3.69, 0.20, 40.16, 
5909, 3.69, 0.20, 40.17, 
5910, 3.69, 0.20, 40.18, 
5911, 3.69, 0.20, 40.18, 
5912, 3.69, 0.20, 40.19, 
5913, 3.69, 0.20, 40.20, 
5914, 3.69, 0.20, 40.21, 
5915, 3.69, 0.20, 40.21, 
5916, 3.69, 0.20, 40.22, 
5917, 3.69, 0.20, 40.23, 
5918, 3.69, 0.20, 40.23, 
5919, 3.69, 0.20, 40.24, 
5920, 3.69, 0.20, 40.25, 
5921, 3.69, 0.20, 40.25, 
5922, 3.69, 0.20, 40.26, 
5923, 3.69, 0.20, 40.27, 
5924, 3.69, 0.20, 40.27, 
5925, 3.69, 0.20, 40.28, 
5926, 3.69, 0.20, 40.29, 
5927, 3.69, 0.20, 40.29, 
5928, 3.69, 0.20, 40.30, 
5929, 3.69, 0.20, 40.31, 
5930, 3.69, 0.20, 40.31, 
5931, 3.69, 0.20, 40.32, 
5932, 3.69, 0.20, 40.33, 
5933, 3.69, 0.20, 40.33, 
5934, 3.69, 0.20, 40.34, 
5935, 3.69, 0.20, 40.35, 
5936, 3.69, 0.20, 40.35, 
5937, 3.69, 0.20, 40.36, 
5938, 3.69, 0.20, 40.37, 
5939, 3.69, 0.20, 40.37, 
5940, 3.69, 0.20, 40.38, 
5941, 3.69, 0.20, 40.39, 
5942, 3.69, 0.20, 40.40, 
5943, 3.69, 0.20, 40.40, 
5944, 3.69, 0.20, 40.41, 
5945, 3.69, 0.20, 40.42, 
5946, 3.69, 0.20, 40.42, 
5947, 3.69, 0.20, 40.43, 
5948, 3.69, 0.20, 40.44, 
5949, 3.69, 0.20, 40.44, 
5950, 3.69, 0.20, 40.45, 
5951, 3.69, 0.20, 40.46, 
5952, 3.69, 0.20, 40.46, 
5953, 3.69, 0.20, 40.47, 
5954, 3.69, 0.20, 40.48, 
5955, 3.69, 0.20, 40.48, 
5956, 3.69, 0.20, 40.49, 
5957, 3.69, 0.20, 40.50, 
5958, 3.69, 0.20, 40.50, 
5959, 3.69, 0.20, 40.51, 
5960, 3.69, 0.20, 40.52, 
5961, 3.69, 0.20, 40.52, 
5962, 3.69, 0.20, 40.53, 
5963, 3.69, 0.20, 40.54, 
5964, 3.69, 0.20, 40.54, 
5965, 3.69, 0.20, 40.55, 
5966, 3.69, 0.20, 40.56, 
5967, 3.69, 0.20, 40.57, 
5968, 3.69, 0.20, 40.57, 
5969, 3.69, 0.20, 40.58, 
5970, 3.69, 0.20, 40.59, 
5971, 3.70, 0.20, 40.59, 
5972, 3.69, 0.20, 40.60, 
5973, 3.69, 0.20, 40.61, 
5974, 3.69, 0.20, 40.61, 
5975, 3.69, 0.20, 40.62, 
5976, 3.69, 0.20, 40.63, 
5977, 3.69, 0.20, 40.63, 
5978, 3.69, 0.20, 40.64, 
5979, 3.69, 0.20, 40.65, 
5980, 3.69, 0.20, 40.65, 
5981, 3.69, 0.20, 40.66, 
5982, 3.69, 0.20, 40.67, 
5983, 3.69, 0.20, 40.67, 
5984, 3.69, 0.20, 40.68, 
5985, 3.69, 0.20, 40.69, 
5986, 3.69, 0.20, 40.69, 
5987, 3.69, 0.20, 40.70, 
5988, 3.69, 0.20, 40.71, 
5989, 3.69, 0.20, 40.71, 
5990, 3.69, 0.20, 40.72, 
5991, 3.69, 0.20, 40.73, 
5992, 3.69, 0.20, 40.73, 
5993, 3.69, 0.20, 40.74, 
5994, 3.69, 0.20, 40.75, 
5995, 3.69, 0.20, 40.76, 
5996, 3.70, 0.20, 40.76, 
5997, 3.69, 0.20, 40.77, 
5998, 3.69, 0.20, 40.78, 
5999, 3.70, 0.20, 40.78, 
6000, 3.69, 0.20, 40.79, 
6001, 3.69, 0.20, 40.80, 
6002, 3.69, 0.20, 40.80, 
6003, 3.69, 0.20, 40.81, 
6004, 3.69, 0.20, 40.82, 
6005, 3.69, 0.20, 40.82, 
6006, 3.69, 0.20, 40.83, 
6007, 3.70, 0.20, 40.84, 
6008, 3.69, 0.20, 40.84, 
6009, 3.70, 0.20, 40.85, 
6010, 3.69, 0.20, 40.86, 
6011, 3.69, 0.20, 40.86, 
6012, 3.70, 0.20, 40.87, 
6013, 3.69, 0.20, 40.88, 
6014, 3.70, 0.20, 40.88, 
6015, 3.69, 0.20, 40.89, 
6016, 3.69, 0.20, 40.90, 
6017, 3.69, 0.20, 40.90, 
6018, 3.69, 0.20, 40.91, 
6019, 3.69, 0.20, 40.92, 
6020, 3.69, 0.20, 40.93, 
6021, 3.69, 0.20, 40.93, 
6022, 3.70, 0.20, 40.94, 
6023, 3.69, 0.20, 40.95, 
6024, 3.69, 0.20, 40.95, 
6025, 3.69, 0.20, 40.96, 
6026, 3.70, 0.20, 40.97, 
6027, 3.70, 0.20, 40.97, 
6028, 3.69, 0.20, 40.98, 
6029, 3.69, 0.20, 40.99, 
6030, 3.69, 0.20, 40.99, 
6031, 3.70, 0.20, 41.00, 
6032, 3.69, 0.20, 41.01, 
6033, 3.69, 0.20, 41.01, 
6034, 3.70, 0.20, 41.02, 
6035, 3.70, 0.20, 41.03, 
6036, 3.69, 0.20, 41.03, 
6037, 3.69, 0.20, 41.04, 
6038, 3.69, 0.20, 41.05, 
6039, 3.69, 0.20, 41.05, 
6040, 3.69, 0.20, 41.06, 
6041, 3.69, 0.20, 41.07, 
6042, 3.69, 0.20, 41.07, 
6043, 3.70, 0.20, 41.08, 
6044, 3.69, 0.20, 41.09, 
6045, 3.69, 0.20, 41.09, 
6046, 3.69, 0.20, 41.10, 
6047, 3.69, 0.20, 41.11, 
6048, 3.70, 0.20, 41.12, 
6049, 3.69, 0.20, 41.12, 
6050, 3.70, 0.20, 41.13, 
6051, 3.70, 0.20, 41.14, 
6052, 3.70, 0.20, 41.14, 
6053, 3.70, 0.20, 41.15, 
6054, 3.70, 0.20, 41.16, 
6055, 3.70, 0.20, 41.16, 
6056, 3.70, 0.20, 41.17, 
6057, 3.70, 0.20, 41.18, 
6058, 3.69, 0.20, 41.18, 
6059, 3.70, 0.20, 41.19, 
6060, 3.70, 0.20, 41.20, 
6061, 3.69, 0.20, 41.20, 
6062, 3.69, 0.20, 41.21, 
6063, 3.69, 0.20, 41.22, 
6064, 3.69, 0.20, 41.22, 
6065, 3.70, 0.20, 41.23, 
6066, 3.70, 0.20, 41.24, 
6067, 3.70, 0.20, 41.24, 
6068, 3.69, 0.20, 41.25, 
6069, 3.70, 0.20, 41.26, 
6070, 3.70, 0.20, 41.26, 
6071, 3.69, 0.20, 41.27, 
6072, 3.70, 0.20, 41.28, 
6073, 3.70, 0.20, 41.29, 
6074, 3.70, 0.20, 41.29, 
6075, 3.70, 0.20, 41.30, 
6076, 3.70, 0.20, 41.31, 
6077, 3.70, 0.20, 41.31, 
6078, 3.70, 0.20, 41.32, 
6079, 3.70, 0.20, 41.33, 
6080, 3.70, 0.20, 41.33, 
6081, 3.70, 0.20, 41.34, 
6082, 3.70, 0.20, 41.35, 
6083, 3.70, 0.20, 41.35, 
6084, 3.70, 0.20, 41.36, 
6085, 3.70, 0.20, 41.37, 
6086, 3.70, 0.20, 41.37, 
6087, 3.69, 0.20, 41.38, 
6088, 3.70, 0.20, 41.39, 
6089, 3.70, 0.20, 41.39, 
6090, 3.70, 0.20, 41.40, 
6091, 3.70, 0.20, 41.41, 
6092, 3.69, 0.20, 41.41, 
6093, 3.70, 0.20, 41.42, 
6094, 3.70, 0.20, 41.43, 
6095, 3.70, 0.20, 41.43, 
6096, 3.70, 0.20, 41.44, 
6097, 3.70, 0.20, 41.45, 
6098, 3.70, 0.20, 41.45, 
6099, 3.70, 0.20, 41.46, 
6100, 3.70, 0.20, 41.47, 
6101, 3.70, 0.20, 41.48, 
6102, 3.70, 0.20, 41.48, 
6103, 3.70, 0.20, 41.49, 
6104, 3.70, 0.20, 41.50, 
6105, 3.70, 0.20, 41.50, 
6106, 3.70, 0.20, 41.51, 
6107, 3.70, 0.20, 41.52, 
6108, 3.70, 0.20, 41.52, 
6109, 3.69, 0.20, 41.53, 
6110, 3.70, 0.20, 41.54, 
6111, 3.70, 0.20, 41.54, 
6112, 3.70, 0.20, 41.55, 
6113, 3.70, 0.20, 41.56, 
6114, 3.70, 0.20, 41.56, 
6115, 3.70, 0.20, 41.57, 
6116, 3.70, 0.20, 41.58, 
6117, 3.70, 0.20, 41.58, 
6118, 3.70, 0.20, 41.59, 
6119, 3.70, 0.20, 41.60, 
6120, 3.70, 0.20, 41.60, 
6121, 3.70, 0.20, 41.61, 
6122, 3.70, 0.20, 41.62, 
6123, 3.70, 0.20, 41.62, 
6124, 3.70, 0.20, 41.63, 
6125, 3.70, 0.20, 41.64, 
6126, 3.70, 0.20, 41.64, 
6127, 3.70, 0.20, 41.65, 
6128, 3.70, 0.20, 41.66, 
6129, 3.70, 0.20, 41.67, 
6130, 3.70, 0.20, 41.67, 
6131, 3.70, 0.20, 41.68, 
6132, 3.70, 0.20, 41.69, 
6133, 3.70, 0.20, 41.69, 
6134, 3.70, 0.20, 41.70, 
6135, 3.70, 0.20, 41.71, 
6136, 3.70, 0.20, 41.71, 
6137, 3.70, 0.20, 41.72, 
6138, 3.70, 0.20, 41.73, 
6139, 3.70, 0.20, 41.73, 
6140, 3.70, 0.20, 41.74, 
6141, 3.70, 0.20, 41.75, 
6142, 3.70, 0.20, 41.75, 
6143, 3.70, 0.20, 41.76, 
6144, 3.70, 0.20, 41.77, 
6145, 3.70, 0.20, 41.77, 
6146, 3.70, 0.20, 41.78, 
6147, 3.70, 0.20, 41.79, 
6148, 3.70, 0.20, 41.79, 
6149, 3.70, 0.20, 41.80, 
6150, 3.70, 0.20, 41.81, 
6151, 3.70, 0.20, 41.81, 
6152, 3.70, 0.20, 41.82, 
6153, 3.70, 0.20, 41.83, 
6154, 3.70, 0.20, 41.84, 
6155, 3.70, 0.20, 41.84, 
6156, 3.70, 0.20, 41.85, 
6157, 3.70, 0.20, 41.86, 
6158, 3.70, 0.20, 41.86, 
6159, 3.70, 0.20, 41.87, 
6160, 3.70, 0.20, 41.88, 
6161, 3.70, 0.20, 41.88, 
6162, 3.70, 0.20, 41.89, 
6163, 3.70, 0.20, 41.90, 
6164, 3.70, 0.19, 41.90, 
6165, 3.70, 0.20, 41.91, 
6166, 3.70, 0.20, 41.92, 
6167, 3.70, 0.20, 41.92, 
6168, 3.70, 0.20, 41.93, 
6169, 3.70, 0.20, 41.94, 
6170, 3.70, 0.20, 41.94, 
6171, 3.70, 0.20, 41.95, 
6172, 3.70, 0.20, 41.96, 
6173, 3.70, 0.20, 41.96, 
6174, 3.70, 0.20, 41.97, 
6175, 3.70, 0.20, 41.98, 
6176, 3.70, 0.20, 41.98, 
6177, 3.70, 0.20, 41.99, 
6178, 3.70, 0.20, 42.00, 
6179, 3.70, 0.20, 42.00, 
6180, 3.70, 0.20, 42.01, 
6181, 3.70, 0.20, 42.02, 
6182, 3.70, 0.20, 42.03, 
6183, 3.70, 0.20, 42.03, 
6184, 3.70, 0.20, 42.04, 
6185, 3.70, 0.20, 42.05, 
6186, 3.70, 0.20, 42.05, 
6187, 3.70, 0.20, 42.06, 
6188, 3.70, 0.20, 42.07, 
6189, 3.70, 0.20, 42.07, 
6190, 3.70, 0.20, 42.08, 
6191, 3.70, 0.20, 42.09, 
6192, 3.70, 0.20, 42.09, 
6193, 3.70, 0.20, 42.10, 
6194, 3.70, 0.20, 42.11, 
6195, 3.70, 0.20, 42.11, 
6196, 3.70, 0.20, 42.12, 
6197, 3.70, 0.20, 42.13, 
6198, 3.70, 0.20, 42.13, 
6199, 3.70, 0.20, 42.14, 
6200, 3.70, 0.20, 42.15, 
6201, 3.70, 0.20, 42.15, 
6202, 3.70, 0.20, 42.16, 
6203, 3.70, 0.20, 42.17, 
6204, 3.70, 0.20, 42.17, 
6205, 3.70, 0.20, 42.18, 
6206, 3.70, 0.20, 42.19, 
6207, 3.70, 0.20, 42.20, 
6208, 3.70, 0.20, 42.20, 
6209, 3.70, 0.20, 42.21, 
6210, 3.70, 0.20, 42.22, 
6211, 3.70, 0.20, 42.22, 
6212, 3.70, 0.20, 42.23, 
6213, 3.70, 0.20, 42.24, 
6214, 3.70, 0.20, 42.24, 
6215, 3.70, 0.20, 42.25, 
6216, 3.70, 0.20, 42.26, 
6217, 3.70, 0.20, 42.26, 
6218, 3.70, 0.20, 42.27, 
6219, 3.70, 0.20, 42.28, 
6220, 3.70, 0.20, 42.28, 
6221, 3.70, 0.20, 42.29, 
6222, 3.70, 0.20, 42.30, 
6223, 3.70, 0.20, 42.30, 
6224, 3.70, 0.20, 42.31, 
6225, 3.70, 0.20, 42.32, 
6226, 3.70, 0.20, 42.32, 
6227, 3.70, 0.20, 42.33, 
6228, 3.70, 0.20, 42.34, 
6229, 3.70, 0.20, 42.34, 
6230, 3.70, 0.20, 42.35, 
6231, 3.70, 0.20, 42.36, 
6232, 3.70, 0.20, 42.36, 
6233, 3.70, 0.20, 42.37, 
6234, 3.70, 0.20, 42.38, 
6235, 3.70, 0.20, 42.39, 
6236, 3.71, 0.20, 42.39, 
6237, 3.70, 0.20, 42.40, 
6238, 3.70, 0.20, 42.41, 
6239, 3.70, 0.20, 42.41, 
6240, 3.70, 0.20, 42.42, 
6241, 3.70, 0.20, 42.43, 
6242, 3.70, 0.20, 42.43, 
6243, 3.70, 0.20, 42.44, 
6244, 3.70, 0.20, 42.45, 
6245, 3.70, 0.20, 42.45, 
6246, 3.70, 0.20, 42.46, 
6247, 3.70, 0.20, 42.47, 
6248, 3.70, 0.20, 42.47, 
6249, 3.70, 0.20, 42.48, 
6250, 3.70, 0.20, 42.49, 
6251, 3.70, 0.20, 42.49, 
6252, 3.70, 0.20, 42.50, 
6253, 3.70, 0.20, 42.51, 
6254, 3.70, 0.20, 42.51, 
6255, 3.70, 0.20, 42.52, 
6256, 3.70, 0.20, 42.53, 
6257, 3.70, 0.20, 42.53, 
6258, 3.70, 0.20, 42.54, 
6259, 3.70, 0.20, 42.55, 
6260, 3.70, 0.20, 42.56, 
6261, 3.70, 0.20, 42.56, 
6262, 3.70, 0.20, 42.57, 
6263, 3.70, 0.20, 42.58, 
6264, 3.70, 0.20, 42.58, 
6265, 3.70, 0.20, 42.59, 
6266, 3.70, 0.20, 42.60, 
6267, 3.70, 0.20, 42.60, 
6268, 3.70, 0.20, 42.61, 
6269, 3.70, 0.20, 42.62, 
6270, 3.70, 0.20, 42.62, 
6271, 3.70, 0.20, 42.63, 
6272, 3.70, 0.20, 42.64, 
6273, 3.70, 0.20, 42.64, 
6274, 3.71, 0.20, 42.65, 
6275, 3.70, 0.20, 42.66, 
6276, 3.70, 0.20, 42.66, 
6277, 3.70, 0.20, 42.67, 
6278, 3.70, 0.20, 42.68, 
6279, 3.70, 0.20, 42.68, 
6280, 3.70, 0.20, 42.69, 
6281, 3.70, 0.20, 42.70, 
6282, 3.70, 0.20, 42.70, 
6283, 3.70, 0.20, 42.71, 
6284, 3.70, 0.20, 42.72, 
6285, 3.70, 0.20, 42.72, 
6286, 3.70, 0.20, 42.73, 
6287, 3.70, 0.20, 42.74, 
6288, 3.70, 0.20, 42.75, 
6289, 3.70, 0.20, 42.75, 
6290, 3.70, 0.20, 42.76, 
6291, 3.70, 0.20, 42.77, 
6292, 3.70, 0.20, 42.77, 
6293, 3.70, 0.20, 42.78, 
6294, 3.71, 0.20, 42.79, 
6295, 3.71, 0.20, 42.79, 
6296, 3.70, 0.20, 42.80, 
6297, 3.70, 0.20, 42.81, 
6298, 3.70, 0.20, 42.81, 
6299, 3.70, 0.20, 42.82, 
6300, 3.70, 0.20, 42.83, 
6301, 3.71, 0.20, 42.83, 
6302, 3.71, 0.20, 42.84, 
6303, 3.71, 0.20, 42.85, 
6304, 3.70, 0.20, 42.85, 
6305, 3.70, 0.20, 42.86, 
6306, 3.71, 0.20, 42.87, 
6307, 3.70, 0.20, 42.87, 
6308, 3.70, 0.20, 42.88, 
6309, 3.70, 0.20, 42.89, 
6310, 3.70, 0.20, 42.89, 
6311, 3.70, 0.20, 42.90, 
6312, 3.71, 0.20, 42.91, 
6313, 3.70, 0.20, 42.92, 
6314, 3.70, 0.20, 42.92, 
6315, 3.70, 0.20, 42.93, 
6316, 3.70, 0.20, 42.94, 
6317, 3.70, 0.20, 42.94, 
6318, 3.70, 0.20, 42.95, 
6319, 3.71, 0.20, 42.96, 
6320, 3.70, 0.20, 42.96, 
6321, 3.71, 0.20, 42.97, 
6322, 3.71, 0.20, 42.98, 
6323, 3.70, 0.20, 42.98, 
6324, 3.71, 0.20, 42.99, 
6325, 3.70, 0.20, 43.00, 
6326, 3.70, 0.20, 43.00, 
6327, 3.71, 0.20, 43.01, 
6328, 3.71, 0.20, 43.02, 
6329, 3.70, 0.20, 43.02, 
6330, 3.71, 0.20, 43.03, 
6331, 3.70, 0.20, 43.04, 
6332, 3.71, 0.20, 43.04, 
6333, 3.71, 0.20, 43.05, 
6334, 3.70, 0.20, 43.06, 
6335, 3.71, 0.20, 43.06, 
6336, 3.71, 0.20, 43.07, 
6337, 3.71, 0.20, 43.08, 
6338, 3.71, 0.20, 43.08, 
6339, 3.71, 0.20, 43.09, 
6340, 3.70, 0.20, 43.10, 
6341, 3.71, 0.20, 43.11, 
6342, 3.70, 0.20, 43.11, 
6343, 3.71, 0.20, 43.12, 
6344, 3.71, 0.20, 43.13, 
6345, 3.70, 0.20, 43.13, 
6346, 3.71, 0.20, 43.14, 
6347, 3.71, 0.20, 43.15, 
6348, 3.71, 0.20, 43.15, 
6349, 3.71, 0.20, 43.16, 
6350, 3.71, 0.20, 43.17, 
6351, 3.71, 0.20, 43.17, 
6352, 3.70, 0.20, 43.18, 
6353, 3.71, 0.20, 43.19, 
6354, 3.71, 0.20, 43.19, 
6355, 3.71, 0.20, 43.20, 
6356, 3.71, 0.20, 43.21, 
6357, 3.70, 0.20, 43.21, 
6358, 3.71, 0.20, 43.22, 
6359, 3.71, 0.20, 43.23, 
6360, 3.71, 0.20, 43.23, 
6361, 3.71, 0.20, 43.24, 
6362, 3.70, 0.20, 43.25, 
6363, 3.71, 0.20, 43.25, 
6364, 3.71, 0.20, 43.26, 
6365, 3.71, 0.20, 43.27, 
6366, 3.71, 0.20, 43.28, 
6367, 3.71, 0.20, 43.28, 
6368, 3.71, 0.20, 43.29, 
6369, 3.71, 0.20, 43.30, 
6370, 3.71, 0.20, 43.30, 
6371, 3.71, 0.20, 43.31, 
6372, 3.71, 0.20, 43.32, 
6373, 3.71, 0.20, 43.32, 
6374, 3.71, 0.20, 43.33, 
6375, 3.71, 0.20, 43.34, 
6376, 3.71, 0.20, 43.34, 
6377, 3.71, 0.20, 43.35, 
6378, 3.71, 0.20, 43.36, 
6379, 3.71, 0.20, 43.36, 
6380, 3.71, 0.20, 43.37, 
6381, 3.71, 0.20, 43.38, 
6382, 3.71, 0.20, 43.38, 
6383, 3.71, 0.20, 43.39, 
6384, 3.71, 0.20, 43.40, 
6385, 3.71, 0.20, 43.40, 
6386, 3.71, 0.20, 43.41, 
6387, 3.71, 0.20, 43.42, 
6388, 3.71, 0.20, 43.42, 
6389, 3.71, 0.20, 43.43, 
6390, 3.71, 0.20, 43.44, 
6391, 3.71, 0.20, 43.44, 
6392, 3.71, 0.20, 43.45, 
6393, 3.71, 0.20, 43.46, 
6394, 3.71, 0.20, 43.47, 
6395, 3.71, 0.20, 43.47, 
6396, 3.71, 0.20, 43.48, 
6397, 3.71, 0.20, 43.49, 
6398, 3.71, 0.20, 43.49, 
6399, 3.71, 0.20, 43.50, 
6400, 3.71, 0.20, 43.51, 
6401, 3.71, 0.20, 43.51, 
6402, 3.71, 0.20, 43.52, 
6403, 3.71, 0.20, 43.53, 
6404, 3.71, 0.20, 43.53, 
6405, 3.71, 0.20, 43.54, 
6406, 3.71, 0.20, 43.55, 
6407, 3.71, 0.20, 43.55, 
6408, 3.71, 0.20, 43.56, 
6409, 3.71, 0.20, 43.57, 
6410, 3.71, 0.20, 43.57, 
6411, 3.71, 0.20, 43.58, 
6412, 3.71, 0.20, 43.59, 
6413, 3.71, 0.20, 43.59, 
6414, 3.71, 0.20, 43.60, 
6415, 3.71, 0.20, 43.61, 
6416, 3.71, 0.20, 43.61, 
6417, 3.71, 0.20, 43.62, 
6418, 3.71, 0.20, 43.63, 
6419, 3.71, 0.20, 43.64, 
6420, 3.71, 0.20, 43.64, 
6421, 3.71, 0.20, 43.65, 
6422, 3.71, 0.20, 43.66, 
6423, 3.71, 0.20, 43.66, 
6424, 3.71, 0.20, 43.67, 
6425, 3.71, 0.20, 43.68, 
6426, 3.71, 0.20, 43.68, 
6427, 3.71, 0.20, 43.69, 
6428, 3.71, 0.20, 43.70, 
6429, 3.71, 0.20, 43.70, 
6430, 3.71, 0.20, 43.71, 
6431, 3.71, 0.20, 43.72, 
6432, 3.71, 0.20, 43.72, 
6433, 3.71, 0.20, 43.73, 
6434, 3.71, 0.20, 43.74, 
6435, 3.71, 0.20, 43.74, 
6436, 3.71, 0.20, 43.75, 
6437, 3.71, 0.20, 43.76, 
6438, 3.71, 0.20, 43.76, 
6439, 3.71, 0.20, 43.77, 
6440, 3.71, 0.20, 43.78, 
6441, 3.71, 0.20, 43.78, 
6442, 3.72, 0.20, 43.79, 
6443, 3.71, 0.20, 43.80, 
6444, 3.71, 0.20, 43.80, 
6445, 3.71, 0.20, 43.81, 
6446, 3.71, 0.20, 43.82, 
6447, 3.71, 0.20, 43.83, 
6448, 3.71, 0.20, 43.83, 
6449, 3.71, 0.20, 43.84, 
6450, 3.71, 0.20, 43.85, 
6451, 3.71, 0.20, 43.85, 
6452, 3.71, 0.20, 43.86, 
6453, 3.71, 0.20, 43.87, 
6454, 3.71, 0.20, 43.87, 
6455, 3.72, 0.20, 43.88, 
6456, 3.71, 0.20, 43.89, 
6457, 3.71, 0.20, 43.89, 
6458, 3.71, 0.20, 43.90, 
6459, 3.71, 0.20, 43.91, 
6460, 3.72, 0.20, 43.91, 
6461, 3.71, 0.20, 43.92, 
6462, 3.71, 0.20, 43.93, 
6463, 3.71, 0.20, 43.93, 
6464, 3.72, 0.20, 43.94, 
6465, 3.72, 0.20, 43.95, 
6466, 3.71, 0.20, 43.95, 
6467, 3.72, 0.20, 43.96, 
6468, 3.72, 0.20, 43.97, 
6469, 3.71, 0.20, 43.97, 
6470, 3.71, 0.20, 43.98, 
6471, 3.71, 0.20, 43.99, 
6472, 3.71, 0.20, 44.00, 
6473, 3.71, 0.20, 44.00, 
6474, 3.71, 0.20, 44.01, 
6475, 3.71, 0.20, 44.02, 
6476, 3.72, 0.20, 44.02, 
6477, 3.71, 0.20, 44.03, 
6478, 3.72, 0.20, 44.04, 
6479, 3.71, 0.20, 44.04, 
6480, 3.71, 0.20, 44.05, 
6481, 3.71, 0.20, 44.06, 
6482, 3.71, 0.20, 44.06, 
6483, 3.71, 0.20, 44.07, 
6484, 3.72, 0.20, 44.08, 
6485, 3.71, 0.20, 44.08, 
6486, 3.71, 0.20, 44.09, 
6487, 3.71, 0.20, 44.10, 
6488, 3.72, 0.20, 44.10, 
6489, 3.71, 0.20, 44.11, 
6490, 3.71, 0.20, 44.12, 
6491, 3.72, 0.20, 44.12, 
6492, 3.71, 0.20, 44.13, 
6493, 3.72, 0.20, 44.14, 
6494, 3.71, 0.20, 44.14, 
6495, 3.71, 0.20, 44.15, 
6496, 3.71, 0.20, 44.16, 
6497, 3.71, 0.20, 44.16, 
6498, 3.72, 0.20, 44.17, 
6499, 3.71, 0.20, 44.18, 
6500, 3.72, 0.20, 44.19, 
6501, 3.71, 0.20, 44.19, 
6502, 3.72, 0.20, 44.20, 
6503, 3.72, 0.20, 44.21, 
6504, 3.71, 0.20, 44.21, 
6505, 3.71, 0.20, 44.22, 
6506, 3.71, 0.20, 44.23, 
6507, 3.71, 0.20, 44.23, 
6508, 3.71, 0.20, 44.24, 
6509, 3.71, 0.20, 44.25, 
6510, 3.71, 0.20, 44.25, 
6511, 3.72, 0.20, 44.26, 
6512, 3.71, 0.20, 44.27, 
6513, 3.71, 0.20, 44.27, 
6514, 3.72, 0.20, 44.28, 
6515, 3.72, 0.20, 44.29, 
6516, 3.72, 0.20, 44.29, 
6517, 3.72, 0.20, 44.30, 
6518, 3.72, 0.20, 44.31, 
6519, 3.72, 0.20, 44.31, 
6520, 3.71, 0.20, 44.32, 
6521, 3.71, 0.20, 44.33, 
6522, 3.72, 0.20, 44.33, 
6523, 3.72, 0.20, 44.34, 
6524, 3.72, 0.20, 44.35, 
6525, 3.72, 0.20, 44.35, 
6526, 3.72, 0.20, 44.36, 
6527, 3.72, 0.20, 44.37, 
6528, 3.72, 0.20, 44.38, 
6529, 3.72, 0.20, 44.38, 
6530, 3.72, 0.20, 44.39, 
6531, 3.72, 0.20, 44.40, 
6532, 3.72, 0.20, 44.40, 
6533, 3.72, 0.20, 44.41, 
6534, 3.72, 0.20, 44.42, 
6535, 3.72, 0.20, 44.42, 
6536, 3.72, 0.20, 44.43, 
6537, 3.72, 0.20, 44.44, 
6538, 3.72, 0.20, 44.44, 
6539, 3.72, 0.20, 44.45, 
6540, 3.72, 0.20, 44.46, 
6541, 3.72, 0.20, 44.46, 
6542, 3.72, 0.20, 44.47, 
6543, 3.72, 0.20, 44.48, 
6544, 3.72, 0.20, 44.48, 
6545, 3.72, 0.20, 44.49, 
6546, 3.72, 0.20, 44.50, 
6547, 3.72, 0.20, 44.50, 
6548, 3.72, 0.20, 44.51, 
6549, 3.71, 0.20, 44.52, 
6550, 3.72, 0.20, 44.52, 
6551, 3.72, 0.20, 44.53, 
6552, 3.72, 0.20, 44.54, 
6553, 3.72, 0.20, 44.55, 
6554, 3.72, 0.20, 44.55, 
6555, 3.72, 0.20, 44.56, 
6556, 3.72, 0.20, 44.57, 
6557, 3.72, 0.20, 44.57, 
6558, 3.72, 0.20, 44.58, 
6559, 3.72, 0.20, 44.59, 
6560, 3.72, 0.20, 44.59, 
6561, 3.72, 0.20, 44.60, 
6562, 3.72, 0.20, 44.61, 
6563, 3.72, 0.20, 44.61, 
6564, 3.72, 0.20, 44.62, 
6565, 3.72, 0.20, 44.63, 
6566, 3.72, 0.20, 44.63, 
6567, 3.72, 0.20, 44.64, 
6568, 3.72, 0.20, 44.65, 
6569, 3.72, 0.20, 44.65, 
6570, 3.72, 0.20, 44.66, 
6571, 3.72, 0.20, 44.67, 
6572, 3.72, 0.20, 44.67, 
6573, 3.72, 0.20, 44.68, 
6574, 3.72, 0.20, 44.69, 
6575, 3.72, 0.20, 44.69, 
6576, 3.72, 0.20, 44.70, 
6577, 3.72, 0.20, 44.71, 
6578, 3.72, 0.20, 44.71, 
6579, 3.72, 0.20, 44.72, 
6580, 3.72, 0.20, 44.73, 
6581, 3.72, 0.20, 44.74, 
6582, 3.72, 0.20, 44.74, 
6583, 3.72, 0.20, 44.75, 
6584, 3.72, 0.20, 44.76, 
6585, 3.72, 0.20, 44.76, 
6586, 3.72, 0.20, 44.77, 
6587, 3.72, 0.20, 44.78, 
6588, 3.72, 0.20, 44.78, 
6589, 3.72, 0.20, 44.79, 
6590, 3.72, 0.20, 44.80, 
6591, 3.72, 0.20, 44.80, 
6592, 3.72, 0.20, 44.81, 
6593, 3.72, 0.20, 44.82, 
6594, 3.72, 0.20, 44.82, 
6595, 3.72, 0.20, 44.83, 
6596, 3.72, 0.20, 44.84, 
6597, 3.72, 0.20, 44.84, 
6598, 3.72, 0.20, 44.85, 
6599, 3.72, 0.20, 44.86, 
6600, 3.72, 0.20, 44.86, 
6601, 3.72, 0.20, 44.87, 
6602, 3.72, 0.20, 44.88, 
6603, 3.72, 0.20, 44.88, 
6604, 3.72, 0.20, 44.89, 
6605, 3.72, 0.20, 44.90, 
6606, 3.72, 0.20, 44.91, 
6607, 3.72, 0.20, 44.91, 
6608, 3.72, 0.20, 44.92, 
6609, 3.72, 0.20, 44.93, 
6610, 3.72, 0.20, 44.93, 
6611, 3.72, 0.20, 44.94, 
6612, 3.72, 0.20, 44.95, 
6613, 3.72, 0.20, 44.95, 
6614, 3.72, 0.20, 44.96, 
6615, 3.72, 0.20, 44.97, 
6616, 3.72, 0.20, 44.97, 
6617, 3.72, 0.20, 44.98, 
6618, 3.72, 0.20, 44.99, 
6619, 3.72, 0.20, 44.99, 
6620, 3.72, 0.20, 45.00, 
6621, 3.72, 0.20, 45.01, 
6622, 3.72, 0.20, 45.01, 
6623, 3.72, 0.20, 45.02, 
6624, 3.72, 0.20, 45.03, 
6625, 3.72, 0.20, 45.03, 
6626, 3.72, 0.20, 45.04, 
6627, 3.72, 0.20, 45.05, 
6628, 3.72, 0.20, 45.05, 
6629, 3.72, 0.20, 45.06, 
6630, 3.72, 0.20, 45.07, 
6631, 3.72, 0.20, 45.07, 
6632, 3.72, 0.20, 45.08, 
6633, 3.72, 0.20, 45.09, 
6634, 3.72, 0.20, 45.10, 
6635, 3.72, 0.20, 45.10, 
6636, 3.72, 0.20, 45.11, 
6637, 3.72, 0.20, 45.12, 
6638, 3.72, 0.20, 45.12, 
6639, 3.72, 0.20, 45.13, 
6640, 3.72, 0.20, 45.14, 
6641, 3.72, 0.20, 45.14, 
6642, 3.72, 0.20, 45.15, 
6643, 3.72, 0.20, 45.16, 
6644, 3.72, 0.20, 45.16, 
6645, 3.72, 0.20, 45.17, 
6646, 3.72, 0.20, 45.18, 
6647, 3.72, 0.20, 45.18, 
6648, 3.72, 0.20, 45.19, 
6649, 3.72, 0.20, 45.20, 
6650, 3.72, 0.20, 45.20, 
6651, 3.72, 0.20, 45.21, 
6652, 3.72, 0.20, 45.22, 
6653, 3.72, 0.20, 45.22, 
6654, 3.72, 0.20, 45.23, 
6655, 3.72, 0.20, 45.24, 
6656, 3.72, 0.20, 45.24, 
6657, 3.72, 0.20, 45.25, 
6658, 3.72, 0.20, 45.26, 
6659, 3.72, 0.20, 45.27, 
6660, 3.72, 0.20, 45.27, 
6661, 3.72, 0.20, 45.28, 
6662, 3.72, 0.20, 45.29, 
6663, 3.72, 0.20, 45.29, 
6664, 3.72, 0.20, 45.30, 
6665, 3.72, 0.20, 45.31, 
6666, 3.72, 0.20, 45.31, 
6667, 3.72, 0.20, 45.32, 
6668, 3.72, 0.20, 45.33, 
6669, 3.72, 0.20, 45.33, 
6670, 3.72, 0.20, 45.34, 
6671, 3.72, 0.20, 45.35, 
6672, 3.72, 0.20, 45.35, 
6673, 3.72, 0.20, 45.36, 
6674, 3.72, 0.20, 45.37, 
6675, 3.72, 0.20, 45.37, 
6676, 3.72, 0.20, 45.38, 
6677, 3.72, 0.20, 45.39, 
6678, 3.72, 0.20, 45.39, 
6679, 3.72, 0.20, 45.40, 
6680, 3.72, 0.20, 45.41, 
6681, 3.72, 0.20, 45.41, 
6682, 3.72, 0.20, 45.42, 
6683, 3.72, 0.20, 45.43, 
6684, 3.72, 0.20, 45.43, 
6685, 3.72, 0.20, 45.44, 
6686, 3.72, 0.20, 45.45, 
6687, 3.72, 0.20, 45.46, 
6688, 3.72, 0.20, 45.46, 
6689, 3.72, 0.20, 45.47, 
6690, 3.72, 0.20, 45.48, 
6691, 3.72, 0.20, 45.48, 
6692, 3.72, 0.20, 45.49, 
6693, 3.72, 0.20, 45.50, 
6694, 3.72, 0.20, 45.50, 
6695, 3.72, 0.20, 45.51, 
6696, 3.72, 0.20, 45.52, 
6697, 3.72, 0.20, 45.52, 
6698, 3.72, 0.20, 45.53, 
6699, 3.72, 0.20, 45.54, 
6700, 3.72, 0.20, 45.54, 
6701, 3.72, 0.20, 45.55, 
6702, 3.72, 0.20, 45.56, 
6703, 3.72, 0.20, 45.56, 
6704, 3.72, 0.20, 45.57, 
6705, 3.72, 0.20, 45.58, 
6706, 3.72, 0.20, 45.58, 
6707, 3.72, 0.20, 45.59, 
6708, 3.73, 0.20, 45.60, 
6709, 3.72, 0.20, 45.60, 
6710, 3.72, 0.20, 45.61, 
6711, 3.72, 0.20, 45.62, 
6712, 3.72, 0.20, 45.63, 
6713, 3.72, 0.20, 45.63, 
6714, 3.72, 0.20, 45.64, 
6715, 3.73, 0.20, 45.65, 
6716, 3.72, 0.20, 45.65, 
6717, 3.72, 0.20, 45.66, 
6718, 3.72, 0.20, 45.67, 
6719, 3.72, 0.20, 45.67, 
6720, 3.72, 0.20, 45.68, 
6721, 3.72, 0.20, 45.69, 
6722, 3.73, 0.20, 45.69, 
6723, 3.72, 0.20, 45.70, 
6724, 3.72, 0.20, 45.71, 
6725, 3.72, 0.20, 45.71, 
6726, 3.72, 0.20, 45.72, 
6727, 3.73, 0.20, 45.73, 
6728, 3.73, 0.20, 45.73, 
6729, 3.72, 0.20, 45.74, 
6730, 3.73, 0.20, 45.75, 
6731, 3.72, 0.20, 45.75, 
6732, 3.72, 0.20, 45.76, 
6733, 3.73, 0.20, 45.77, 
6734, 3.73, 0.20, 45.77, 
6735, 3.72, 0.20, 45.78, 
6736, 3.72, 0.20, 45.79, 
6737, 3.72, 0.20, 45.79, 
6738, 3.72, 0.20, 45.80, 
6739, 3.72, 0.20, 45.81, 
6740, 3.72, 0.20, 45.82, 
6741, 3.73, 0.20, 45.82, 
6742, 3.72, 0.20, 45.83, 
6743, 3.72, 0.20, 45.84, 
6744, 3.73, 0.20, 45.84, 
6745, 3.72, 0.20, 45.85, 
6746, 3.73, 0.20, 45.86, 
6747, 3.72, 0.20, 45.86, 
6748, 3.73, 0.20, 45.87, 
6749, 3.72, 0.20, 45.88, 
6750, 3.72, 0.20, 45.88, 
6751, 3.73, 0.20, 45.89, 
6752, 3.73, 0.20, 45.90, 
6753, 3.73, 0.20, 45.90, 
6754, 3.72, 0.20, 45.91, 
6755, 3.72, 0.20, 45.92, 
6756, 3.73, 0.20, 45.92, 
6757, 3.73, 0.20, 45.93, 
6758, 3.72, 0.20, 45.94, 
6759, 3.73, 0.20, 45.94, 
6760, 3.73, 0.20, 45.95, 
6761, 3.73, 0.20, 45.96, 
6762, 3.73, 0.20, 45.96, 
6763, 3.72, 0.20, 45.97, 
6764, 3.72, 0.20, 45.98, 
6765, 3.73, 0.20, 45.98, 
6766, 3.73, 0.20, 45.99, 
6767, 3.73, 0.20, 46.00, 
6768, 3.73, 0.20, 46.01, 
6769, 3.73, 0.20, 46.01, 
6770, 3.73, 0.20, 46.02, 
6771, 3.73, 0.20, 46.03, 
6772, 3.73, 0.20, 46.03, 
6773, 3.73, 0.20, 46.04, 
6774, 3.73, 0.20, 46.05, 
6775, 3.73, 0.20, 46.05, 
6776, 3.73, 0.20, 46.06, 
6777, 3.72, 0.20, 46.07, 
6778, 3.73, 0.20, 46.07, 
6779, 3.73, 0.20, 46.08, 
6780, 3.73, 0.20, 46.09, 
6781, 3.73, 0.20, 46.09, 
6782, 3.73, 0.20, 46.10, 
6783, 3.73, 0.20, 46.11, 
6784, 3.73, 0.20, 46.11, 
6785, 3.73, 0.20, 46.12, 
6786, 3.73, 0.20, 46.13, 
6787, 3.73, 0.20, 46.13, 
6788, 3.72, 0.20, 46.14, 
6789, 3.73, 0.20, 46.15, 
6790, 3.73, 0.20, 46.15, 
6791, 3.73, 0.20, 46.16, 
6792, 3.73, 0.20, 46.17, 
6793, 3.73, 0.20, 46.18, 
6794, 3.73, 0.20, 46.18, 
6795, 3.73, 0.20, 46.19, 
6796, 3.73, 0.20, 46.20, 
6797, 3.73, 0.20, 46.20, 
6798, 3.73, 0.20, 46.21, 
6799, 3.73, 0.20, 46.22, 
6800, 3.73, 0.20, 46.22, 
6801, 3.73, 0.20, 46.23, 
6802, 3.73, 0.20, 46.24, 
6803, 3.73, 0.20, 46.24, 
6804, 3.73, 0.20, 46.25, 
6805, 3.73, 0.20, 46.26, 
6806, 3.73, 0.20, 46.26, 
6807, 3.73, 0.20, 46.27, 
6808, 3.73, 0.20, 46.28, 
6809, 3.73, 0.20, 46.28, 
6810, 3.73, 0.20, 46.29, 
6811, 3.73, 0.20, 46.30, 
6812, 3.73, 0.20, 46.30, 
6813, 3.73, 0.20, 46.31, 
6814, 3.73, 0.20, 46.32, 
6815, 3.73, 0.20, 46.32, 
6816, 3.73, 0.20, 46.33, 
6817, 3.73, 0.20, 46.34, 
6818, 3.73, 0.20, 46.34, 
6819, 3.73, 0.20, 46.35, 
6820, 3.73, 0.20, 46.36, 
6821, 3.73, 0.20, 46.37, 
6822, 3.73, 0.20, 46.37, 
6823, 3.73, 0.20, 46.38, 
6824, 3.73, 0.20, 46.39, 
6825, 3.73, 0.20, 46.39, 
6826, 3.73, 0.20, 46.40, 
6827, 3.73, 0.20, 46.41, 
6828, 3.73, 0.20, 46.41, 
6829, 3.73, 0.20, 46.42, 
6830, 3.73, 0.20, 46.43, 
6831, 3.73, 0.20, 46.43, 
6832, 3.73, 0.20, 46.44, 
6833, 3.73, 0.20, 46.45, 
6834, 3.73, 0.20, 46.45, 
6835, 3.73, 0.20, 46.46, 
6836, 3.73, 0.20, 46.47, 
6837, 3.73, 0.20, 46.47, 
6838, 3.74, 0.20, 46.48, 
6839, 3.73, 0.20, 46.49, 
6840, 3.73, 0.20, 46.49, 
6841, 3.73, 0.20, 46.50, 
6842, 3.73, 0.20, 46.51, 
6843, 3.73, 0.20, 46.51, 
6844, 3.73, 0.20, 46.52, 
6845, 3.73, 0.20, 46.53, 
6846, 3.73, 0.20, 46.54, 
6847, 3.73, 0.20, 46.54, 
6848, 3.73, 0.20, 46.55, 
6849, 3.73, 0.20, 46.56, 
6850, 3.73, 0.20, 46.56, 
6851, 3.73, 0.20, 46.57, 
6852, 3.73, 0.20, 46.58, 
6853, 3.73, 0.20, 46.58, 
6854, 3.73, 0.20, 46.59, 
6855, 3.73, 0.20, 46.60, 
6856, 3.73, 0.20, 46.60, 
6857, 3.73, 0.20, 46.61, 
6858, 3.73, 0.20, 46.62, 
6859, 3.73, 0.20, 46.62, 
6860, 3.74, 0.20, 46.63, 
6861, 3.73, 0.20, 46.64, 
6862, 3.73, 0.20, 46.64, 
6863, 3.73, 0.20, 46.65, 
6864, 3.73, 0.20, 46.66, 
6865, 3.73, 0.20, 46.66, 
6866, 3.73, 0.20, 46.67, 
6867, 3.73, 0.20, 46.68, 
6868, 3.73, 0.20, 46.68, 
6869, 3.73, 0.19, 46.69, 
6870, 3.73, 0.20, 46.70, 
6871, 3.73, 0.20, 46.70, 
6872, 3.73, 0.20, 46.71, 
6873, 3.73, 0.20, 46.72, 
6874, 3.73, 0.20, 46.73, 
6875, 3.73, 0.20, 46.73, 
6876, 3.73, 0.20, 46.74, 
6877, 3.73, 0.20, 46.75, 
6878, 3.73, 0.20, 46.75, 
6879, 3.74, 0.20, 46.76, 
6880, 3.73, 0.20, 46.77, 
6881, 3.74, 0.20, 46.77, 
6882, 3.73, 0.20, 46.78, 
6883, 3.73, 0.20, 46.79, 
6884, 3.73, 0.20, 46.79, 
6885, 3.73, 0.20, 46.80, 
6886, 3.73, 0.20, 46.81, 
6887, 3.73, 0.20, 46.81, 
6888, 3.73, 0.20, 46.82, 
6889, 3.73, 0.20, 46.83, 
6890, 3.73, 0.20, 46.83, 
6891, 3.74, 0.20, 46.84, 
6892, 3.74, 0.20, 46.85, 
6893, 3.73, 0.20, 46.85, 
6894, 3.74, 0.20, 46.86, 
6895, 3.73, 0.20, 46.87, 
6896, 3.73, 0.20, 46.87, 
6897, 3.73, 0.20, 46.88, 
6898, 3.74, 0.20, 46.89, 
6899, 3.73, 0.20, 46.89, 
6900, 3.73, 0.20, 46.90, 
6901, 3.73, 0.20, 46.91, 
6902, 3.74, 0.20, 46.92, 
6903, 3.74, 0.20, 46.92, 
6904, 3.74, 0.20, 46.93, 
6905, 3.73, 0.20, 46.94, 
6906, 3.74, 0.20, 46.94, 
6907, 3.73, 0.20, 46.95, 
6908, 3.73, 0.20, 46.96, 
6909, 3.73, 0.20, 46.96, 
6910, 3.73, 0.20, 46.97, 
6911, 3.74, 0.20, 46.98, 
6912, 3.73, 0.20, 46.98, 
6913, 3.74, 0.20, 46.99, 
6914, 3.73, 0.20, 47.00, 
6915, 3.74, 0.20, 47.00, 
6916, 3.74, 0.20, 47.01, 
6917, 3.74, 0.20, 47.02, 
6918, 3.74, 0.20, 47.02, 
6919, 3.74, 0.20, 47.03, 
6920, 3.74, 0.20, 47.04, 
6921, 3.73, 0.20, 47.04, 
6922, 3.74, 0.20, 47.05, 
6923, 3.74, 0.20, 47.06, 
6924, 3.74, 0.20, 47.06, 
6925, 3.74, 0.20, 47.07, 
6926, 3.74, 0.20, 47.08, 
6927, 3.74, 0.20, 47.09, 
6928, 3.74, 0.20, 47.09, 
6929, 3.73, 0.20, 47.10, 
6930, 3.74, 0.20, 47.11, 
6931, 3.73, 0.20, 47.11, 
6932, 3.73, 0.20, 47.12, 
6933, 3.74, 0.20, 47.13, 
6934, 3.74, 0.20, 47.13, 
6935, 3.74, 0.20, 47.14, 
6936, 3.73, 0.20, 47.15, 
6937, 3.73, 0.20, 47.15, 
6938, 3.74, 0.20, 47.16, 
6939, 3.74, 0.20, 47.17, 
6940, 3.74, 0.20, 47.17, 
6941, 3.74, 0.20, 47.18, 
6942, 3.74, 0.20, 47.19, 
6943, 3.74, 0.20, 47.19, 
6944, 3.74, 0.20, 47.20, 
6945, 3.74, 0.20, 47.21, 
6946, 3.74, 0.20, 47.21, 
6947, 3.74, 0.20, 47.22, 
6948, 3.74, 0.20, 47.23, 
6949, 3.74, 0.20, 47.23, 
6950, 3.74, 0.20, 47.24, 
6951, 3.74, 0.20, 47.25, 
6952, 3.74, 0.20, 47.25, 
6953, 3.74, 0.20, 47.26, 
6954, 3.74, 0.20, 47.27, 
6955, 3.74, 0.20, 47.28, 
6956, 3.74, 0.20, 47.28, 
6957, 3.74, 0.20, 47.29, 
6958, 3.74, 0.20, 47.30, 
6959, 3.74, 0.20, 47.30, 
6960, 3.74, 0.20, 47.31, 
6961, 3.74, 0.20, 47.32, 
6962, 3.74, 0.20, 47.32, 
6963, 3.74, 0.20, 47.33, 
6964, 3.74, 0.20, 47.34, 
6965, 3.74, 0.20, 47.34, 
6966, 3.74, 0.20, 47.35, 
6967, 3.74, 0.20, 47.36, 
6968, 3.74, 0.20, 47.36, 
6969, 3.74, 0.20, 47.37, 
6970, 3.74, 0.20, 47.38, 
6971, 3.74, 0.20, 47.38, 
6972, 3.74, 0.20, 47.39, 
6973, 3.74, 0.20, 47.40, 
6974, 3.74, 0.20, 47.40, 
6975, 3.74, 0.20, 47.41, 
6976, 3.73, 0.20, 47.42, 
6977, 3.74, 0.20, 47.42, 
6978, 3.74, 0.20, 47.43, 
6979, 3.74, 0.20, 47.44, 
6980, 3.74, 0.20, 47.44, 
6981, 3.74, 0.20, 47.45, 
6982, 3.74, 0.20, 47.46, 
6983, 3.74, 0.20, 47.47, 
6984, 3.74, 0.20, 47.47, 
6985, 3.74, 0.20, 47.48, 
6986, 3.74, 0.20, 47.49, 
6987, 3.74, 0.20, 47.49, 
6988, 3.74, 0.20, 47.50, 
6989, 3.74, 0.20, 47.51, 
6990, 3.74, 0.20, 47.51, 
6991, 3.74, 0.20, 47.52, 
6992, 3.74, 0.20, 47.53, 
6993, 3.74, 0.20, 47.53, 
6994, 3.74, 0.20, 47.54, 
6995, 3.74, 0.20, 47.55, 
6996, 3.74, 0.20, 47.55, 
6997, 3.74, 0.20, 47.56, 
6998, 3.74, 0.20, 47.57, 
6999, 3.74, 0.20, 47.57, 
7000, 3.74, 0.20, 47.58, 
7001, 3.74, 0.20, 47.59, 
7002, 3.74, 0.20, 47.59, 
7003, 3.74, 0.20, 47.60, 
7004, 3.74, 0.20, 47.61, 
7005, 3.74, 0.20, 47.61, 
7006, 3.74, 0.20, 47.62, 
7007, 3.74, 0.20, 47.63, 
7008, 3.74, 0.20, 47.64, 
7009, 3.74, 0.20, 47.64, 
7010, 3.74, 0.20, 47.65, 
7011, 3.74, 0.20, 47.66, 
7012, 3.74, 0.20, 47.66, 
7013, 3.74, 0.20, 47.67, 
7014, 3.74, 0.20, 47.68, 
7015, 3.74, 0.20, 47.68, 
7016, 3.74, 0.20, 47.69, 
7017, 3.74, 0.20, 47.70, 
7018, 3.74, 0.20, 47.70, 
7019, 3.74, 0.20, 47.71, 
7020, 3.74, 0.20, 47.72, 
7021, 3.74, 0.20, 47.72, 
7022, 3.74, 0.20, 47.73, 
7023, 3.74, 0.20, 47.74, 
7024, 3.74, 0.20, 47.74, 
7025, 3.74, 0.20, 47.75, 
7026, 3.74, 0.20, 47.76, 
7027, 3.74, 0.20, 47.76, 
7028, 3.74, 0.20, 47.77, 
7029, 3.74, 0.20, 47.78, 
7030, 3.74, 0.20, 47.78, 
7031, 3.74, 0.20, 47.79, 
7032, 3.74, 0.20, 47.80, 
7033, 3.74, 0.20, 47.80, 
7034, 3.74, 0.20, 47.81, 
7035, 3.74, 0.20, 47.82, 
7036, 3.74, 0.20, 47.83, 
7037, 3.74, 0.20, 47.83, 
7038, 3.74, 0.20, 47.84, 
7039, 3.74, 0.20, 47.85, 
7040, 3.74, 0.20, 47.85, 
7041, 3.74, 0.20, 47.86, 
7042, 3.74, 0.20, 47.87, 
7043, 3.74, 0.20, 47.87, 
7044, 3.74, 0.20, 47.88, 
7045, 3.74, 0.20, 47.89, 
7046, 3.74, 0.20, 47.89, 
7047, 3.74, 0.20, 47.90, 
7048, 3.74, 0.20, 47.91, 
7049, 3.74, 0.20, 47.91, 
7050, 3.74, 0.20, 47.92, 
7051, 3.74, 0.20, 47.93, 
7052, 3.74, 0.20, 47.93, 
7053, 3.74, 0.20, 47.94, 
7054, 3.74, 0.20, 47.95, 
7055, 3.74, 0.20, 47.95, 
7056, 3.74, 0.20, 47.96, 
7057, 3.74, 0.20, 47.97, 
7058, 3.74, 0.20, 47.97, 
7059, 3.74, 0.20, 47.98, 
7060, 3.74, 0.20, 47.99, 
7061, 3.74, 0.20, 48.00, 
7062, 3.74, 0.20, 48.00, 
7063, 3.74, 0.20, 48.01, 
7064, 3.74, 0.20, 48.02, 
7065, 3.74, 0.20, 48.02, 
7066, 3.74, 0.20, 48.03, 
7067, 3.74, 0.20, 48.04, 
7068, 3.74, 0.20, 48.04, 
7069, 3.74, 0.20, 48.05, 
7070, 3.74, 0.20, 48.06, 
7071, 3.74, 0.20, 48.06, 
7072, 3.74, 0.20, 48.07, 
7073, 3.75, 0.20, 48.08, 
7074, 3.74, 0.20, 48.08, 
7075, 3.74, 0.20, 48.09, 
7076, 3.74, 0.20, 48.10, 
7077, 3.74, 0.20, 48.10, 
7078, 3.74, 0.20, 48.11, 
7079, 3.74, 0.20, 48.12, 
7080, 3.74, 0.20, 48.12, 
7081, 3.74, 0.20, 48.13, 
7082, 3.75, 0.20, 48.14, 
7083, 3.74, 0.20, 48.14, 
7084, 3.74, 0.20, 48.15, 
7085, 3.74, 0.20, 48.16, 
7086, 3.74, 0.20, 48.16, 
7087, 3.74, 0.20, 48.17, 
7088, 3.74, 0.20, 48.18, 
7089, 3.74, 0.20, 48.19, 
7090, 3.74, 0.20, 48.19, 
7091, 3.74, 0.20, 48.20, 
7092, 3.74, 0.20, 48.21, 
7093, 3.74, 0.20, 48.21, 
7094, 3.74, 0.20, 48.22, 
7095, 3.74, 0.20, 48.23, 
7096, 3.74, 0.20, 48.23, 
7097, 3.74, 0.20, 48.24, 
7098, 3.74, 0.20, 48.25, 
7099, 3.74, 0.20, 48.25, 
7100, 3.74, 0.20, 48.26, 
7101, 3.74, 0.20, 48.27, 
7102, 3.74, 0.20, 48.27, 
7103, 3.74, 0.20, 48.28, 
7104, 3.74, 0.20, 48.29, 
7105, 3.75, 0.19, 48.29, 
7106, 3.74, 0.20, 48.30, 
7107, 3.74, 0.20, 48.31, 
7108, 3.74, 0.20, 48.31, 
7109, 3.74, 0.20, 48.32, 
7110, 3.74, 0.20, 48.33, 
7111, 3.74, 0.20, 48.33, 
7112, 3.74, 0.20, 48.34, 
7113, 3.75, 0.20, 48.35, 
7114, 3.74, 0.20, 48.35, 
7115, 3.75, 0.20, 48.36, 
7116, 3.75, 0.20, 48.37, 
7117, 3.74, 0.20, 48.38, 
7118, 3.74, 0.20, 48.38, 
7119, 3.74, 0.20, 48.39, 
7120, 3.75, 0.20, 48.40, 
7121, 3.74, 0.20, 48.40, 
7122, 3.75, 0.20, 48.41, 
7123, 3.74, 0.20, 48.42, 
7124, 3.74, 0.20, 48.42, 
7125, 3.75, 0.20, 48.43, 
7126, 3.75, 0.20, 48.44, 
7127, 3.74, 0.20, 48.44, 
7128, 3.74, 0.20, 48.45, 
7129, 3.75, 0.20, 48.46, 
7130, 3.74, 0.20, 48.46, 
7131, 3.75, 0.20, 48.47, 
7132, 3.75, 0.20, 48.48, 
7133, 3.75, 0.20, 48.48, 
7134, 3.75, 0.20, 48.49, 
7135, 3.75, 0.20, 48.50, 
7136, 3.74, 0.20, 48.50, 
7137, 3.74, 0.20, 48.51, 
7138, 3.74, 0.20, 48.52, 
7139, 3.75, 0.20, 48.52, 
7140, 3.74, 0.20, 48.53, 
7141, 3.75, 0.20, 48.54, 
7142, 3.75, 0.20, 48.55, 
7143, 3.75, 0.20, 48.55, 
7144, 3.75, 0.20, 48.56, 
7145, 3.75, 0.20, 48.57, 
7146, 3.75, 0.20, 48.57, 
7147, 3.75, 0.20, 48.58, 
7148, 3.75, 0.20, 48.59, 
7149, 3.75, 0.20, 48.59, 
7150, 3.75, 0.20, 48.60, 
7151, 3.74, 0.20, 48.61, 
7152, 3.75, 0.20, 48.61, 
7153, 3.75, 0.20, 48.62, 
7154, 3.74, 0.20, 48.63, 
7155, 3.75, 0.20, 48.63, 
7156, 3.75, 0.20, 48.64, 
7157, 3.75, 0.20, 48.65, 
7158, 3.75, 0.20, 48.65, 
7159, 3.75, 0.20, 48.66, 
7160, 3.75, 0.20, 48.67, 
7161, 3.75, 0.20, 48.67, 
7162, 3.75, 0.20, 48.68, 
7163, 3.75, 0.20, 48.69, 
7164, 3.75, 0.20, 48.69, 
7165, 3.75, 0.20, 48.70, 
7166, 3.75, 0.20, 48.71, 
7167, 3.75, 0.20, 48.71, 
7168, 3.75, 0.20, 48.72, 
7169, 3.75, 0.20, 48.73, 
7170, 3.75, 0.20, 48.74, 
7171, 3.75, 0.20, 48.74, 
7172, 3.75, 0.20, 48.75, 
7173, 3.75, 0.20, 48.76, 
7174, 3.75, 0.20, 48.76, 
7175, 3.75, 0.20, 48.77, 
7176, 3.75, 0.20, 48.78, 
7177, 3.75, 0.20, 48.78, 
7178, 3.75, 0.20, 48.79, 
7179, 3.75, 0.20, 48.80, 
7180, 3.75, 0.20, 48.80, 
7181, 3.75, 0.20, 48.81, 
7182, 3.75, 0.20, 48.82, 
7183, 3.75, 0.20, 48.82, 
7184, 3.75, 0.20, 48.83, 
7185, 3.75, 0.20, 48.84, 
7186, 3.75, 0.20, 48.84, 
7187, 3.75, 0.20, 48.85, 
7188, 3.75, 0.20, 48.86, 
7189, 3.75, 0.20, 48.86, 
7190, 3.75, 0.20, 48.87, 
7191, 3.75, 0.20, 48.88, 
7192, 3.75, 0.20, 48.88, 
7193, 3.75, 0.20, 48.89, 
7194, 3.75, 0.20, 48.90, 
7195, 3.75, 0.20, 48.90, 
7196, 3.75, 0.20, 48.91, 
7197, 3.75, 0.20, 48.92, 
7198, 3.75, 0.20, 48.93, 
7199, 3.75, 0.20, 48.93, 
7200, 3.75, 0.20, 48.94, 
7201, 3.75, 0.20, 48.95, 
7202, 3.75, 0.20, 48.95, 
7203, 3.75, 0.20, 48.96, 
7204, 3.75, 0.20, 48.97, 
7205, 3.75, 0.20, 48.97, 
7206, 3.75, 0.20, 48.98, 
7207, 3.75, 0.20, 48.99, 
7208, 3.75, 0.20, 48.99, 
7209, 3.75, 0.20, 49.00, 
7210, 3.75, 0.20, 49.01, 
7211, 3.75, 0.20, 49.01, 
7212, 3.75, 0.20, 49.02, 
7213, 3.75, 0.20, 49.03, 
7214, 3.75, 0.19, 49.03, 
7215, 3.75, 0.20, 49.04, 
7216, 3.75, 0.20, 49.05, 
7217, 3.75, 0.20, 49.05, 
7218, 3.75, 0.20, 49.06, 
7219, 3.75, 0.20, 49.07, 
7220, 3.75, 0.20, 49.07, 
7221, 3.75, 0.20, 49.08, 
7222, 3.75, 0.20, 49.09, 
7223, 3.75, 0.20, 49.10, 
7224, 3.75, 0.20, 49.10, 
7225, 3.75, 0.20, 49.11, 
7226, 3.75, 0.20, 49.12, 
7227, 3.75, 0.20, 49.12, 
7228, 3.75, 0.20, 49.13, 
7229, 3.75, 0.20, 49.14, 
7230, 3.75, 0.20, 49.14, 
7231, 3.75, 0.20, 49.15, 
7232, 3.75, 0.20, 49.16, 
7233, 3.75, 0.20, 49.16, 
7234, 3.75, 0.20, 49.17, 
7235, 3.75, 0.20, 49.18, 
7236, 3.75, 0.20, 49.18, 
7237, 3.75, 0.20, 49.19, 
7238, 3.75, 0.20, 49.20, 
7239, 3.75, 0.20, 49.20, 
7240, 3.75, 0.20, 49.21, 
7241, 3.75, 0.20, 49.22, 
7242, 3.75, 0.20, 49.22, 
7243, 3.75, 0.20, 49.23, 
7244, 3.76, 0.20, 49.24, 
7245, 3.76, 0.20, 49.24, 
7246, 3.76, 0.20, 49.25, 
7247, 3.75, 0.20, 49.26, 
7248, 3.75, 0.20, 49.26, 
7249, 3.75, 0.20, 49.27, 
7250, 3.75, 0.20, 49.28, 
7251, 3.75, 0.20, 49.29, 
7252, 3.75, 0.20, 49.29, 
7253, 3.76, 0.20, 49.30, 
7254, 3.76, 0.20, 49.31, 
7255, 3.75, 0.20, 49.31, 
7256, 3.75, 0.20, 49.32, 
7257, 3.75, 0.20, 49.33, 
7258, 3.76, 0.20, 49.33, 
7259, 3.75, 0.20, 49.34, 
7260, 3.75, 0.20, 49.35, 
7261, 3.75, 0.20, 49.35, 
7262, 3.75, 0.20, 49.36, 
7263, 3.76, 0.20, 49.37, 
7264, 3.75, 0.20, 49.37, 
7265, 3.75, 0.20, 49.38, 
7266, 3.76, 0.20, 49.39, 
7267, 3.75, 0.20, 49.39, 
7268, 3.75, 0.20, 49.40, 
7269, 3.75, 0.20, 49.41, 
7270, 3.75, 0.20, 49.41, 
7271, 3.76, 0.20, 49.42, 
7272, 3.75, 0.20, 49.43, 
7273, 3.75, 0.20, 49.43, 
7274, 3.76, 0.20, 49.44, 
7275, 3.76, 0.20, 49.45, 
7276, 3.76, 0.20, 49.46, 
7277, 3.76, 0.20, 49.46, 
7278, 3.75, 0.20, 49.47, 
7279, 3.75, 0.20, 49.48, 
7280, 3.76, 0.20, 49.48, 
7281, 3.76, 0.20, 49.49, 
7282, 3.75, 0.20, 49.50, 
7283, 3.76, 0.20, 49.50, 
7284, 3.76, 0.20, 49.51, 
7285, 3.75, 0.20, 49.52, 
7286, 3.76, 0.20, 49.52, 
7287, 3.76, 0.20, 49.53, 
7288, 3.76, 0.20, 49.54, 
7289, 3.76, 0.20, 49.54, 
7290, 3.76, 0.20, 49.55, 
7291, 3.75, 0.20, 49.56, 
7292, 3.75, 0.20, 49.56, 
7293, 3.76, 0.20, 49.57, 
7294, 3.76, 0.20, 49.58, 
7295, 3.76, 0.20, 49.58, 
7296, 3.75, 0.20, 49.59, 
7297, 3.76, 0.20, 49.60, 
7298, 3.76, 0.20, 49.60, 
7299, 3.76, 0.20, 49.61, 
7300, 3.76, 0.20, 49.62, 
7301, 3.76, 0.20, 49.62, 
7302, 3.75, 0.20, 49.63, 
7303, 3.76, 0.20, 49.64, 
7304, 3.76, 0.20, 49.65, 
7305, 3.76, 0.20, 49.65, 
7306, 3.76, 0.20, 49.66, 
7307, 3.76, 0.20, 49.67, 
7308, 3.76, 0.20, 49.67, 
7309, 3.76, 0.20, 49.68, 
7310, 3.76, 0.20, 49.69, 
7311, 3.76, 0.20, 49.69, 
7312, 3.76, 0.20, 49.70, 
7313, 3.76, 0.20, 49.71, 
7314, 3.76, 0.20, 49.71, 
7315, 3.76, 0.20, 49.72, 
7316, 3.76, 0.20, 49.73, 
7317, 3.76, 0.20, 49.73, 
7318, 3.76, 0.20, 49.74, 
7319, 3.76, 0.20, 49.75, 
7320, 3.76, 0.20, 49.75, 
7321, 3.76, 0.20, 49.76, 
7322, 3.76, 0.20, 49.77, 
7323, 3.76, 0.20, 49.77, 
7324, 3.76, 0.20, 49.78, 
7325, 3.76, 0.20, 49.79, 
7326, 3.76, 0.20, 49.79, 
7327, 3.76, 0.20, 49.80, 
7328, 3.76, 0.20, 49.81, 
7329, 3.76, 0.20, 49.81, 
7330, 3.76, 0.20, 49.82, 
7331, 3.76, 0.20, 49.83, 
7332, 3.76, 0.20, 49.84, 
7333, 3.76, 0.20, 49.84, 
7334, 3.76, 0.20, 49.85, 
7335, 3.76, 0.20, 49.86, 
7336, 3.76, 0.20, 49.86, 
7337, 3.76, 0.20, 49.87, 
7338, 3.76, 0.20, 49.88, 
7339, 3.76, 0.20, 49.88, 
7340, 3.76, 0.20, 49.89, 
7341, 3.76, 0.20, 49.90, 
7342, 3.76, 0.20, 49.90, 
7343, 3.76, 0.20, 49.91, 
7344, 3.76, 0.20, 49.92, 
7345, 3.76, 0.20, 49.92, 
7346, 3.76, 0.20, 49.93, 
7347, 3.76, 0.20, 49.94, 
7348, 3.76, 0.20, 49.94, 
7349, 3.76, 0.20, 49.95, 
7350, 3.76, 0.20, 49.96, 
7351, 3.76, 0.20, 49.96, 
7352, 3.76, 0.20, 49.97, 
7353, 3.76, 0.20, 49.98, 
7354, 3.76, 0.20, 49.98, 
7355, 3.76, 0.20, 49.99, 
7356, 3.76, 0.20, 50.00, 
7357, 3.76, 0.20, 50.01, 
7358, 3.76, 0.20, 50.01, 
7359, 3.76, 0.20, 50.02, 
7360, 3.76, 0.20, 50.03, 
7361, 3.76, 0.20, 50.03, 
7362, 3.76, 0.20, 50.04, 
7363, 3.76, 0.20, 50.05, 
7364, 3.76, 0.20, 50.05, 
7365, 3.76, 0.20, 50.06, 
7366, 3.76, 0.20, 50.07, 
7367, 3.76, 0.20, 50.07, 
7368, 3.76, 0.20, 50.08, 
7369, 3.76, 0.20, 50.09, 
7370, 3.76, 0.20, 50.09, 
7371, 3.76, 0.20, 50.10, 
7372, 3.76, 0.20, 50.11, 
7373, 3.76, 0.20, 50.11, 
7374, 3.76, 0.20, 50.12, 
7375, 3.76, 0.20, 50.13, 
7376, 3.76, 0.20, 50.13, 
7377, 3.76, 0.20, 50.14, 
7378, 3.76, 0.20, 50.15, 
7379, 3.76, 0.20, 50.15, 
7380, 3.76, 0.20, 50.16, 
7381, 3.76, 0.20, 50.17, 
7382, 3.76, 0.20, 50.17, 
7383, 3.76, 0.20, 50.18, 
7384, 3.76, 0.20, 50.19, 
7385, 3.76, 0.20, 50.20, 
7386, 3.76, 0.20, 50.20, 
7387, 3.76, 0.20, 50.21, 
7388, 3.76, 0.20, 50.22, 
7389, 3.76, 0.20, 50.22, 
7390, 3.76, 0.20, 50.23, 
7391, 3.76, 0.20, 50.24, 
7392, 3.76, 0.20, 50.24, 
7393, 3.76, 0.20, 50.25, 
7394, 3.76, 0.20, 50.26, 
7395, 3.76, 0.20, 50.26, 
7396, 3.76, 0.20, 50.27, 
7397, 3.76, 0.20, 50.28, 
7398, 3.76, 0.20, 50.28, 
7399, 3.76, 0.20, 50.29, 
7400, 3.76, 0.20, 50.30, 
7401, 3.76, 0.20, 50.30, 
7402, 3.76, 0.20, 50.31, 
7403, 3.76, 0.20, 50.32, 
7404, 3.76, 0.20, 50.32, 
7405, 3.76, 0.20, 50.33, 
7406, 3.76, 0.20, 50.34, 
7407, 3.76, 0.20, 50.34, 
7408, 3.76, 0.20, 50.35, 
7409, 3.76, 0.20, 50.36, 
7410, 3.76, 0.20, 50.37, 
7411, 3.76, 0.19, 50.37, 
7412, 3.76, 0.20, 50.38, 
7413, 3.76, 0.20, 50.39, 
7414, 3.76, 0.20, 50.39, 
7415, 3.76, 0.20, 50.40, 
7416, 3.76, 0.20, 50.41, 
7417, 3.76, 0.20, 50.41, 
7418, 3.76, 0.20, 50.42, 
7419, 3.76, 0.20, 50.43, 
7420, 3.76, 0.20, 50.43, 
7421, 3.76, 0.20, 50.44, 
7422, 3.76, 0.20, 50.45, 
7423, 3.76, 0.20, 50.45, 
7424, 3.76, 0.20, 50.46, 
7425, 3.76, 0.20, 50.47, 
7426, 3.76, 0.20, 50.47, 
7427, 3.76, 0.20, 50.48, 
7428, 3.76, 0.20, 50.49, 
7429, 3.76, 0.20, 50.49, 
7430, 3.76, 0.20, 50.50, 
7431, 3.76, 0.20, 50.51, 
7432, 3.76, 0.20, 50.51, 
7433, 3.76, 0.20, 50.52, 
7434, 3.76, 0.20, 50.53, 
7435, 3.76, 0.20, 50.53, 
7436, 3.76, 0.20, 50.54, 
7437, 3.76, 0.20, 50.55, 
7438, 3.77, 0.20, 50.56, 
7439, 3.76, 0.20, 50.56, 
7440, 3.76, 0.20, 50.57, 
7441, 3.76, 0.20, 50.58, 
7442, 3.77, 0.20, 50.58, 
7443, 3.76, 0.20, 50.59, 
7444, 3.76, 0.20, 50.60, 
7445, 3.76, 0.20, 50.60, 
7446, 3.76, 0.20, 50.61, 
7447, 3.77, 0.20, 50.62, 
7448, 3.76, 0.20, 50.62, 
7449, 3.77, 0.20, 50.63, 
7450, 3.76, 0.20, 50.64, 
7451, 3.76, 0.20, 50.64, 
7452, 3.76, 0.20, 50.65, 
7453, 3.76, 0.20, 50.66, 
7454, 3.76, 0.20, 50.66, 
7455, 3.77, 0.20, 50.67, 
7456, 3.77, 0.20, 50.68, 
7457, 3.76, 0.20, 50.68, 
7458, 3.76, 0.20, 50.69, 
7459, 3.76, 0.20, 50.70, 
7460, 3.76, 0.20, 50.70, 
7461, 3.77, 0.20, 50.71, 
7462, 3.76, 0.20, 50.72, 
7463, 3.76, 0.20, 50.72, 
7464, 3.77, 0.20, 50.73, 
7465, 3.76, 0.20, 50.74, 
7466, 3.77, 0.20, 50.75, 
7467, 3.76, 0.20, 50.75, 
7468, 3.77, 0.20, 50.76, 
7469, 3.77, 0.20, 50.77, 
7470, 3.77, 0.20, 50.77, 
7471, 3.77, 0.20, 50.78, 
7472, 3.76, 0.20, 50.79, 
7473, 3.77, 0.20, 50.79, 
7474, 3.77, 0.20, 50.80, 
7475, 3.77, 0.20, 50.81, 
7476, 3.77, 0.20, 50.81, 
7477, 3.77, 0.20, 50.82, 
7478, 3.76, 0.20, 50.83, 
7479, 3.76, 0.20, 50.83, 
7480, 3.76, 0.20, 50.84, 
7481, 3.76, 0.20, 50.85, 
7482, 3.77, 0.20, 50.85, 
7483, 3.77, 0.20, 50.86, 
7484, 3.77, 0.20, 50.87, 
7485, 3.77, 0.20, 50.87, 
7486, 3.77, 0.20, 50.88, 
7487, 3.77, 0.20, 50.89, 
7488, 3.77, 0.20, 50.89, 
7489, 3.76, 0.20, 50.90, 
7490, 3.76, 0.20, 50.91, 
7491, 3.77, 0.20, 50.92, 
7492, 3.77, 0.20, 50.92, 
7493, 3.77, 0.20, 50.93, 
7494, 3.77, 0.20, 50.94, 
7495, 3.77, 0.20, 50.94, 
7496, 3.77, 0.19, 50.95, 
7497, 3.77, 0.20, 50.96, 
7498, 3.77, 0.20, 50.96, 
7499, 3.77, 0.20, 50.97, 
7500, 3.77, 0.20, 50.98, 
7501, 3.77, 0.20, 50.98, 
7502, 3.76, 0.20, 50.99, 
7503, 3.77, 0.20, 51.00, 
7504, 3.77, 0.20, 51.00, 
7505, 3.76, 0.20, 51.01, 
7506, 3.77, 0.20, 51.02, 
7507, 3.77, 0.20, 51.02, 
7508, 3.77, 0.20, 51.03, 
7509, 3.77, 0.20, 51.04, 
7510, 3.77, 0.20, 51.04, 
7511, 3.77, 0.20, 51.05, 
7512, 3.77, 0.20, 51.06, 
7513, 3.77, 0.20, 51.06, 
7514, 3.77, 0.20, 51.07, 
7515, 3.77, 0.20, 51.08, 
7516, 3.77, 0.20, 51.08, 
7517, 3.77, 0.19, 51.09, 
7518, 3.77, 0.20, 51.10, 
7519, 3.77, 0.20, 51.11, 
7520, 3.77, 0.20, 51.11, 
7521, 3.77, 0.20, 51.12, 
7522, 3.77, 0.20, 51.13, 
7523, 3.77, 0.20, 51.13, 
7524, 3.77, 0.20, 51.14, 
7525, 3.77, 0.20, 51.15, 
7526, 3.77, 0.20, 51.15, 
7527, 3.77, 0.20, 51.16, 
7528, 3.77, 0.20, 51.17, 
7529, 3.77, 0.20, 51.17, 
7530, 3.77, 0.20, 51.18, 
7531, 3.77, 0.20, 51.19, 
7532, 3.77, 0.20, 51.19, 
7533, 3.77, 0.20, 51.20, 
7534, 3.77, 0.20, 51.21, 
7535, 3.77, 0.20, 51.21, 
7536, 3.77, 0.20, 51.22, 
7537, 3.77, 0.20, 51.23, 
7538, 3.77, 0.20, 51.23, 
7539, 3.77, 0.20, 51.24, 
7540, 3.77, 0.20, 51.25, 
7541, 3.77, 0.20, 51.25, 
7542, 3.77, 0.20, 51.26, 
7543, 3.77, 0.20, 51.27, 
7544, 3.77, 0.20, 51.27, 
7545, 3.77, 0.20, 51.28, 
7546, 3.77, 0.20, 51.29, 
7547, 3.77, 0.20, 51.30, 
7548, 3.77, 0.20, 51.30, 
7549, 3.77, 0.20, 51.31, 
7550, 3.77, 0.20, 51.32, 
7551, 3.77, 0.20, 51.32, 
7552, 3.77, 0.20, 51.33, 
7553, 3.77, 0.20, 51.34, 
7554, 3.77, 0.20, 51.34, 
7555, 3.77, 0.20, 51.35, 
7556, 3.77, 0.20, 51.36, 
7557, 3.77, 0.20, 51.36, 
7558, 3.77, 0.20, 51.37, 
7559, 3.77, 0.20, 51.38, 
7560, 3.77, 0.20, 51.38, 
7561, 3.77, 0.20, 51.39, 
7562, 3.77, 0.20, 51.40, 
7563, 3.77, 0.20, 51.40, 
7564, 3.77, 0.20, 51.41, 
7565, 3.77, 0.20, 51.42, 
7566, 3.77, 0.20, 51.42, 
7567, 3.77, 0.20, 51.43, 
7568, 3.77, 0.20, 51.44, 
7569, 3.77, 0.20, 51.44, 
7570, 3.77, 0.20, 51.45, 
7571, 3.77, 0.20, 51.46, 
7572, 3.77, 0.20, 51.46, 
7573, 3.77, 0.20, 51.47, 
7574, 3.77, 0.20, 51.48, 
7575, 3.77, 0.20, 51.49, 
7576, 3.77, 0.20, 51.49, 
7577, 3.77, 0.20, 51.50, 
7578, 3.78, 0.20, 51.51, 
7579, 3.78, 0.20, 51.51, 
7580, 3.77, 0.20, 51.52, 
7581, 3.77, 0.20, 51.53, 
7582, 3.77, 0.20, 51.53, 
7583, 3.78, 0.20, 51.54, 
7584, 3.77, 0.20, 51.55, 
7585, 3.78, 0.20, 51.55, 
7586, 3.78, 0.20, 51.56, 
7587, 3.78, 0.20, 51.57, 
7588, 3.78, 0.20, 51.57, 
7589, 3.78, 0.20, 51.58, 
7590, 3.77, 0.20, 51.59, 
7591, 3.78, 0.20, 51.59, 
7592, 3.77, 0.20, 51.60, 
7593, 3.77, 0.20, 51.61, 
7594, 3.78, 0.20, 51.61, 
7595, 3.78, 0.20, 51.62, 
7596, 3.78, 0.20, 51.63, 
7597, 3.77, 0.20, 51.63, 
7598, 3.77, 0.20, 51.64, 
7599, 3.77, 0.20, 51.65, 
7600, 3.77, 0.20, 51.66, 
7601, 3.77, 0.20, 51.66, 
7602, 3.77, 0.20, 51.67, 
7603, 3.78, 0.20, 51.68, 
7604, 3.78, 0.20, 51.68, 
7605, 3.78, 0.20, 51.69, 
7606, 3.77, 0.20, 51.70, 
7607, 3.77, 0.20, 51.70, 
7608, 3.78, 0.20, 51.71, 
7609, 3.78, 0.20, 51.72, 
7610, 3.78, 0.20, 51.72, 
7611, 3.77, 0.20, 51.73, 
7612, 3.78, 0.20, 51.74, 
7613, 3.78, 0.20, 51.74, 
7614, 3.78, 0.20, 51.75, 
7615, 3.77, 0.20, 51.76, 
7616, 3.78, 0.20, 51.76, 
7617, 3.78, 0.20, 51.77, 
7618, 3.78, 0.20, 51.78, 
7619, 3.78, 0.20, 51.78, 
7620, 3.78, 0.20, 51.79, 
7621, 3.78, 0.20, 51.80, 
7622, 3.78, 0.20, 51.80, 
7623, 3.78, 0.20, 51.81, 
7624, 3.78, 0.20, 51.82, 
7625, 3.78, 0.20, 51.82, 
7626, 3.78, 0.20, 51.83, 
7627, 3.78, 0.20, 51.84, 
7628, 3.78, 0.20, 51.85, 
7629, 3.78, 0.20, 51.85, 
7630, 3.78, 0.20, 51.86, 
7631, 3.78, 0.20, 51.87, 
7632, 3.78, 0.20, 51.87, 
7633, 3.78, 0.20, 51.88, 
7634, 3.78, 0.20, 51.89, 
7635, 3.78, 0.20, 51.89, 
7636, 3.78, 0.20, 51.90, 
7637, 3.78, 0.20, 51.91, 
7638, 3.78, 0.20, 51.91, 
7639, 3.78, 0.20, 51.92, 
7640, 3.78, 0.20, 51.93, 
7641, 3.78, 0.20, 51.93, 
7642, 3.78, 0.20, 51.94, 
7643, 3.78, 0.20, 51.95, 
7644, 3.78, 0.20, 51.95, 
7645, 3.78, 0.20, 51.96, 
7646, 3.78, 0.20, 51.97, 
7647, 3.78, 0.20, 51.97, 
7648, 3.78, 0.20, 51.98, 
7649, 3.78, 0.20, 51.99, 
7650, 3.78, 0.20, 51.99, 
7651, 3.78, 0.20, 52.00, 
7652, 3.78, 0.20, 52.01, 
7653, 3.78, 0.20, 52.01, 
7654, 3.78, 0.20, 52.02, 
7655, 3.78, 0.20, 52.03, 
7656, 3.78, 0.20, 52.04, 
7657, 3.78, 0.20, 52.04, 
7658, 3.78, 0.20, 52.05, 
7659, 3.78, 0.20, 52.06, 
7660, 3.78, 0.20, 52.06, 
7661, 3.78, 0.20, 52.07, 
7662, 3.78, 0.20, 52.08, 
7663, 3.78, 0.20, 52.08, 
7664, 3.78, 0.20, 52.09, 
7665, 3.78, 0.20, 52.10, 
7666, 3.78, 0.20, 52.10, 
7667, 3.78, 0.20, 52.11, 
7668, 3.78, 0.20, 52.12, 
7669, 3.78, 0.20, 52.12, 
7670, 3.78, 0.20, 52.13, 
7671, 3.78, 0.20, 52.14, 
7672, 3.78, 0.19, 52.14, 
7673, 3.78, 0.20, 52.15, 
7674, 3.78, 0.20, 52.16, 
7675, 3.78, 0.20, 52.16, 
7676, 3.78, 0.20, 52.17, 
7677, 3.78, 0.20, 52.18, 
7678, 3.78, 0.20, 52.18, 
7679, 3.78, 0.20, 52.19, 
7680, 3.78, 0.20, 52.20, 
7681, 3.78, 0.20, 52.20, 
7682, 3.78, 0.20, 52.21, 
7683, 3.78, 0.20, 52.22, 
7684, 3.78, 0.20, 52.23, 
7685, 3.78, 0.20, 52.23, 
7686, 3.78, 0.20, 52.24, 
7687, 3.78, 0.20, 52.25, 
7688, 3.78, 0.20, 52.25, 
7689, 3.78, 0.20, 52.26, 
7690, 3.78, 0.20, 52.27, 
7691, 3.78, 0.20, 52.27, 
7692, 3.78, 0.20, 52.28, 
7693, 3.78, 0.20, 52.29, 
7694, 3.78, 0.20, 52.29, 
7695, 3.78, 0.20, 52.30, 
7696, 3.78, 0.20, 52.31, 
7697, 3.78, 0.20, 52.31, 
7698, 3.78, 0.20, 52.32, 
7699, 3.78, 0.20, 52.33, 
7700, 3.78, 0.20, 52.33, 
7701, 3.78, 0.20, 52.34, 
7702, 3.78, 0.20, 52.35, 
7703, 3.78, 0.20, 52.35, 
7704, 3.78, 0.20, 52.36, 
7705, 3.78, 0.20, 52.37, 
7706, 3.78, 0.20, 52.37, 
7707, 3.78, 0.20, 52.38, 
7708, 3.78, 0.20, 52.39, 
7709, 3.78, 0.20, 52.40, 
7710, 3.78, 0.20, 52.40, 
7711, 3.78, 0.20, 52.41, 
7712, 3.78, 0.20, 52.42, 
7713, 3.78, 0.20, 52.42, 
7714, 3.78, 0.20, 52.43, 
7715, 3.78, 0.20, 52.44, 
7716, 3.78, 0.20, 52.44, 
7717, 3.78, 0.20, 52.45, 
7718, 3.78, 0.20, 52.46, 
7719, 3.78, 0.20, 52.46, 
7720, 3.78, 0.20, 52.47, 
7721, 3.78, 0.20, 52.48, 
7722, 3.78, 0.20, 52.48, 
7723, 3.78, 0.20, 52.49, 
7724, 3.78, 0.20, 52.50, 
7725, 3.78, 0.20, 52.50, 
7726, 3.78, 0.20, 52.51, 
7727, 3.78, 0.20, 52.52, 
7728, 3.78, 0.20, 52.52, 
7729, 3.78, 0.20, 52.53, 
7730, 3.78, 0.20, 52.54, 
7731, 3.78, 0.20, 52.54, 
7732, 3.78, 0.20, 52.55, 
7733, 3.78, 0.20, 52.56, 
7734, 3.78, 0.20, 52.56, 
7735, 3.78, 0.20, 52.57, 
7736, 3.78, 0.20, 52.58, 
7737, 3.78, 0.20, 52.59, 
7738, 3.79, 0.20, 52.59, 
7739, 3.79, 0.20, 52.60, 
7740, 3.78, 0.20, 52.61, 
7741, 3.78, 0.20, 52.61, 
7742, 3.78, 0.20, 52.62, 
7743, 3.78, 0.20, 52.63, 
7744, 3.78, 0.20, 52.63, 
7745, 3.78, 0.20, 52.64, 
7746, 3.78, 0.20, 52.65, 
7747, 3.79, 0.20, 52.65, 
7748, 3.78, 0.20, 52.66, 
7749, 3.78, 0.20, 52.67, 
7750, 3.78, 0.20, 52.67, 
7751, 3.78, 0.20, 52.68, 
7752, 3.79, 0.20, 52.69, 
7753, 3.78, 0.20, 52.69, 
7754, 3.78, 0.20, 52.70, 
7755, 3.79, 0.20, 52.71, 
7756, 3.79, 0.20, 52.71, 
7757, 3.79, 0.20, 52.72, 
7758, 3.78, 0.20, 52.73, 
7759, 3.78, 0.20, 52.73, 
7760, 3.78, 0.20, 52.74, 
7761, 3.78, 0.20, 52.75, 
7762, 3.78, 0.20, 52.75, 
7763, 3.78, 0.20, 52.76, 
7764, 3.78, 0.20, 52.77, 
7765, 3.78, 0.20, 52.78, 
7766, 3.78, 0.20, 52.78, 
7767, 3.78, 0.20, 52.79, 
7768, 3.79, 0.20, 52.80, 
7769, 3.79, 0.20, 52.80, 
7770, 3.78, 0.20, 52.81, 
7771, 3.79, 0.20, 52.82, 
7772, 3.78, 0.20, 52.82, 
7773, 3.78, 0.20, 52.83, 
7774, 3.78, 0.20, 52.84, 
7775, 3.79, 0.20, 52.84, 
7776, 3.79, 0.20, 52.85, 
7777, 3.79, 0.20, 52.86, 
7778, 3.78, 0.20, 52.86, 
7779, 3.79, 0.20, 52.87, 
7780, 3.79, 0.20, 52.88, 
7781, 3.79, 0.20, 52.88, 
7782, 3.79, 0.20, 52.89, 
7783, 3.79, 0.20, 52.90, 
7784, 3.79, 0.20, 52.90, 
7785, 3.78, 0.20, 52.91, 
7786, 3.79, 0.20, 52.92, 
7787, 3.79, 0.20, 52.92, 
7788, 3.78, 0.20, 52.93, 
7789, 3.79, 0.20, 52.94, 
7790, 3.79, 0.20, 52.94, 
7791, 3.79, 0.20, 52.95, 
7792, 3.78, 0.20, 52.96, 
7793, 3.79, 0.20, 52.97, 
7794, 3.78, 0.20, 52.97, 
7795, 3.79, 0.20, 52.98, 
7796, 3.79, 0.20, 52.99, 
7797, 3.79, 0.19, 52.99, 
7798, 3.79, 0.20, 53.00, 
7799, 3.79, 0.19, 53.01, 
7800, 3.79, 0.20, 53.01, 
7801, 3.78, 0.20, 53.02, 
7802, 3.79, 0.20, 53.03, 
7803, 3.79, 0.20, 53.03, 
7804, 3.79, 0.20, 53.04, 
7805, 3.79, 0.20, 53.05, 
7806, 3.79, 0.20, 53.05, 
7807, 3.79, 0.20, 53.06, 
7808, 3.79, 0.20, 53.07, 
7809, 3.79, 0.20, 53.07, 
7810, 3.79, 0.20, 53.08, 
7811, 3.79, 0.20, 53.09, 
7812, 3.79, 0.20, 53.09, 
7813, 3.79, 0.20, 53.10, 
7814, 3.79, 0.20, 53.11, 
7815, 3.79, 0.20, 53.11, 
7816, 3.79, 0.20, 53.12, 
7817, 3.79, 0.20, 53.13, 
7818, 3.79, 0.20, 53.14, 
7819, 3.79, 0.20, 53.14, 
7820, 3.79, 0.20, 53.15, 
7821, 3.79, 0.20, 53.16, 
7822, 3.79, 0.20, 53.16, 
7823, 3.79, 0.20, 53.17, 
7824, 3.79, 0.20, 53.18, 
7825, 3.79, 0.20, 53.18, 
7826, 3.79, 0.20, 53.19, 
7827, 3.79, 0.20, 53.20, 
7828, 3.79, 0.20, 53.20, 
7829, 3.79, 0.20, 53.21, 
7830, 3.79, 0.20, 53.22, 
7831, 3.79, 0.20, 53.22, 
7832, 3.79, 0.19, 53.23, 
7833, 3.79, 0.20, 53.24, 
7834, 3.79, 0.20, 53.24, 
7835, 3.79, 0.20, 53.25, 
7836, 3.79, 0.19, 53.26, 
7837, 3.79, 0.20, 53.26, 
7838, 3.79, 0.20, 53.27, 
7839, 3.79, 0.20, 53.28, 
7840, 3.79, 0.20, 53.28, 
7841, 3.79, 0.20, 53.29, 
7842, 3.79, 0.20, 53.30, 
7843, 3.79, 0.20, 53.30, 
7844, 3.79, 0.20, 53.31, 
7845, 3.79, 0.20, 53.32, 
7846, 3.79, 0.20, 53.33, 
7847, 3.79, 0.19, 53.33, 
7848, 3.79, 0.19, 53.34, 
7849, 3.79, 0.20, 53.35, 
7850, 3.79, 0.20, 53.35, 
7851, 3.79, 0.20, 53.36, 
7852, 3.79, 0.20, 53.37, 
7853, 3.79, 0.20, 53.37, 
7854, 3.79, 0.20, 53.38, 
7855, 3.79, 0.20, 53.39, 
7856, 3.79, 0.20, 53.39, 
7857, 3.79, 0.20, 53.40, 
7858, 3.79, 0.20, 53.41, 
7859, 3.79, 0.20, 53.41, 
7860, 3.79, 0.20, 53.42, 
7861, 3.79, 0.20, 53.43, 
7862, 3.79, 0.20, 53.43, 
7863, 3.79, 0.20, 53.44, 
7864, 3.79, 0.20, 53.45, 
7865, 3.79, 0.20, 53.45, 
7866, 3.79, 0.20, 53.46, 
7867, 3.79, 0.20, 53.47, 
7868, 3.79, 0.20, 53.47, 
7869, 3.79, 0.20, 53.48, 
7870, 3.79, 0.20, 53.49, 
7871, 3.79, 0.20, 53.49, 
7872, 3.79, 0.20, 53.50, 
7873, 3.79, 0.20, 53.51, 
7874, 3.79, 0.20, 53.52, 
7875, 3.79, 0.20, 53.52, 
7876, 3.79, 0.20, 53.53, 
7877, 3.79, 0.20, 53.54, 
7878, 3.79, 0.19, 53.54, 
7879, 3.80, 0.20, 53.55, 
7880, 3.80, 0.20, 53.56, 
7881, 3.79, 0.20, 53.56, 
7882, 3.79, 0.20, 53.57, 
7883, 3.80, 0.20, 53.58, 
7884, 3.79, 0.20, 53.58, 
7885, 3.80, 0.20, 53.59, 
7886, 3.80, 0.20, 53.60, 
7887, 3.79, 0.20, 53.60, 
7888, 3.79, 0.20, 53.61, 
7889, 3.80, 0.20, 53.62, 
7890, 3.79, 0.20, 53.62, 
7891, 3.80, 0.20, 53.63, 
7892, 3.79, 0.20, 53.64, 
7893, 3.79, 0.20, 53.64, 
7894, 3.80, 0.20, 53.65, 
7895, 3.80, 0.20, 53.66, 
7896, 3.80, 0.20, 53.66, 
7897, 3.79, 0.20, 53.67, 
7898, 3.79, 0.20, 53.68, 
7899, 3.80, 0.20, 53.68, 
7900, 3.80, 0.20, 53.69, 
7901, 3.80, 0.19, 53.70, 
7902, 3.80, 0.20, 53.71, 
7903, 3.80, 0.20, 53.71, 
7904, 3.79, 0.20, 53.72, 
7905, 3.80, 0.20, 53.73, 
7906, 3.80, 0.20, 53.73, 
7907, 3.79, 0.20, 53.74, 
7908, 3.80, 0.20, 53.75, 
7909, 3.80, 0.20, 53.75, 
7910, 3.80, 0.20, 53.76, 
7911, 3.80, 0.20, 53.77, 
7912, 3.80, 0.20, 53.77, 
7913, 3.80, 0.20, 53.78, 
7914, 3.80, 0.20, 53.79, 
7915, 3.80, 0.19, 53.79, 
7916, 3.80, 0.20, 53.80, 
7917, 3.80, 0.20, 53.81, 
7918, 3.80, 0.20, 53.81, 
7919, 3.80, 0.20, 53.82, 
7920, 3.80, 0.20, 53.83, 
7921, 3.80, 0.20, 53.83, 
7922, 3.80, 0.20, 53.84, 
7923, 3.80, 0.20, 53.85, 
7924, 3.80, 0.20, 53.85, 
7925, 3.80, 0.20, 53.86, 
7926, 3.80, 0.20, 53.87, 
7927, 3.80, 0.20, 53.87, 
7928, 3.80, 0.20, 53.88, 
7929, 3.80, 0.20, 53.89, 
7930, 3.80, 0.20, 53.90, 
7931, 3.80, 0.20, 53.90, 
7932, 3.80, 0.20, 53.91, 
7933, 3.80, 0.20, 53.92, 
7934, 3.80, 0.20, 53.92, 
7935, 3.80, 0.20, 53.93, 
7936, 3.80, 0.20, 53.94, 
7937, 3.80, 0.20, 53.94, 
7938, 3.80, 0.20, 53.95, 
7939, 3.80, 0.20, 53.96, 
7940, 3.80, 0.20, 53.96, 
7941, 3.80, 0.20, 53.97, 
7942, 3.80, 0.20, 53.98, 
7943, 3.80, 0.20, 53.98, 
7944, 3.80, 0.20, 53.99, 
7945, 3.80, 0.20, 54.00, 
7946, 3.80, 0.20, 54.00, 
7947, 3.80, 0.20, 54.01, 
7948, 3.80, 0.20, 54.02, 
7949, 3.80, 0.20, 54.02, 
7950, 3.80, 0.20, 54.03, 
7951, 3.80, 0.20, 54.04, 
7952, 3.80, 0.20, 54.04, 
7953, 3.80, 0.20, 54.05, 
7954, 3.80, 0.20, 54.06, 
7955, 3.80, 0.20, 54.06, 
7956, 3.80, 0.20, 54.07, 
7957, 3.80, 0.20, 54.08, 
7958, 3.80, 0.20, 54.09, 
7959, 3.80, 0.20, 54.09, 
7960, 3.80, 0.20, 54.10, 
7961, 3.80, 0.20, 54.11, 
7962, 3.80, 0.20, 54.11, 
7963, 3.80, 0.20, 54.12, 
7964, 3.80, 0.20, 54.13, 
7965, 3.80, 0.20, 54.13, 
7966, 3.80, 0.20, 54.14, 
7967, 3.80, 0.20, 54.15, 
7968, 3.80, 0.20, 54.15, 
7969, 3.80, 0.20, 54.16, 
7970, 3.80, 0.20, 54.17, 
7971, 3.80, 0.20, 54.17, 
7972, 3.80, 0.20, 54.18, 
7973, 3.80, 0.20, 54.19, 
7974, 3.80, 0.20, 54.19, 
7975, 3.80, 0.20, 54.20, 
7976, 3.80, 0.20, 54.21, 
7977, 3.80, 0.20, 54.21, 
7978, 3.80, 0.20, 54.22, 
7979, 3.80, 0.20, 54.23, 
7980, 3.80, 0.20, 54.23, 
7981, 3.80, 0.20, 54.24, 
7982, 3.80, 0.19, 54.25, 
7983, 3.80, 0.20, 54.26, 
7984, 3.80, 0.19, 54.26, 
7985, 3.80, 0.20, 54.27, 
7986, 3.80, 0.20, 54.28, 
7987, 3.80, 0.20, 54.28, 
7988, 3.80, 0.20, 54.29, 
7989, 3.80, 0.20, 54.30, 
7990, 3.80, 0.20, 54.30, 
7991, 3.80, 0.19, 54.31, 
7992, 3.80, 0.20, 54.32, 
7993, 3.80, 0.20, 54.32, 
7994, 3.80, 0.20, 54.33, 
7995, 3.80, 0.20, 54.34, 
7996, 3.80, 0.20, 54.34, 
7997, 3.80, 0.20, 54.35, 
7998, 3.80, 0.20, 54.36, 
7999, 3.80, 0.20, 54.36, 
8000, 3.80, 0.20, 54.37, 
8001, 3.80, 0.20, 54.38, 
8002, 3.80, 0.20, 54.38, 
8003, 3.80, 0.20, 54.39, 
8004, 3.80, 0.20, 54.40, 
8005, 3.80, 0.20, 54.40, 
8006, 3.80, 0.19, 54.41, 
8007, 3.80, 0.20, 54.42, 
8008, 3.80, 0.20, 54.42, 
8009, 3.80, 0.20, 54.43, 
8010, 3.80, 0.20, 54.44, 
8011, 3.80, 0.20, 54.45, 
8012, 3.80, 0.20, 54.45, 
8013, 3.80, 0.20, 54.46, 
8014, 3.80, 0.20, 54.47, 
8015, 3.80, 0.20, 54.47, 
8016, 3.80, 0.20, 54.48, 
8017, 3.80, 0.20, 54.49, 
8018, 3.80, 0.20, 54.49, 
8019, 3.80, 0.20, 54.50, 
8020, 3.80, 0.20, 54.51, 
8021, 3.80, 0.20, 54.51, 
8022, 3.80, 0.20, 54.52, 
8023, 3.80, 0.20, 54.53, 
8024, 3.81, 0.20, 54.53, 
8025, 3.80, 0.20, 54.54, 
8026, 3.80, 0.20, 54.55, 
8027, 3.80, 0.20, 54.55, 
8028, 3.80, 0.20, 54.56, 
8029, 3.80, 0.20, 54.57, 
8030, 3.80, 0.20, 54.57, 
8031, 3.80, 0.20, 54.58, 
8032, 3.80, 0.20, 54.59, 
8033, 3.80, 0.20, 54.59, 
8034, 3.80, 0.20, 54.60, 
8035, 3.80, 0.20, 54.61, 
8036, 3.80, 0.20, 54.61, 
8037, 3.80, 0.20, 54.62, 
8038, 3.80, 0.20, 54.63, 
8039, 3.80, 0.20, 54.64, 
8040, 3.80, 0.20, 54.64, 
8041, 3.80, 0.20, 54.65, 
8042, 3.80, 0.20, 54.66, 
8043, 3.80, 0.20, 54.66, 
8044, 3.80, 0.20, 54.67, 
8045, 3.80, 0.20, 54.68, 
8046, 3.80, 0.20, 54.68, 
8047, 3.80, 0.20, 54.69, 
8048, 3.80, 0.20, 54.70, 
8049, 3.80, 0.20, 54.70, 
8050, 3.80, 0.20, 54.71, 
8051, 3.80, 0.20, 54.72, 
8052, 3.80, 0.19, 54.72, 
8053, 3.80, 0.20, 54.73, 
8054, 3.81, 0.20, 54.74, 
8055, 3.80, 0.20, 54.74, 
8056, 3.81, 0.20, 54.75, 
8057, 3.81, 0.20, 54.76, 
8058, 3.80, 0.20, 54.76, 
8059, 3.80, 0.20, 54.77, 
8060, 3.80, 0.19, 54.78, 
8061, 3.80, 0.20, 54.78, 
8062, 3.80, 0.20, 54.79, 
8063, 3.80, 0.20, 54.80, 
8064, 3.80, 0.20, 54.80, 
8065, 3.81, 0.20, 54.81, 
8066, 3.81, 0.20, 54.82, 
8067, 3.80, 0.20, 54.83, 
8068, 3.81, 0.20, 54.83, 
8069, 3.80, 0.20, 54.84, 
8070, 3.81, 0.20, 54.85, 
8071, 3.81, 0.20, 54.85, 
8072, 3.80, 0.20, 54.86, 
8073, 3.81, 0.20, 54.87, 
8074, 3.80, 0.20, 54.87, 
8075, 3.80, 0.20, 54.88, 
8076, 3.80, 0.20, 54.89, 
8077, 3.81, 0.20, 54.89, 
8078, 3.81, 0.20, 54.90, 
8079, 3.81, 0.20, 54.91, 
8080, 3.81, 0.20, 54.91, 
8081, 3.81, 0.20, 54.92, 
8082, 3.81, 0.20, 54.93, 
8083, 3.81, 0.20, 54.93, 
8084, 3.81, 0.20, 54.94, 
8085, 3.81, 0.20, 54.95, 
8086, 3.81, 0.20, 54.95, 
8087, 3.81, 0.20, 54.96, 
8088, 3.81, 0.20, 54.97, 
8089, 3.81, 0.20, 54.97, 
8090, 3.81, 0.20, 54.98, 
8091, 3.81, 0.20, 54.99, 
8092, 3.81, 0.20, 54.99, 
8093, 3.81, 0.20, 55.00, 
8094, 3.81, 0.20, 55.01, 
8095, 3.81, 0.20, 55.02, 
8096, 3.81, 0.20, 55.02, 
8097, 3.81, 0.20, 55.03, 
8098, 3.81, 0.20, 55.04, 
8099, 3.81, 0.20, 55.04, 
8100, 3.81, 0.20, 55.05, 
8101, 3.81, 0.20, 55.06, 
8102, 3.81, 0.20, 55.06, 
8103, 3.81, 0.20, 55.07, 
8104, 3.81, 0.20, 55.08, 
8105, 3.81, 0.20, 55.08, 
8106, 3.81, 0.20, 55.09, 
8107, 3.81, 0.20, 55.10, 
8108, 3.81, 0.20, 55.10, 
8109, 3.81, 0.20, 55.11, 
8110, 3.81, 0.20, 55.12, 
8111, 3.81, 0.20, 55.12, 
8112, 3.81, 0.20, 55.13, 
8113, 3.81, 0.20, 55.14, 
8114, 3.81, 0.20, 55.14, 
8115, 3.81, 0.20, 55.15, 
8116, 3.81, 0.20, 55.16, 
8117, 3.81, 0.20, 55.16, 
8118, 3.81, 0.20, 55.17, 
8119, 3.81, 0.20, 55.18, 
8120, 3.81, 0.20, 55.18, 
8121, 3.81, 0.20, 55.19, 
8122, 3.81, 0.20, 55.20, 
8123, 3.81, 0.20, 55.21, 
8124, 3.81, 0.20, 55.21, 
8125, 3.81, 0.20, 55.22, 
8126, 3.81, 0.20, 55.23, 
8127, 3.81, 0.20, 55.23, 
8128, 3.81, 0.20, 55.24, 
8129, 3.81, 0.20, 55.25, 
8130, 3.81, 0.20, 55.25, 
8131, 3.81, 0.20, 55.26, 
8132, 3.81, 0.20, 55.27, 
8133, 3.81, 0.20, 55.27, 
8134, 3.81, 0.20, 55.28, 
8135, 3.81, 0.20, 55.29, 
8136, 3.81, 0.20, 55.29, 
8137, 3.81, 0.20, 55.30, 
8138, 3.81, 0.20, 55.31, 
8139, 3.81, 0.20, 55.31, 
8140, 3.81, 0.20, 55.32, 
8141, 3.81, 0.20, 55.33, 
8142, 3.81, 0.20, 55.33, 
8143, 3.81, 0.20, 55.34, 
8144, 3.81, 0.20, 55.35, 
8145, 3.81, 0.20, 55.35, 
8146, 3.81, 0.20, 55.36, 
8147, 3.82, 0.20, 55.37, 
8148, 3.81, 0.20, 55.38, 
8149, 3.81, 0.20, 55.38, 
8150, 3.81, 0.20, 55.39, 
8151, 3.81, 0.20, 55.40, 
8152, 3.81, 0.20, 55.40, 
8153, 3.81, 0.20, 55.41, 
8154, 3.81, 0.20, 55.42, 
8155, 3.81, 0.20, 55.42, 
8156, 3.81, 0.20, 55.43, 
8157, 3.81, 0.20, 55.44, 
8158, 3.81, 0.20, 55.44, 
8159, 3.81, 0.20, 55.45, 
8160, 3.81, 0.19, 55.46, 
8161, 3.81, 0.20, 55.46, 
8162, 3.81, 0.19, 55.47, 
8163, 3.81, 0.19, 55.48, 
8164, 3.81, 0.20, 55.48, 
8165, 3.81, 0.20, 55.49, 
8166, 3.81, 0.20, 55.50, 
8167, 3.81, 0.20, 55.50, 
8168, 3.82, 0.20, 55.51, 
8169, 3.82, 0.20, 55.52, 
8170, 3.82, 0.20, 55.52, 
8171, 3.82, 0.20, 55.53, 
8172, 3.82, 0.20, 55.54, 
8173, 3.81, 0.20, 55.54, 
8174, 3.82, 0.20, 55.55, 
8175, 3.81, 0.20, 55.56, 
8176, 3.82, 0.20, 55.57, 
8177, 3.81, 0.20, 55.57, 
8178, 3.82, 0.20, 55.58, 
8179, 3.81, 0.19, 55.59, 
8180, 3.82, 0.20, 55.59, 
8181, 3.81, 0.20, 55.60, 
8182, 3.82, 0.20, 55.61, 
8183, 3.81, 0.20, 55.61, 
8184, 3.82, 0.20, 55.62, 
8185, 3.82, 0.20, 55.63, 
8186, 3.82, 0.20, 55.63, 
8187, 3.82, 0.20, 55.64, 
8188, 3.82, 0.20, 55.65, 
8189, 3.82, 0.20, 55.65, 
8190, 3.82, 0.19, 55.66, 
8191, 3.81, 0.20, 55.67, 
8192, 3.81, 0.20, 55.67, 
8193, 3.82, 0.20, 55.68, 
8194, 3.81, 0.19, 55.69, 
8195, 3.82, 0.20, 55.69, 
8196, 3.82, 0.20, 55.70, 
8197, 3.81, 0.20, 55.71, 
8198, 3.82, 0.20, 55.71, 
8199, 3.82, 0.20, 55.72, 
8200, 3.82, 0.20, 55.73, 
8201, 3.82, 0.20, 55.73, 
8202, 3.82, 0.20, 55.74, 
8203, 3.82, 0.20, 55.75, 
8204, 3.82, 0.20, 55.76, 
8205, 3.82, 0.20, 55.76, 
8206, 3.82, 0.20, 55.77, 
8207, 3.82, 0.20, 55.78, 
8208, 3.82, 0.20, 55.78, 
8209, 3.82, 0.20, 55.79, 
8210, 3.82, 0.20, 55.80, 
8211, 3.82, 0.20, 55.80, 
8212, 3.82, 0.20, 55.81, 
8213, 3.82, 0.20, 55.82, 
8214, 3.82, 0.20, 55.82, 
8215, 3.82, 0.20, 55.83, 
8216, 3.82, 0.20, 55.84, 
8217, 3.82, 0.20, 55.84, 
8218, 3.82, 0.20, 55.85, 
8219, 3.82, 0.20, 55.86, 
8220, 3.82, 0.20, 55.86, 
8221, 3.82, 0.20, 55.87, 
8222, 3.82, 0.20, 55.88, 
8223, 3.82, 0.20, 55.88, 
8224, 3.82, 0.20, 55.89, 
8225, 3.82, 0.20, 55.90, 
8226, 3.82, 0.20, 55.90, 
8227, 3.82, 0.20, 55.91, 
8228, 3.82, 0.20, 55.92, 
8229, 3.82, 0.20, 55.92, 
8230, 3.82, 0.20, 55.93, 
8231, 3.82, 0.20, 55.94, 
8232, 3.82, 0.20, 55.95, 
8233, 3.82, 0.20, 55.95, 
8234, 3.82, 0.20, 55.96, 
8235, 3.82, 0.19, 55.97, 
8236, 3.82, 0.20, 55.97, 
8237, 3.82, 0.20, 55.98, 
8238, 3.82, 0.20, 55.99, 
8239, 3.82, 0.20, 55.99, 
8240, 3.82, 0.20, 56.00, 
8241, 3.82, 0.20, 56.01, 
8242, 3.82, 0.20, 56.01, 
8243, 3.82, 0.20, 56.02, 
8244, 3.82, 0.19, 56.03, 
8245, 3.82, 0.20, 56.03, 
8246, 3.82, 0.20, 56.04, 
8247, 3.82, 0.20, 56.05, 
8248, 3.82, 0.20, 56.05, 
8249, 3.82, 0.20, 56.06, 
8250, 3.82, 0.20, 56.07, 
8251, 3.82, 0.20, 56.07, 
8252, 3.82, 0.20, 56.08, 
8253, 3.82, 0.20, 56.09, 
8254, 3.82, 0.20, 56.09, 
8255, 3.82, 0.20, 56.10, 
8256, 3.82, 0.20, 56.11, 
8257, 3.82, 0.20, 56.11, 
8258, 3.82, 0.20, 56.12, 
8259, 3.82, 0.20, 56.13, 
8260, 3.82, 0.20, 56.14, 
8261, 3.82, 0.20, 56.14, 
8262, 3.82, 0.20, 56.15, 
8263, 3.82, 0.20, 56.16, 
8264, 3.82, 0.20, 56.16, 
8265, 3.82, 0.20, 56.17, 
8266, 3.82, 0.20, 56.18, 
8267, 3.82, 0.20, 56.18, 
8268, 3.82, 0.19, 56.19, 
8269, 3.82, 0.20, 56.20, 
8270, 3.82, 0.20, 56.20, 
8271, 3.82, 0.20, 56.21, 
8272, 3.82, 0.20, 56.22, 
8273, 3.82, 0.20, 56.22, 
8274, 3.82, 0.20, 56.23, 
8275, 3.82, 0.20, 56.24, 
8276, 3.82, 0.20, 56.24, 
8277, 3.82, 0.20, 56.25, 
8278, 3.82, 0.20, 56.26, 
8279, 3.82, 0.20, 56.26, 
8280, 3.82, 0.20, 56.27, 
8281, 3.82, 0.20, 56.28, 
8282, 3.82, 0.20, 56.28, 
8283, 3.82, 0.20, 56.29, 
8284, 3.82, 0.20, 56.30, 
8285, 3.82, 0.20, 56.30, 
8286, 3.82, 0.20, 56.31, 
8287, 3.82, 0.20, 56.32, 
8288, 3.82, 0.19, 56.33, 
8289, 3.82, 0.20, 56.33, 
8290, 3.82, 0.20, 56.34, 
8291, 3.82, 0.20, 56.35, 
8292, 3.82, 0.20, 56.35, 
8293, 3.82, 0.20, 56.36, 
8294, 3.82, 0.20, 56.37, 
8295, 3.82, 0.20, 56.37, 
8296, 3.82, 0.20, 56.38, 
8297, 3.82, 0.20, 56.39, 
8298, 3.82, 0.20, 56.39, 
8299, 3.82, 0.20, 56.40, 
8300, 3.82, 0.20, 56.41, 
8301, 3.82, 0.20, 56.41, 
8302, 3.82, 0.20, 56.42, 
8303, 3.82, 0.20, 56.43, 
8304, 3.82, 0.20, 56.43, 
8305, 3.82, 0.20, 56.44, 
8306, 3.82, 0.20, 56.45, 
8307, 3.83, 0.20, 56.45, 
8308, 3.82, 0.20, 56.46, 
8309, 3.82, 0.20, 56.47, 
8310, 3.82, 0.20, 56.47, 
8311, 3.83, 0.20, 56.48, 
8312, 3.82, 0.20, 56.49, 
8313, 3.82, 0.19, 56.50, 
8314, 3.82, 0.20, 56.50, 
8315, 3.82, 0.20, 56.51, 
8316, 3.82, 0.20, 56.52, 
8317, 3.82, 0.20, 56.52, 
8318, 3.82, 0.20, 56.53, 
8319, 3.82, 0.20, 56.54, 
8320, 3.82, 0.20, 56.54, 
8321, 3.82, 0.20, 56.55, 
8322, 3.82, 0.20, 56.56, 
8323, 3.82, 0.20, 56.56, 
8324, 3.82, 0.20, 56.57, 
8325, 3.82, 0.20, 56.58, 
8326, 3.82, 0.20, 56.58, 
8327, 3.83, 0.20, 56.59, 
8328, 3.82, 0.20, 56.60, 
8329, 3.82, 0.20, 56.60, 
8330, 3.83, 0.20, 56.61, 
8331, 3.82, 0.19, 56.62, 
8332, 3.82, 0.20, 56.62, 
8333, 3.82, 0.20, 56.63, 
8334, 3.83, 0.20, 56.64, 
8335, 3.82, 0.20, 56.64, 
8336, 3.83, 0.20, 56.65, 
8337, 3.82, 0.20, 56.66, 
8338, 3.83, 0.20, 56.66, 
8339, 3.83, 0.20, 56.67, 
8340, 3.82, 0.20, 56.68, 
8341, 3.83, 0.20, 56.69, 
8342, 3.83, 0.20, 56.69, 
8343, 3.83, 0.20, 56.70, 
8344, 3.83, 0.20, 56.71, 
8345, 3.83, 0.20, 56.71, 
8346, 3.82, 0.20, 56.72, 
8347, 3.83, 0.20, 56.73, 
8348, 3.83, 0.20, 56.73, 
8349, 3.83, 0.20, 56.74, 
8350, 3.83, 0.20, 56.75, 
8351, 3.83, 0.20, 56.75, 
8352, 3.83, 0.20, 56.76, 
8353, 3.83, 0.20, 56.77, 
8354, 3.83, 0.20, 56.77, 
8355, 3.82, 0.19, 56.78, 
8356, 3.83, 0.20, 56.79, 
8357, 3.83, 0.20, 56.79, 
8358, 3.82, 0.20, 56.80, 
8359, 3.83, 0.19, 56.81, 
8360, 3.83, 0.20, 56.81, 
8361, 3.83, 0.20, 56.82, 
8362, 3.83, 0.20, 56.83, 
8363, 3.83, 0.20, 56.83, 
8364, 3.83, 0.20, 56.84, 
8365, 3.83, 0.20, 56.85, 
8366, 3.83, 0.20, 56.85, 
8367, 3.83, 0.20, 56.86, 
8368, 3.82, 0.20, 56.87, 
8369, 3.83, 0.20, 56.88, 
8370, 3.83, 0.20, 56.88, 
8371, 3.83, 0.20, 56.89, 
8372, 3.83, 0.20, 56.90, 
8373, 3.83, 0.20, 56.90, 
8374, 3.82, 0.20, 56.91, 
8375, 3.83, 0.20, 56.92, 
8376, 3.83, 0.20, 56.92, 
8377, 3.83, 0.20, 56.93, 
8378, 3.83, 0.20, 56.94, 
8379, 3.83, 0.20, 56.94, 
8380, 3.83, 0.20, 56.95, 
8381, 3.83, 0.20, 56.96, 
8382, 3.83, 0.20, 56.96, 
8383, 3.83, 0.20, 56.97, 
8384, 3.83, 0.20, 56.98, 
8385, 3.83, 0.20, 56.98, 
8386, 3.83, 0.20, 56.99, 
8387, 3.83, 0.20, 57.00, 
8388, 3.83, 0.20, 57.00, 
8389, 3.83, 0.20, 57.01, 
8390, 3.83, 0.20, 57.02, 
8391, 3.83, 0.20, 57.02, 
8392, 3.83, 0.20, 57.03, 
8393, 3.83, 0.20, 57.04, 
8394, 3.83, 0.20, 57.04, 
8395, 3.83, 0.20, 57.05, 
8396, 3.83, 0.20, 57.06, 
8397, 3.84, 0.20, 57.07, 
8398, 3.83, 0.20, 57.07, 
8399, 3.83, 0.20, 57.08, 
8400, 3.83, 0.20, 57.09, 
8401, 3.83, 0.20, 57.09, 
8402, 3.83, 0.20, 57.10, 
8403, 3.83, 0.19, 57.11, 
8404, 3.83, 0.20, 57.11, 
8405, 3.83, 0.19, 57.12, 
8406, 3.83, 0.20, 57.13, 
8407, 3.83, 0.20, 57.13, 
8408, 3.83, 0.20, 57.14, 
8409, 3.83, 0.20, 57.15, 
8410, 3.83, 0.20, 57.15, 
8411, 3.83, 0.20, 57.16, 
8412, 3.84, 0.20, 57.17, 
8413, 3.83, 0.20, 57.17, 
8414, 3.83, 0.20, 57.18, 
8415, 3.83, 0.20, 57.19, 
8416, 3.83, 0.20, 57.19, 
8417, 3.83, 0.20, 57.20, 
8418, 3.83, 0.20, 57.21, 
8419, 3.83, 0.19, 57.21, 
8420, 3.84, 0.20, 57.22, 
8421, 3.83, 0.20, 57.23, 
8422, 3.83, 0.20, 57.23, 
8423, 3.83, 0.20, 57.24, 
8424, 3.83, 0.20, 57.25, 
8425, 3.83, 0.20, 57.26, 
8426, 3.84, 0.20, 57.26, 
8427, 3.83, 0.20, 57.27, 
8428, 3.83, 0.20, 57.28, 
8429, 3.83, 0.20, 57.28, 
8430, 3.83, 0.20, 57.29, 
8431, 3.83, 0.19, 57.30, 
8432, 3.83, 0.20, 57.30, 
8433, 3.83, 0.20, 57.31, 
8434, 3.83, 0.20, 57.32, 
8435, 3.83, 0.20, 57.32, 
8436, 3.83, 0.19, 57.33, 
8437, 3.83, 0.20, 57.34, 
8438, 3.83, 0.20, 57.34, 
8439, 3.83, 0.20, 57.35, 
8440, 3.83, 0.20, 57.36, 
8441, 3.84, 0.20, 57.36, 
8442, 3.83, 0.20, 57.37, 
8443, 3.84, 0.20, 57.38, 
8444, 3.83, 0.20, 57.38, 
8445, 3.83, 0.20, 57.39, 
8446, 3.83, 0.20, 57.40, 
8447, 3.83, 0.20, 57.40, 
8448, 3.83, 0.20, 57.41, 
8449, 3.84, 0.20, 57.42, 
8450, 3.83, 0.20, 57.42, 
8451, 3.83, 0.20, 57.43, 
8452, 3.83, 0.20, 57.44, 
8453, 3.83, 0.20, 57.45, 
8454, 3.83, 0.20, 57.45, 
8455, 3.83, 0.20, 57.46, 
8456, 3.84, 0.20, 57.47, 
8457, 3.83, 0.20, 57.47, 
8458, 3.83, 0.20, 57.48, 
8459, 3.83, 0.20, 57.49, 
8460, 3.83, 0.20, 57.49, 
8461, 3.84, 0.20, 57.50, 
8462, 3.83, 0.20, 57.51, 
8463, 3.84, 0.20, 57.51, 
8464, 3.84, 0.20, 57.52, 
8465, 3.84, 0.20, 57.53, 
8466, 3.84, 0.19, 57.53, 
8467, 3.84, 0.20, 57.54, 
8468, 3.83, 0.20, 57.55, 
8469, 3.83, 0.20, 57.55, 
8470, 3.84, 0.20, 57.56, 
8471, 3.84, 0.20, 57.57, 
8472, 3.84, 0.20, 57.57, 
8473, 3.84, 0.20, 57.58, 
8474, 3.84, 0.20, 57.59, 
8475, 3.83, 0.20, 57.59, 
8476, 3.84, 0.20, 57.60, 
8477, 3.84, 0.20, 57.61, 
8478, 3.84, 0.20, 57.62, 
8479, 3.84, 0.19, 57.62, 
8480, 3.84, 0.19, 57.63, 
8481, 3.84, 0.20, 57.64, 
8482, 3.84, 0.20, 57.64, 
8483, 3.84, 0.20, 57.65, 
8484, 3.84, 0.19, 57.66, 
8485, 3.84, 0.20, 57.66, 
8486, 3.84, 0.20, 57.67, 
8487, 3.84, 0.20, 57.68, 
8488, 3.84, 0.20, 57.68, 
8489, 3.84, 0.20, 57.69, 
8490, 3.84, 0.20, 57.70, 
8491, 3.84, 0.20, 57.70, 
8492, 3.84, 0.20, 57.71, 
8493, 3.84, 0.20, 57.72, 
8494, 3.84, 0.20, 57.72, 
8495, 3.84, 0.20, 57.73, 
8496, 3.84, 0.20, 57.74, 
8497, 3.84, 0.20, 57.74, 
8498, 3.83, 0.20, 57.75, 
8499, 3.84, 0.20, 57.76, 
8500, 3.84, 0.20, 57.76, 
8501, 3.84, 0.19, 57.77, 
8502, 3.84, 0.20, 57.78, 
8503, 3.84, 0.20, 57.78, 
8504, 3.84, 0.20, 57.79, 
8505, 3.84, 0.20, 57.80, 
8506, 3.84, 0.20, 57.81, 
8507, 3.84, 0.20, 57.81, 
8508, 3.84, 0.20, 57.82, 
8509, 3.84, 0.20, 57.83, 
8510, 3.84, 0.19, 57.83, 
8511, 3.84, 0.20, 57.84, 
8512, 3.84, 0.20, 57.85, 
8513, 3.84, 0.20, 57.85, 
8514, 3.84, 0.20, 57.86, 
8515, 3.84, 0.20, 57.87, 
8516, 3.84, 0.20, 57.87, 
8517, 3.84, 0.20, 57.88, 
8518, 3.84, 0.20, 57.89, 
8519, 3.84, 0.20, 57.89, 
8520, 3.84, 0.19, 57.90, 
8521, 3.84, 0.20, 57.91, 
8522, 3.84, 0.20, 57.91, 
8523, 3.84, 0.20, 57.92, 
8524, 3.84, 0.20, 57.93, 
8525, 3.84, 0.20, 57.93, 
8526, 3.84, 0.19, 57.94, 
8527, 3.84, 0.20, 57.95, 
8528, 3.84, 0.19, 57.95, 
8529, 3.84, 0.20, 57.96, 
8530, 3.84, 0.20, 57.97, 
8531, 3.84, 0.20, 57.97, 
8532, 3.84, 0.20, 57.98, 
8533, 3.84, 0.20, 57.99, 
8534, 3.84, 0.20, 58.00, 
8535, 3.84, 0.20, 58.00, 
8536, 3.84, 0.20, 58.01, 
8537, 3.84, 0.20, 58.02, 
8538, 3.84, 0.20, 58.02, 
8539, 3.84, 0.20, 58.03, 
8540, 3.84, 0.20, 58.04, 
8541, 3.84, 0.20, 58.04, 
8542, 3.84, 0.20, 58.05, 
8543, 3.84, 0.20, 58.06, 
8544, 3.84, 0.20, 58.06, 
8545, 3.84, 0.19, 58.07, 
8546, 3.84, 0.20, 58.08, 
8547, 3.84, 0.20, 58.08, 
8548, 3.84, 0.20, 58.09, 
8549, 3.84, 0.20, 58.10, 
8550, 3.84, 0.20, 58.10, 
8551, 3.84, 0.20, 58.11, 
8552, 3.84, 0.19, 58.12, 
8553, 3.85, 0.20, 58.12, 
8554, 3.84, 0.20, 58.13, 
8555, 3.85, 0.20, 58.14, 
8556, 3.84, 0.20, 58.14, 
8557, 3.84, 0.20, 58.15, 
8558, 3.84, 0.20, 58.16, 
8559, 3.84, 0.20, 58.16, 
8560, 3.84, 0.20, 58.17, 
8561, 3.84, 0.20, 58.18, 
8562, 3.84, 0.20, 58.19, 
8563, 3.84, 0.20, 58.19, 
8564, 3.84, 0.20, 58.20, 
8565, 3.84, 0.20, 58.21, 
8566, 3.84, 0.20, 58.21, 
8567, 3.84, 0.20, 58.22, 
8568, 3.84, 0.20, 58.23, 
8569, 3.84, 0.20, 58.23, 
8570, 3.84, 0.20, 58.24, 
8571, 3.84, 0.20, 58.25, 
8572, 3.85, 0.20, 58.25, 
8573, 3.84, 0.20, 58.26, 
8574, 3.84, 0.20, 58.27, 
8575, 3.84, 0.19, 58.27, 
8576, 3.84, 0.20, 58.28, 
8577, 3.84, 0.19, 58.29, 
8578, 3.84, 0.20, 58.29, 
8579, 3.84, 0.20, 58.30, 
8580, 3.85, 0.20, 58.31, 
8581, 3.84, 0.20, 58.31, 
8582, 3.84, 0.20, 58.32, 
8583, 3.85, 0.20, 58.33, 
8584, 3.84, 0.20, 58.33, 
8585, 3.84, 0.19, 58.34, 
8586, 3.85, 0.20, 58.35, 
8587, 3.84, 0.20, 58.35, 
8588, 3.84, 0.19, 58.36, 
8589, 3.85, 0.20, 58.37, 
8590, 3.84, 0.20, 58.38, 
8591, 3.84, 0.20, 58.38, 
8592, 3.85, 0.20, 58.39, 
8593, 3.84, 0.20, 58.40, 
8594, 3.85, 0.19, 58.40, 
8595, 3.85, 0.20, 58.41, 
8596, 3.84, 0.20, 58.42, 
8597, 3.85, 0.20, 58.42, 
8598, 3.84, 0.20, 58.43, 
8599, 3.85, 0.20, 58.44, 
8600, 3.84, 0.20, 58.44, 
8601, 3.85, 0.20, 58.45, 
8602, 3.85, 0.20, 58.46, 
8603, 3.84, 0.20, 58.46, 
8604, 3.85, 0.20, 58.47, 
8605, 3.85, 0.20, 58.48, 
8606, 3.85, 0.19, 58.48, 
8607, 3.84, 0.20, 58.49, 
8608, 3.84, 0.20, 58.50, 
8609, 3.85, 0.20, 58.50, 
8610, 3.85, 0.20, 58.51, 
8611, 3.84, 0.20, 58.52, 
8612, 3.85, 0.20, 58.52, 
8613, 3.84, 0.20, 58.53, 
8614, 3.85, 0.20, 58.54, 
8615, 3.85, 0.20, 58.54, 
8616, 3.84, 0.20, 58.55, 
8617, 3.84, 0.20, 58.56, 
8618, 3.84, 0.20, 58.57, 
8619, 3.85, 0.20, 58.57, 
8620, 3.85, 0.20, 58.58, 
8621, 3.85, 0.20, 58.59, 
8622, 3.85, 0.20, 58.59, 
8623, 3.85, 0.20, 58.60, 
8624, 3.85, 0.20, 58.61, 
8625, 3.84, 0.20, 58.61, 
8626, 3.85, 0.20, 58.62, 
8627, 3.85, 0.20, 58.63, 
8628, 3.85, 0.20, 58.63, 
8629, 3.85, 0.20, 58.64, 
8630, 3.85, 0.20, 58.65, 
8631, 3.85, 0.20, 58.65, 
8632, 3.85, 0.20, 58.66, 
8633, 3.85, 0.20, 58.67, 
8634, 3.85, 0.20, 58.67, 
8635, 3.85, 0.20, 58.68, 
8636, 3.85, 0.20, 58.69, 
8637, 3.85, 0.20, 58.69, 
8638, 3.85, 0.20, 58.70, 
8639, 3.85, 0.20, 58.71, 
8640, 3.85, 0.20, 58.71, 
8641, 3.85, 0.20, 58.72, 
8642, 3.85, 0.20, 58.73, 
8643, 3.85, 0.20, 58.73, 
8644, 3.85, 0.20, 58.74, 
8645, 3.85, 0.20, 58.75, 
8646, 3.85, 0.20, 58.76, 
8647, 3.85, 0.19, 58.76, 
8648, 3.85, 0.20, 58.77, 
8649, 3.85, 0.20, 58.78, 
8650, 3.85, 0.20, 58.78, 
8651, 3.85, 0.20, 58.79, 
8652, 3.85, 0.20, 58.80, 
8653, 3.85, 0.20, 58.80, 
8654, 3.85, 0.20, 58.81, 
8655, 3.85, 0.20, 58.82, 
8656, 3.85, 0.20, 58.82, 
8657, 3.85, 0.20, 58.83, 
8658, 3.85, 0.19, 58.84, 
8659, 3.85, 0.19, 58.84, 
8660, 3.85, 0.20, 58.85, 
8661, 3.85, 0.20, 58.86, 
8662, 3.85, 0.20, 58.86, 
8663, 3.85, 0.20, 58.87, 
8664, 3.85, 0.20, 58.88, 
8665, 3.85, 0.20, 58.88, 
8666, 3.85, 0.20, 58.89, 
8667, 3.85, 0.20, 58.90, 
8668, 3.85, 0.20, 58.90, 
8669, 3.85, 0.19, 58.91, 
8670, 3.85, 0.20, 58.92, 
8671, 3.85, 0.19, 58.92, 
8672, 3.85, 0.20, 58.93, 
8673, 3.85, 0.20, 58.94, 
8674, 3.85, 0.20, 58.95, 
8675, 3.85, 0.20, 58.95, 
8676, 3.85, 0.20, 58.96, 
8677, 3.85, 0.20, 58.97, 
8678, 3.85, 0.20, 58.97, 
8679, 3.85, 0.20, 58.98, 
8680, 3.85, 0.20, 58.99, 
8681, 3.85, 0.20, 58.99, 
8682, 3.85, 0.19, 59.00, 
8683, 3.85, 0.20, 59.01, 
8684, 3.85, 0.20, 59.01, 
8685, 3.85, 0.20, 59.02, 
8686, 3.85, 0.20, 59.03, 
8687, 3.86, 0.20, 59.03, 
8688, 3.85, 0.20, 59.04, 
8689, 3.85, 0.20, 59.05, 
8690, 3.85, 0.20, 59.05, 
8691, 3.86, 0.20, 59.06, 
8692, 3.85, 0.19, 59.07, 
8693, 3.85, 0.19, 59.07, 
8694, 3.85, 0.20, 59.08, 
8695, 3.85, 0.20, 59.09, 
8696, 3.85, 0.20, 59.09, 
8697, 3.85, 0.20, 59.10, 
8698, 3.86, 0.20, 59.11, 
8699, 3.85, 0.20, 59.11, 
8700, 3.85, 0.19, 59.12, 
8701, 3.86, 0.20, 59.13, 
8702, 3.85, 0.20, 59.14, 
8703, 3.85, 0.20, 59.14, 
8704, 3.85, 0.20, 59.15, 
8705, 3.85, 0.20, 59.16, 
8706, 3.86, 0.20, 59.16, 
8707, 3.85, 0.20, 59.17, 
8708, 3.86, 0.20, 59.18, 
8709, 3.86, 0.20, 59.18, 
8710, 3.86, 0.20, 59.19, 
8711, 3.86, 0.20, 59.20, 
8712, 3.86, 0.20, 59.20, 
8713, 3.85, 0.20, 59.21, 
8714, 3.86, 0.20, 59.22, 
8715, 3.86, 0.19, 59.22, 
8716, 3.85, 0.20, 59.23, 
8717, 3.86, 0.20, 59.24, 
8718, 3.85, 0.20, 59.24, 
8719, 3.85, 0.20, 59.25, 
8720, 3.86, 0.20, 59.26, 
8721, 3.86, 0.20, 59.26, 
8722, 3.86, 0.20, 59.27, 
8723, 3.85, 0.20, 59.28, 
8724, 3.86, 0.20, 59.28, 
8725, 3.86, 0.20, 59.29, 
8726, 3.86, 0.19, 59.30, 
8727, 3.86, 0.20, 59.30, 
8728, 3.86, 0.20, 59.31, 
8729, 3.86, 0.20, 59.32, 
8730, 3.86, 0.20, 59.33, 
8731, 3.86, 0.20, 59.33, 
8732, 3.86, 0.20, 59.34, 
8733, 3.86, 0.20, 59.35, 
8734, 3.85, 0.19, 59.35, 
8735, 3.86, 0.20, 59.36, 
8736, 3.86, 0.19, 59.37, 
8737, 3.86, 0.20, 59.37, 
8738, 3.86, 0.20, 59.38, 
8739, 3.86, 0.20, 59.39, 
8740, 3.86, 0.20, 59.39, 
8741, 3.86, 0.20, 59.40, 
8742, 3.86, 0.20, 59.41, 
8743, 3.86, 0.20, 59.41, 
8744, 3.86, 0.19, 59.42, 
8745, 3.86, 0.20, 59.43, 
8746, 3.86, 0.20, 59.43, 
8747, 3.86, 0.20, 59.44, 
8748, 3.86, 0.20, 59.45, 
8749, 3.86, 0.19, 59.45, 
8750, 3.86, 0.20, 59.46, 
8751, 3.86, 0.20, 59.47, 
8752, 3.86, 0.20, 59.47, 
8753, 3.86, 0.19, 59.48, 
8754, 3.86, 0.20, 59.49, 
8755, 3.86, 0.20, 59.49, 
8756, 3.86, 0.19, 59.50, 
8757, 3.86, 0.20, 59.51, 
8758, 3.86, 0.20, 59.52, 
8759, 3.86, 0.20, 59.52, 
8760, 3.86, 0.20, 59.53, 
8761, 3.86, 0.20, 59.54, 
8762, 3.86, 0.20, 59.54, 
8763, 3.86, 0.19, 59.55, 
8764, 3.86, 0.19, 59.56, 
8765, 3.86, 0.20, 59.56, 
8766, 3.86, 0.20, 59.57, 
8767, 3.86, 0.20, 59.58, 
8768, 3.86, 0.20, 59.58, 
8769, 3.86, 0.20, 59.59, 
8770, 3.86, 0.20, 59.60, 
8771, 3.86, 0.20, 59.60, 
8772, 3.86, 0.20, 59.61, 
8773, 3.86, 0.19, 59.62, 
8774, 3.86, 0.20, 59.62, 
8775, 3.86, 0.20, 59.63, 
8776, 3.86, 0.20, 59.64, 
8777, 3.86, 0.20, 59.64, 
8778, 3.86, 0.20, 59.65, 
8779, 3.86, 0.20, 59.66, 
8780, 3.86, 0.19, 59.66, 
8781, 3.86, 0.20, 59.67, 
8782, 3.86, 0.20, 59.68, 
8783, 3.86, 0.20, 59.68, 
8784, 3.86, 0.20, 59.69, 
8785, 3.86, 0.19, 59.70, 
8786, 3.86, 0.20, 59.71, 
8787, 3.86, 0.20, 59.71, 
8788, 3.86, 0.20, 59.72, 
8789, 3.86, 0.20, 59.73, 
8790, 3.86, 0.20, 59.73, 
8791, 3.86, 0.20, 59.74, 
8792, 3.86, 0.20, 59.75, 
8793, 3.86, 0.20, 59.75, 
8794, 3.86, 0.20, 59.76, 
8795, 3.86, 0.19, 59.77, 
8796, 3.86, 0.20, 59.77, 
8797, 3.86, 0.19, 59.78, 
8798, 3.86, 0.20, 59.79, 
8799, 3.87, 0.20, 59.79, 
8800, 3.86, 0.20, 59.80, 
8801, 3.87, 0.20, 59.81, 
8802, 3.86, 0.20, 59.81, 
8803, 3.86, 0.19, 59.82, 
8804, 3.86, 0.20, 59.83, 
8805, 3.86, 0.20, 59.83, 
8806, 3.86, 0.20, 59.84, 
8807, 3.86, 0.19, 59.85, 
8808, 3.86, 0.20, 59.85, 
8809, 3.86, 0.20, 59.86, 
8810, 3.86, 0.19, 59.87, 
8811, 3.86, 0.19, 59.87, 
8812, 3.86, 0.20, 59.88, 
8813, 3.86, 0.20, 59.89, 
8814, 3.86, 0.19, 59.90, 
8815, 3.86, 0.20, 59.90, 
8816, 3.86, 0.19, 59.91, 
8817, 3.86, 0.20, 59.92, 
8818, 3.86, 0.20, 59.92, 
8819, 3.87, 0.20, 59.93, 
8820, 3.87, 0.20, 59.94, 
8821, 3.87, 0.20, 59.94, 
8822, 3.86, 0.20, 59.95, 
8823, 3.86, 0.19, 59.96, 
8824, 3.86, 0.20, 59.96, 
8825, 3.86, 0.20, 59.97, 
8826, 3.86, 0.20, 59.98, 
8827, 3.86, 0.19, 59.98, 
8828, 3.86, 0.20, 59.99, 
8829, 3.87, 0.20, 60.00, 
8830, 3.87, 0.20, 60.00, 
8831, 3.86, 0.20, 60.01, 
8832, 3.86, 0.20, 60.02, 
8833, 3.86, 0.20, 60.02, 
8834, 3.86, 0.19, 60.03, 
8835, 3.86, 0.20, 60.04, 
8836, 3.86, 0.19, 60.04, 
8837, 3.86, 0.20, 60.05, 
8838, 3.87, 0.20, 60.06, 
8839, 3.86, 0.19, 60.06, 
8840, 3.87, 0.20, 60.07, 
8841, 3.87, 0.20, 60.08, 
8842, 3.86, 0.20, 60.09, 
8843, 3.86, 0.20, 60.09, 
8844, 3.87, 0.20, 60.10, 
8845, 3.86, 0.20, 60.11, 
8846, 3.86, 0.20, 60.11, 
8847, 3.87, 0.20, 60.12, 
8848, 3.86, 0.20, 60.13, 
8849, 3.86, 0.20, 60.13, 
8850, 3.86, 0.19, 60.14, 
8851, 3.87, 0.20, 60.15, 
8852, 3.87, 0.20, 60.15, 
8853, 3.87, 0.20, 60.16, 
8854, 3.87, 0.20, 60.17, 
8855, 3.86, 0.20, 60.17, 
8856, 3.87, 0.20, 60.18, 
8857, 3.87, 0.20, 60.19, 
8858, 3.87, 0.20, 60.19, 
8859, 3.87, 0.19, 60.20, 
8860, 3.86, 0.20, 60.21, 
8861, 3.86, 0.20, 60.21, 
8862, 3.86, 0.19, 60.22, 
8863, 3.86, 0.20, 60.23, 
8864, 3.86, 0.20, 60.23, 
8865, 3.87, 0.20, 60.24, 
8866, 3.87, 0.19, 60.25, 
8867, 3.87, 0.19, 60.25, 
8868, 3.86, 0.19, 60.26, 
8869, 3.87, 0.20, 60.27, 
8870, 3.87, 0.20, 60.27, 
8871, 3.87, 0.19, 60.28, 
8872, 3.87, 0.20, 60.29, 
8873, 3.87, 0.20, 60.30, 
8874, 3.87, 0.20, 60.30, 
8875, 3.87, 0.20, 60.31, 
8876, 3.87, 0.20, 60.32, 
8877, 3.87, 0.19, 60.32, 
8878, 3.87, 0.20, 60.33, 
8879, 3.87, 0.19, 60.34, 
8880, 3.87, 0.19, 60.34, 
8881, 3.87, 0.19, 60.35, 
8882, 3.87, 0.20, 60.36, 
8883, 3.87, 0.20, 60.36, 
8884, 3.87, 0.20, 60.37, 
8885, 3.87, 0.20, 60.38, 
8886, 3.87, 0.19, 60.38, 
8887, 3.87, 0.20, 60.39, 
8888, 3.87, 0.20, 60.40, 
8889, 3.87, 0.20, 60.40, 
8890, 3.87, 0.19, 60.41, 
8891, 3.87, 0.20, 60.42, 
8892, 3.87, 0.20, 60.42, 
8893, 3.87, 0.20, 60.43, 
8894, 3.87, 0.20, 60.44, 
8895, 3.87, 0.20, 60.44, 
8896, 3.87, 0.20, 60.45, 
8897, 3.87, 0.20, 60.46, 
8898, 3.87, 0.19, 60.46, 
8899, 3.87, 0.19, 60.47, 
8900, 3.87, 0.19, 60.48, 
8901, 3.87, 0.19, 60.49, 
8902, 3.87, 0.20, 60.49, 
8903, 3.87, 0.19, 60.50, 
8904, 3.87, 0.19, 60.51, 
8905, 3.87, 0.19, 60.51, 
8906, 3.87, 0.20, 60.52, 
8907, 3.87, 0.19, 60.53, 
8908, 3.87, 0.19, 60.53, 
8909, 3.87, 0.20, 60.54, 
8910, 3.87, 0.20, 60.55, 
8911, 3.87, 0.20, 60.55, 
8912, 3.87, 0.19, 60.56, 
8913, 3.87, 0.19, 60.57, 
8914, 3.87, 0.19, 60.57, 
8915, 3.87, 0.20, 60.58, 
8916, 3.87, 0.19, 60.59, 
8917, 3.87, 0.19, 60.59, 
8918, 3.87, 0.20, 60.60, 
8919, 3.87, 0.20, 60.61, 
8920, 3.87, 0.20, 60.61, 
8921, 3.87, 0.19, 60.62, 
8922, 3.87, 0.19, 60.63, 
8923, 3.87, 0.19, 60.63, 
8924, 3.87, 0.20, 60.64, 
8925, 3.87, 0.19, 60.65, 
8926, 3.87, 0.19, 60.65, 
8927, 3.87, 0.19, 60.66, 
8928, 3.87, 0.19, 60.67, 
8929, 3.87, 0.19, 60.67, 
8930, 3.87, 0.20, 60.68, 
8931, 3.87, 0.19, 60.69, 
8932, 3.87, 0.20, 60.70, 
8933, 3.87, 0.19, 60.70, 
8934, 3.87, 0.19, 60.71, 
8935, 3.87, 0.19, 60.72, 
8936, 3.87, 0.19, 60.72, 
8937, 3.87, 0.20, 60.73, 
8938, 3.87, 0.19, 60.74, 
8939, 3.87, 0.19, 60.74, 
8940, 3.87, 0.19, 60.75, 
8941, 3.87, 0.19, 60.76, 
8942, 3.87, 0.19, 60.76, 
8943, 3.87, 0.19, 60.77, 
8944, 3.87, 0.19, 60.78, 
8945, 3.87, 0.19, 60.78, 
8946, 3.87, 0.19, 60.79, 
8947, 3.87, 0.20, 60.80, 
8948, 3.87, 0.19, 60.80, 
8949, 3.87, 0.19, 60.81, 
8950, 3.87, 0.19, 60.82, 
8951, 3.87, 0.19, 60.82, 
8952, 3.87, 0.19, 60.83, 
8953, 3.87, 0.19, 60.84, 
8954, 3.87, 0.19, 60.84, 
8955, 3.88, 0.19, 60.85, 
8956, 3.87, 0.19, 60.86, 
8957, 3.87, 0.19, 60.86, 
8958, 3.87, 0.19, 60.87, 
8959, 3.87, 0.19, 60.88, 
8960, 3.87, 0.19, 60.88, 
8961, 3.87, 0.19, 60.89, 
8962, 3.87, 0.19, 60.90, 
8963, 3.87, 0.19, 60.91, 
8964, 3.88, 0.19, 60.91, 
8965, 3.87, 0.19, 60.92, 
8966, 3.87, 0.19, 60.93, 
8967, 3.87, 0.19, 60.93, 
8968, 3.87, 0.19, 60.94, 
8969, 3.88, 0.19, 60.95, 
8970, 3.87, 0.19, 60.95, 
8971, 3.87, 0.19, 60.96, 
8972, 3.87, 0.19, 60.97, 
8973, 3.88, 0.19, 60.97, 
8974, 3.87, 0.19, 60.98, 
8975, 3.88, 0.19, 60.99, 
8976, 3.87, 0.19, 60.99, 
8977, 3.87, 0.19, 61.00, 
8978, 3.87, 0.19, 61.01, 
8979, 3.87, 0.19, 61.01, 
8980, 3.87, 0.19, 61.02, 
8981, 3.87, 0.19, 61.03, 
8982, 3.87, 0.19, 61.03, 
8983, 3.88, 0.19, 61.04, 
8984, 3.88, 0.19, 61.05, 
8985, 3.88, 0.19, 61.05, 
8986, 3.88, 0.19, 61.06, 
8987, 3.87, 0.19, 61.07, 
8988, 3.87, 0.19, 61.07, 
8989, 3.88, 0.19, 61.08, 
8990, 3.88, 0.19, 61.09, 
8991, 3.88, 0.19, 61.09, 
8992, 3.88, 0.19, 61.10, 
8993, 3.87, 0.19, 61.11, 
8994, 3.88, 0.19, 61.11, 
8995, 3.87, 0.19, 61.12, 
8996, 3.88, 0.19, 61.13, 
8997, 3.88, 0.19, 61.14, 
8998, 3.88, 0.19, 61.14, 
8999, 3.87, 0.19, 61.15, 
9000, 3.88, 0.19, 61.16, 
9001, 3.87, 0.19, 61.16, 
9002, 3.87, 0.19, 61.17, 
9003, 3.88, 0.19, 61.18, 
9004, 3.87, 0.19, 61.18, 
9005, 3.88, 0.19, 61.19, 
9006, 3.88, 0.19, 61.20, 
9007, 3.88, 0.19, 61.20, 
9008, 3.88, 0.19, 61.21, 
9009, 3.88, 0.19, 61.22, 
9010, 3.87, 0.19, 61.22, 
9011, 3.88, 0.19, 61.23, 
9012, 3.87, 0.19, 61.24, 
9013, 3.87, 0.19, 61.24, 
9014, 3.87, 0.19, 61.25, 
9015, 3.87, 0.19, 61.26, 
9016, 3.87, 0.19, 61.26, 
9017, 3.87, 0.19, 61.27, 
9018, 3.87, 0.19, 61.28, 
9019, 3.88, 0.19, 61.28, 
9020, 3.88, 0.19, 61.29, 
9021, 3.88, 0.19, 61.30, 
9022, 3.87, 0.19, 61.30, 
9023, 3.88, 0.19, 61.31, 
9024, 3.88, 0.19, 61.32, 
9025, 3.87, 0.19, 61.32, 
9026, 3.87, 0.19, 61.33, 
9027, 3.88, 0.19, 61.34, 
9028, 3.87, 0.19, 61.34, 
9029, 3.88, 0.19, 61.35, 
9030, 3.87, 0.19, 61.36, 
9031, 3.87, 0.19, 61.36, 
9032, 3.88, 0.19, 61.37, 
9033, 3.88, 0.19, 61.38, 
9034, 3.88, 0.19, 61.38, 
9035, 3.88, 0.19, 61.39, 
9036, 3.87, 0.19, 61.40, 
9037, 3.87, 0.19, 61.40, 
9038, 3.87, 0.19, 61.41, 
9039, 3.87, 0.19, 61.42, 
9040, 3.88, 0.19, 61.43, 
9041, 3.88, 0.19, 61.43, 
9042, 3.88, 0.19, 61.44, 
9043, 3.88, 0.19, 61.45, 
9044, 3.88, 0.19, 61.45, 
9045, 3.88, 0.19, 61.46, 
9046, 3.87, 0.19, 61.47, 
9047, 3.87, 0.19, 61.47, 
9048, 3.88, 0.19, 61.48, 
9049, 3.88, 0.19, 61.49, 
9050, 3.88, 0.19, 61.49, 
9051, 3.87, 0.19, 61.50, 
9052, 3.87, 0.19, 61.51, 
9053, 3.88, 0.19, 61.51, 
9054, 3.88, 0.19, 61.52, 
9055, 3.88, 0.19, 61.53, 
9056, 3.89, 0.19, 61.53, 
9057, 3.88, 0.19, 61.54, 
9058, 3.88, 0.19, 61.55, 
9059, 3.87, 0.19, 61.55, 
9060, 3.88, 0.19, 61.56, 
9061, 3.88, 0.19, 61.57, 
9062, 3.88, 0.19, 61.57, 
9063, 3.88, 0.19, 61.58, 
9064, 3.88, 0.19, 61.59, 
9065, 3.88, 0.19, 61.59, 
9066, 3.89, 0.19, 61.60, 
9067, 3.89, 0.19, 61.61, 
9068, 3.88, 0.19, 61.61, 
9069, 3.87, 0.19, 61.62, 
9070, 3.87, 0.19, 61.63, 
9071, 3.89, 0.19, 61.63, 
9072, 3.89, 0.19, 61.64, 
9073, 3.88, 0.19, 61.65, 
9074, 3.88, 0.19, 61.65, 
9075, 3.88, 0.19, 61.66, 
9076, 3.88, 0.19, 61.67, 
9077, 3.88, 0.19, 61.67, 
9078, 3.88, 0.19, 61.68, 
9079, 3.89, 0.19, 61.69, 
9080, 3.88, 0.19, 61.69, 
9081, 3.87, 0.19, 61.70, 
9082, 3.88, 0.19, 61.71, 
9083, 3.88, 0.19, 61.71, 
9084, 3.89, 0.19, 61.72, 
9085, 3.88, 0.19, 61.73, 
9086, 3.89, 0.19, 61.73, 
9087, 3.88, 0.19, 61.74, 
9088, 3.89, 0.19, 61.75, 
9089, 3.88, 0.19, 61.75, 
9090, 3.88, 0.19, 61.76, 
9091, 3.89, 0.19, 61.77, 
9092, 3.88, 0.19, 61.77, 
9093, 3.89, 0.19, 61.78, 
9094, 3.88, 0.19, 61.79, 
9095, 3.88, 0.19, 61.79, 
9096, 3.88, 0.19, 61.80, 
9097, 3.88, 0.19, 61.81, 
9098, 3.88, 0.19, 61.81, 
9099, 3.89, 0.19, 61.82, 
9100, 3.88, 0.19, 61.83, 
9101, 3.88, 0.19, 61.83, 
9102, 3.89, 0.19, 61.84, 
9103, 3.89, 0.19, 61.85, 
9104, 3.88, 0.19, 61.85, 
9105, 3.89, 0.19, 61.86, 
9106, 3.88, 0.19, 61.87, 
9107, 3.88, 0.19, 61.87, 
9108, 3.89, 0.19, 61.88, 
9109, 3.88, 0.19, 61.89, 
9110, 3.89, 0.19, 61.89, 
9111, 3.87, 0.19, 61.90, 
9112, 3.89, 0.19, 61.91, 
9113, 3.88, 0.19, 61.91, 
9114, 3.89, 0.19, 61.92, 
9115, 3.88, 0.19, 61.93, 
9116, 3.88, 0.19, 61.93, 
9117, 3.88, 0.19, 61.94, 
9118, 3.88, 0.19, 61.95, 
9119, 3.89, 0.19, 61.95, 
9120, 3.88, 0.19, 61.96, 
9121, 3.88, 0.19, 61.97, 
9122, 3.89, 0.19, 61.97, 
9123, 3.89, 0.19, 61.98, 
9124, 3.89, 0.19, 61.99, 
9125, 3.88, 0.19, 61.99, 
9126, 3.88, 0.19, 62.00, 
9127, 3.88, 0.19, 62.01, 
9128, 3.89, 0.19, 62.01, 
9129, 3.89, 0.19, 62.02, 
9130, 3.88, 0.19, 62.03, 
9131, 3.88, 0.19, 62.03, 
9132, 3.89, 0.19, 62.04, 
9133, 3.89, 0.19, 62.05, 
9134, 3.89, 0.19, 62.05, 
9135, 3.88, 0.19, 62.06, 
9136, 3.88, 0.19, 62.07, 
9137, 3.89, 0.19, 62.07, 
9138, 3.89, 0.19, 62.08, 
9139, 3.88, 0.19, 62.09, 
9140, 3.89, 0.19, 62.09, 
9141, 3.89, 0.19, 62.10, 
9142, 3.89, 0.19, 62.11, 
9143, 3.89, 0.19, 62.11, 
9144, 3.88, 0.19, 62.12, 
9145, 3.89, 0.19, 62.13, 
9146, 3.89, 0.19, 62.13, 
9147, 3.89, 0.19, 62.14, 
9148, 3.88, 0.19, 62.15, 
9149, 3.89, 0.19, 62.15, 
9150, 3.88, 0.19, 62.16, 
9151, 3.88, 0.19, 62.17, 
9152, 3.89, 0.19, 62.17, 
9153, 3.88, 0.19, 62.18, 
9154, 3.88, 0.19, 62.19, 
9155, 3.88, 0.19, 62.19, 
9156, 3.88, 0.19, 62.20, 
9157, 3.89, 0.19, 62.21, 
9158, 3.88, 0.19, 62.21, 
9159, 3.89, 0.19, 62.22, 
9160, 3.89, 0.19, 62.23, 
9161, 3.88, 0.19, 62.23, 
9162, 3.89, 0.19, 62.24, 
9163, 3.89, 0.19, 62.25, 
9164, 3.89, 0.19, 62.25, 
9165, 3.89, 0.19, 62.26, 
9166, 3.89, 0.19, 62.27, 
9167, 3.88, 0.19, 62.27, 
9168, 3.89, 0.19, 62.28, 
9169, 3.89, 0.19, 62.29, 
9170, 3.88, 0.19, 62.29, 
9171, 3.87, 0.19, 62.30, 
9172, 3.88, 0.19, 62.31, 
9173, 3.89, 0.19, 62.31, 
9174, 3.89, 0.19, 62.32, 
9175, 3.89, 0.19, 62.33, 
9176, 3.89, 0.19, 62.33, 
9177, 3.89, 0.19, 62.34, 
9178, 3.89, 0.19, 62.35, 
9179, 3.88, 0.19, 62.35, 
9180, 3.89, 0.19, 62.36, 
9181, 3.89, 0.19, 62.37, 
9182, 3.89, 0.19, 62.37, 
9183, 3.88, 0.19, 62.38, 
9184, 3.90, 0.19, 62.39, 
9185, 3.89, 0.19, 62.39, 
9186, 3.89, 0.19, 62.40, 
9187, 3.89, 0.19, 62.40, 
9188, 3.89, 0.19, 62.41, 
9189, 3.89, 0.19, 62.42, 
9190, 3.87, 0.19, 62.42, 
9191, 3.89, 0.19, 62.43, 
9192, 3.89, 0.19, 62.44, 
9193, 3.89, 0.19, 62.44, 
9194, 3.89, 0.19, 62.45, 
9195, 3.89, 0.19, 62.46, 
9196, 3.89, 0.19, 62.46, 
9197, 3.90, 0.19, 62.47, 
9198, 3.89, 0.19, 62.48, 
9199, 3.88, 0.19, 62.48, 
9200, 3.90, 0.19, 62.49, 
9201, 3.89, 0.19, 62.50, 
9202, 3.89, 0.19, 62.50, 
9203, 3.90, 0.19, 62.51, 
9204, 3.88, 0.19, 62.52, 
9205, 3.90, 0.19, 62.52, 
9206, 3.90, 0.19, 62.53, 
9207, 3.90, 0.19, 62.54, 
9208, 3.89, 0.19, 62.54, 
9209, 3.89, 0.19, 62.55, 
9210, 3.89, 0.19, 62.56, 
9211, 3.89, 0.19, 62.56, 
9212, 3.89, 0.19, 62.57, 
9213, 3.90, 0.19, 62.58, 
9214, 3.89, 0.19, 62.58, 
9215, 3.89, 0.19, 62.59, 
9216, 3.90, 0.19, 62.60, 
9217, 3.90, 0.19, 62.60, 
9218, 3.89, 0.19, 62.61, 
9219, 3.89, 0.19, 62.61, 
9220, 3.90, 0.19, 62.62, 
9221, 3.90, 0.19, 62.63, 
9222, 3.89, 0.19, 62.63, 
9223, 3.89, 0.19, 62.64, 
9224, 3.90, 0.19, 62.65, 
9225, 3.89, 0.19, 62.65, 
9226, 3.89, 0.19, 62.66, 
9227, 3.89, 0.19, 62.67, 
9228, 3.89, 0.19, 62.67, 
9229, 3.90, 0.19, 62.68, 
9230, 3.89, 0.19, 62.69, 
9231, 3.90, 0.19, 62.69, 
9232, 3.90, 0.19, 62.70, 
9233, 3.90, 0.19, 62.71, 
9234, 3.90, 0.19, 62.71, 
9235, 3.89, 0.19, 62.72, 
9236, 3.90, 0.19, 62.73, 
9237, 3.90, 0.19, 62.73, 
9238, 3.89, 0.19, 62.74, 
9239, 3.90, 0.19, 62.75, 
9240, 3.90, 0.19, 62.75, 
9241, 3.89, 0.19, 62.76, 
9242, 3.89, 0.19, 62.77, 
9243, 3.89, 0.19, 62.77, 
9244, 3.89, 0.19, 62.78, 
9245, 3.90, 0.19, 62.78, 
9246, 3.90, 0.19, 62.79, 
9247, 3.90, 0.19, 62.80, 
9248, 3.90, 0.19, 62.80, 
9249, 3.89, 0.19, 62.81, 
9250, 3.89, 0.19, 62.82, 
9251, 3.90, 0.19, 62.82, 
9252, 3.90, 0.19, 62.83, 
9253, 3.90, 0.19, 62.84, 
9254, 3.89, 0.19, 62.84, 
9255, 3.90, 0.19, 62.85, 
9256, 3.90, 0.19, 62.86, 
9257, 3.90, 0.19, 62.86, 
9258, 3.90, 0.19, 62.87, 
9259, 3.89, 0.19, 62.88, 
9260, 3.90, 0.19, 62.88, 
9261, 3.89, 0.19, 62.89, 
9262, 3.90, 0.19, 62.90, 
9263, 3.90, 0.19, 62.90, 
9264, 3.90, 0.19, 62.91, 
9265, 3.91, 0.19, 62.92, 
9266, 3.89, 0.19, 62.92, 
9267, 3.90, 0.19, 62.93, 
9268, 3.90, 0.19, 62.93, 
9269, 3.90, 0.19, 62.94, 
9270, 3.90, 0.19, 62.95, 
9271, 3.90, 0.19, 62.95, 
9272, 3.90, 0.19, 62.96, 
9273, 3.90, 0.19, 62.97, 
9274, 3.90, 0.19, 62.97, 
9275, 3.90, 0.19, 62.98, 
9276, 3.90, 0.19, 62.99, 
9277, 3.89, 0.19, 62.99, 
9278, 3.89, 0.19, 63.00, 
9279, 3.91, 0.19, 63.01, 
9280, 3.90, 0.19, 63.01, 
9281, 3.90, 0.19, 63.02, 
9282, 3.90, 0.19, 63.03, 
9283, 3.89, 0.19, 63.03, 
9284, 3.90, 0.19, 63.04, 
9285, 3.90, 0.19, 63.04, 
9286, 3.90, 0.19, 63.05, 
9287, 3.90, 0.19, 63.06, 
9288, 3.90, 0.19, 63.06, 
9289, 3.91, 0.19, 63.07, 
9290, 3.91, 0.19, 63.08, 
9291, 3.90, 0.19, 63.08, 
9292, 3.90, 0.19, 63.09, 
9293, 3.90, 0.19, 63.10, 
9294, 3.90, 0.19, 63.10, 
9295, 3.90, 0.19, 63.11, 
9296, 3.90, 0.19, 63.12, 
9297, 3.90, 0.19, 63.12, 
9298, 3.90, 0.19, 63.13, 
9299, 3.90, 0.19, 63.14, 
9300, 3.90, 0.19, 63.14, 
9301, 3.90, 0.18, 63.15, 
9302, 3.90, 0.19, 63.15, 
9303, 3.90, 0.19, 63.16, 
9304, 3.91, 0.19, 63.17, 
9305, 3.90, 0.19, 63.17, 
9306, 3.90, 0.18, 63.18, 
9307, 3.90, 0.19, 63.19, 
9308, 3.90, 0.19, 63.19, 
9309, 3.90, 0.19, 63.20, 
9310, 3.90, 0.19, 63.21, 
9311, 3.90, 0.18, 63.21, 
9312, 3.90, 0.19, 63.22, 
9313, 3.90, 0.19, 63.23, 
9314, 3.91, 0.18, 63.23, 
9315, 3.90, 0.18, 63.24, 
9316, 3.90, 0.19, 63.24, 
9317, 3.90, 0.18, 63.25, 
9318, 3.90, 0.18, 63.26, 
9319, 3.90, 0.18, 63.26, 
9320, 3.90, 0.18, 63.27, 
9321, 3.90, 0.18, 63.28, 
9322, 3.90, 0.18, 63.28, 
9323, 3.90, 0.18, 63.29, 
9324, 3.90, 0.18, 63.30, 
9325, 3.90, 0.18, 63.30, 
9326, 3.91, 0.18, 63.31, 
9327, 3.90, 0.18, 63.32, 
9328, 3.90, 0.18, 63.32, 
9329, 3.90, 0.18, 63.33, 
9330, 3.90, 0.18, 63.33, 
9331, 3.90, 0.18, 63.34, 
9332, 3.90, 0.18, 63.35, 
9333, 3.90, 0.18, 63.35, 
9334, 3.90, 0.18, 63.36, 
9335, 3.90, 0.18, 63.37, 
9336, 3.90, 0.18, 63.37, 
9337, 3.91, 0.18, 63.38, 
9338, 3.90, 0.18, 63.39, 
9339, 3.90, 0.18, 63.39, 
9340, 3.90, 0.18, 63.40, 
9341, 3.90, 0.18, 63.40, 
9342, 3.90, 0.18, 63.41, 
9343, 3.90, 0.18, 63.42, 
9344, 3.90, 0.18, 63.42, 
9345, 3.90, 0.18, 63.43, 
9346, 3.90, 0.18, 63.44, 
9347, 3.90, 0.18, 63.44, 
9348, 3.90, 0.18, 63.45, 
9349, 3.90, 0.18, 63.46, 
9350, 3.91, 0.18, 63.46, 
9351, 3.90, 0.18, 63.47, 
9352, 3.90, 0.18, 63.47, 
9353, 3.90, 0.18, 63.48, 
9354, 3.90, 0.18, 63.49, 
9355, 3.90, 0.18, 63.49, 
9356, 3.91, 0.18, 63.50, 
9357, 3.90, 0.18, 63.51, 
9358, 3.90, 0.18, 63.51, 
9359, 3.91, 0.18, 63.52, 
9360, 3.91, 0.18, 63.53, 
9361, 3.90, 0.18, 63.53, 
9362, 3.90, 0.18, 63.54, 
9363, 3.90, 0.18, 63.55, 
9364, 3.91, 0.18, 63.55, 
9365, 3.90, 0.18, 63.56, 
9366, 3.90, 0.18, 63.56, 
9367, 3.90, 0.18, 63.57, 
9368, 3.90, 0.18, 63.58, 
9369, 3.90, 0.18, 63.58, 
9370, 3.90, 0.18, 63.59, 
9371, 3.91, 0.18, 63.60, 
9372, 3.90, 0.18, 63.60, 
9373, 3.90, 0.18, 63.61, 
9374, 3.91, 0.18, 63.62, 
9375, 3.91, 0.18, 63.62, 
9376, 3.90, 0.18, 63.63, 
9377, 3.91, 0.18, 63.63, 
9378, 3.91, 0.18, 63.64, 
9379, 3.91, 0.18, 63.65, 
9380, 3.91, 0.18, 63.65, 
9381, 3.91, 0.18, 63.66, 
9382, 3.91, 0.18, 63.67, 
9383, 3.91, 0.18, 63.67, 
9384, 3.91, 0.18, 63.68, 
9385, 3.91, 0.18, 63.68, 
9386, 3.91, 0.18, 63.69, 
9387, 3.91, 0.18, 63.70, 
9388, 3.91, 0.18, 63.70, 
9389, 3.91, 0.18, 63.71, 
9390, 3.91, 0.18, 63.72, 
9391, 3.91, 0.18, 63.72, 
9392, 3.91, 0.18, 63.73, 
9393, 3.91, 0.18, 63.74, 
9394, 3.90, 0.18, 63.74, 
9395, 3.91, 0.18, 63.75, 
9396, 3.91, 0.18, 63.75, 
9397, 3.91, 0.18, 63.76, 
9398, 3.91, 0.18, 63.77, 
9399, 3.91, 0.18, 63.77, 
9400, 3.91, 0.18, 63.78, 
9401, 3.91, 0.18, 63.79, 
9402, 3.91, 0.18, 63.79, 
9403, 3.91, 0.18, 63.80, 
9404, 3.91, 0.18, 63.81, 
9405, 3.91, 0.18, 63.81, 
9406, 3.90, 0.18, 63.82, 
9407, 3.91, 0.18, 63.82, 
9408, 3.91, 0.18, 63.83, 
9409, 3.91, 0.18, 63.84, 
9410, 3.91, 0.18, 63.84, 
9411, 3.91, 0.18, 63.85, 
9412, 3.90, 0.18, 63.86, 
9413, 3.91, 0.18, 63.86, 
9414, 3.91, 0.18, 63.87, 
9415, 3.91, 0.18, 63.87, 
9416, 3.91, 0.18, 63.88, 
9417, 3.91, 0.18, 63.89, 
9418, 3.91, 0.18, 63.89, 
9419, 3.91, 0.18, 63.90, 
9420, 3.91, 0.18, 63.91, 
9421, 3.91, 0.18, 63.91, 
9422, 3.91, 0.18, 63.92, 
9423, 3.91, 0.18, 63.93, 
9424, 3.91, 0.18, 63.93, 
9425, 3.91, 0.18, 63.94, 
9426, 3.91, 0.18, 63.94, 
9427, 3.91, 0.18, 63.95, 
9428, 3.91, 0.18, 63.96, 
9429, 3.90, 0.18, 63.96, 
9430, 3.90, 0.18, 63.97, 
9431, 3.90, 0.18, 63.98, 
9432, 3.91, 0.18, 63.98, 
9433, 3.91, 0.18, 63.99, 
9434, 3.90, 0.18, 63.99, 
9435, 3.92, 0.18, 64.00, 
9436, 3.91, 0.18, 64.01, 
9437, 3.91, 0.18, 64.01, 
9438, 3.90, 0.18, 64.02, 
9439, 3.91, 0.18, 64.03, 
9440, 3.90, 0.18, 64.03, 
9441, 3.91, 0.18, 64.04, 
9442, 3.91, 0.18, 64.04, 
9443, 3.91, 0.18, 64.05, 
9444, 3.91, 0.18, 64.06, 
9445, 3.91, 0.18, 64.06, 
9446, 3.90, 0.18, 64.07, 
9447, 3.92, 0.18, 64.08, 
9448, 3.92, 0.18, 64.08, 
9449, 3.91, 0.18, 64.09, 
9450, 3.92, 0.18, 64.09, 
9451, 3.90, 0.18, 64.10, 
9452, 3.91, 0.18, 64.11, 
9453, 3.90, 0.18, 64.11, 
9454, 3.91, 0.18, 64.12, 
9455, 3.92, 0.18, 64.13, 
9456, 3.92, 0.18, 64.13, 
9457, 3.91, 0.18, 64.14, 
9458, 3.91, 0.18, 64.14, 
9459, 3.91, 0.18, 64.15, 
9460, 3.91, 0.18, 64.16, 
9461, 3.92, 0.18, 64.16, 
9462, 3.91, 0.18, 64.17, 
9463, 3.91, 0.18, 64.18, 
9464, 3.91, 0.18, 64.18, 
9465, 3.92, 0.18, 64.19, 
9466, 3.91, 0.18, 64.19, 
9467, 3.91, 0.18, 64.20, 
9468, 3.91, 0.18, 64.21, 
9469, 3.90, 0.18, 64.21, 
9470, 3.91, 0.18, 64.22, 
9471, 3.92, 0.18, 64.23, 
9472, 3.91, 0.18, 64.23, 
9473, 3.91, 0.18, 64.24, 
9474, 3.92, 0.18, 64.24, 
9475, 3.91, 0.18, 64.25, 
9476, 3.92, 0.18, 64.26, 
9477, 3.92, 0.18, 64.26, 
9478, 3.92, 0.18, 64.27, 
9479, 3.92, 0.18, 64.28, 
9480, 3.91, 0.18, 64.28, 
9481, 3.92, 0.18, 64.29, 
9482, 3.91, 0.18, 64.29, 
9483, 3.91, 0.18, 64.30, 
9484, 3.91, 0.18, 64.31, 
9485, 3.91, 0.18, 64.31, 
9486, 3.91, 0.18, 64.32, 
9487, 3.91, 0.18, 64.33, 
9488, 3.91, 0.18, 64.33, 
9489, 3.91, 0.18, 64.34, 
9490, 3.91, 0.18, 64.34, 
9491, 3.91, 0.18, 64.35, 
9492, 3.91, 0.18, 64.36, 
9493, 3.91, 0.18, 64.36, 
9494, 3.92, 0.18, 64.37, 
9495, 3.92, 0.18, 64.38, 
9496, 3.91, 0.18, 64.38, 
9497, 3.92, 0.18, 64.39, 
9498, 3.92, 0.18, 64.39, 
9499, 3.91, 0.18, 64.40, 
9500, 3.91, 0.18, 64.41, 
9501, 3.92, 0.18, 64.41, 
9502, 3.92, 0.18, 64.42, 
9503, 3.92, 0.18, 64.43, 
9504, 3.92, 0.18, 64.43, 
9505, 3.92, 0.18, 64.44, 
9506, 3.91, 0.18, 64.44, 
9507, 3.91, 0.18, 64.45, 
9508, 3.91, 0.18, 64.46, 
9509, 3.91, 0.18, 64.46, 
9510, 3.91, 0.18, 64.47, 
9511, 3.91, 0.18, 64.47, 
9512, 3.91, 0.18, 64.48, 
9513, 3.92, 0.18, 64.49, 
9514, 3.92, 0.18, 64.49, 
9515, 3.92, 0.18, 64.50, 
9516, 3.91, 0.18, 64.51, 
9517, 3.92, 0.18, 64.51, 
9518, 3.92, 0.18, 64.52, 
9519, 3.92, 0.18, 64.52, 
9520, 3.92, 0.18, 64.53, 
9521, 3.91, 0.18, 64.54, 
9522, 3.91, 0.18, 64.54, 
9523, 3.91, 0.18, 64.55, 
9524, 3.92, 0.18, 64.56, 
9525, 3.92, 0.18, 64.56, 
9526, 3.92, 0.18, 64.57, 
9527, 3.92, 0.18, 64.57, 
9528, 3.92, 0.18, 64.58, 
9529, 3.91, 0.18, 64.59, 
9530, 3.92, 0.18, 64.59, 
9531, 3.92, 0.18, 64.60, 
9532, 3.92, 0.18, 64.60, 
9533, 3.91, 0.18, 64.61, 
9534, 3.92, 0.18, 64.62, 
9535, 3.92, 0.18, 64.62, 
9536, 3.91, 0.18, 64.63, 
9537, 3.92, 0.18, 64.64, 
9538, 3.92, 0.18, 64.64, 
9539, 3.91, 0.18, 64.65, 
9540, 3.92, 0.18, 64.65, 
9541, 3.92, 0.18, 64.66, 
9542, 3.91, 0.18, 64.67, 
9543, 3.92, 0.18, 64.67, 
9544, 3.92, 0.18, 64.68, 
9545, 3.92, 0.18, 64.68, 
9546, 3.92, 0.18, 64.69, 
9547, 3.92, 0.18, 64.70, 
9548, 3.92, 0.18, 64.70, 
9549, 3.92, 0.18, 64.71, 
9550, 3.92, 0.18, 64.72, 
9551, 3.91, 0.18, 64.72, 
9552, 3.91, 0.18, 64.73, 
9553, 3.91, 0.18, 64.73, 
9554, 3.92, 0.18, 64.74, 
9555, 3.92, 0.18, 64.75, 
9556, 3.92, 0.18, 64.75, 
9557, 3.91, 0.18, 64.76, 
9558, 3.92, 0.18, 64.76, 
9559, 3.92, 0.18, 64.77, 
9560, 3.92, 0.18, 64.78, 
9561, 3.92, 0.18, 64.78, 
9562, 3.92, 0.18, 64.79, 
9563, 3.92, 0.18, 64.80, 
9564, 3.92, 0.18, 64.80, 
9565, 3.92, 0.18, 64.81, 
9566, 3.92, 0.18, 64.81, 
9567, 3.92, 0.18, 64.82, 
9568, 3.92, 0.18, 64.83, 
9569, 3.92, 0.18, 64.83, 
9570, 3.92, 0.18, 64.84, 
9571, 3.92, 0.18, 64.84, 
9572, 3.92, 0.18, 64.85, 
9573, 3.92, 0.18, 64.86, 
9574, 3.92, 0.18, 64.86, 
9575, 3.92, 0.18, 64.87, 
9576, 3.92, 0.18, 64.88, 
9577, 3.92, 0.18, 64.88, 
9578, 3.92, 0.18, 64.89, 
9579, 3.92, 0.18, 64.89, 
9580, 3.92, 0.18, 64.90, 
9581, 3.92, 0.18, 64.91, 
9582, 3.92, 0.18, 64.91, 
9583, 3.92, 0.18, 64.92, 
9584, 3.92, 0.18, 64.92, 
9585, 3.92, 0.18, 64.93, 
9586, 3.92, 0.18, 64.94, 
9587, 3.93, 0.17, 64.94, 
9588, 3.92, 0.18, 64.95, 
9589, 3.92, 0.18, 64.95, 
9590, 3.92, 0.18, 64.96, 
9591, 3.92, 0.18, 64.97, 
9592, 3.92, 0.18, 64.97, 
9593, 3.92, 0.18, 64.98, 
9594, 3.92, 0.18, 64.99, 
9595, 3.92, 0.18, 64.99, 
9596, 3.92, 0.18, 65.00, 
9597, 3.92, 0.18, 65.00, 
9598, 3.92, 0.17, 65.01, 
9599, 3.92, 0.18, 65.02, 
9600, 3.92, 0.17, 65.02, 
9601, 3.92, 0.18, 65.03, 
9602, 3.93, 0.18, 65.03, 
9603, 3.92, 0.18, 65.04, 
9604, 3.93, 0.17, 65.05, 
9605, 3.92, 0.18, 65.05, 
9606, 3.92, 0.18, 65.06, 
9607, 3.93, 0.18, 65.06, 
9608, 3.93, 0.18, 65.07, 
9609, 3.92, 0.17, 65.08, 
9610, 3.92, 0.17, 65.08, 
9611, 3.92, 0.17, 65.09, 
9612, 3.92, 0.17, 65.10, 
9613, 3.92, 0.18, 65.10, 
9614, 3.93, 0.17, 65.11, 
9615, 3.92, 0.17, 65.11, 
9616, 3.92, 0.18, 65.12, 
9617, 3.93, 0.17, 65.13, 
9618, 3.92, 0.17, 65.13, 
9619, 3.93, 0.17, 65.14, 
9620, 3.92, 0.17, 65.14, 
9621, 3.92, 0.17, 65.15, 
9622, 3.92, 0.17, 65.16, 
9623, 3.93, 0.17, 65.16, 
9624, 3.92, 0.17, 65.17, 
9625, 3.93, 0.17, 65.17, 
9626, 3.93, 0.17, 65.18, 
9627, 3.92, 0.17, 65.19, 
9628, 3.92, 0.17, 65.19, 
9629, 3.92, 0.17, 65.20, 
9630, 3.93, 0.17, 65.20, 
9631, 3.92, 0.17, 65.21, 
9632, 3.93, 0.17, 65.22, 
9633, 3.93, 0.17, 65.22, 
9634, 3.92, 0.17, 65.23, 
9635, 3.92, 0.17, 65.23, 
9636, 3.92, 0.17, 65.24, 
9637, 3.92, 0.17, 65.25, 
9638, 3.92, 0.17, 65.25, 
9639, 3.93, 0.17, 65.26, 
9640, 3.92, 0.17, 65.26, 
9641, 3.93, 0.17, 65.27, 
9642, 3.93, 0.17, 65.28, 
9643, 3.92, 0.17, 65.28, 
9644, 3.92, 0.17, 65.29, 
9645, 3.92, 0.17, 65.29, 
9646, 3.93, 0.17, 65.30, 
9647, 3.93, 0.17, 65.31, 
9648, 3.93, 0.17, 65.31, 
9649, 3.92, 0.17, 65.32, 
9650, 3.92, 0.17, 65.32, 
9651, 3.93, 0.17, 65.33, 
9652, 3.92, 0.17, 65.34, 
9653, 3.93, 0.17, 65.34, 
9654, 3.93, 0.17, 65.35, 
9655, 3.92, 0.17, 65.36, 
9656, 3.92, 0.17, 65.36, 
9657, 3.93, 0.17, 65.37, 
9658, 3.93, 0.17, 65.37, 
9659, 3.92, 0.17, 65.38, 
9660, 3.92, 0.17, 65.39, 
9661, 3.93, 0.17, 65.39, 
9662, 3.93, 0.17, 65.40, 
9663, 3.93, 0.17, 65.40, 
9664, 3.92, 0.17, 65.41, 
9665, 3.92, 0.17, 65.42, 
9666, 3.92, 0.17, 65.42, 
9667, 3.93, 0.17, 65.43, 
9668, 3.92, 0.17, 65.43, 
9669, 3.93, 0.17, 65.44, 
9670, 3.92, 0.17, 65.45, 
9671, 3.92, 0.17, 65.45, 
9672, 3.93, 0.17, 65.46, 
9673, 3.93, 0.17, 65.46, 
9674, 3.93, 0.17, 65.47, 
9675, 3.93, 0.17, 65.48, 
9676, 3.92, 0.17, 65.48, 
9677, 3.92, 0.17, 65.49, 
9678, 3.93, 0.17, 65.49, 
9679, 3.93, 0.17, 65.50, 
9680, 3.93, 0.17, 65.51, 
9681, 3.92, 0.17, 65.51, 
9682, 3.93, 0.17, 65.52, 
9683, 3.92, 0.17, 65.52, 
9684, 3.93, 0.17, 65.53, 
9685, 3.92, 0.17, 65.54, 
9686, 3.93, 0.17, 65.54, 
9687, 3.92, 0.17, 65.55, 
9688, 3.93, 0.17, 65.55, 
9689, 3.93, 0.17, 65.56, 
9690, 3.92, 0.17, 65.56, 
9691, 3.93, 0.17, 65.57, 
9692, 3.92, 0.17, 65.58, 
9693, 3.92, 0.17, 65.58, 
9694, 3.92, 0.17, 65.59, 
9695, 3.93, 0.17, 65.59, 
9696, 3.93, 0.17, 65.60, 
9697, 3.92, 0.17, 65.61, 
9698, 3.93, 0.17, 65.61, 
9699, 3.93, 0.17, 65.62, 
9700, 3.93, 0.17, 65.62, 
9701, 3.93, 0.17, 65.63, 
9702, 3.93, 0.17, 65.64, 
9703, 3.93, 0.17, 65.64, 
9704, 3.93, 0.17, 65.65, 
9705, 3.93, 0.17, 65.65, 
9706, 3.92, 0.17, 65.66, 
9707, 3.92, 0.17, 65.67, 
9708, 3.92, 0.17, 65.67, 
9709, 3.93, 0.17, 65.68, 
9710, 3.93, 0.17, 65.68, 
9711, 3.92, 0.17, 65.69, 
9712, 3.92, 0.17, 65.70, 
9713, 3.93, 0.17, 65.70, 
9714, 3.93, 0.17, 65.71, 
9715, 3.93, 0.17, 65.71, 
9716, 3.92, 0.17, 65.72, 
9717, 3.93, 0.17, 65.73, 
9718, 3.93, 0.17, 65.73, 
9719, 3.93, 0.17, 65.74, 
9720, 3.93, 0.17, 65.74, 
9721, 3.93, 0.17, 65.75, 
9722, 3.93, 0.17, 65.76, 
9723, 3.93, 0.17, 65.76, 
9724, 3.93, 0.17, 65.77, 
9725, 3.93, 0.17, 65.77, 
9726, 3.93, 0.17, 65.78, 
9727, 3.93, 0.17, 65.79, 
9728, 3.93, 0.17, 65.79, 
9729, 3.93, 0.17, 65.80, 
9730, 3.93, 0.17, 65.80, 
9731, 3.93, 0.17, 65.81, 
9732, 3.92, 0.17, 65.82, 
9733, 3.93, 0.17, 65.82, 
9734, 3.93, 0.17, 65.83, 
9735, 3.93, 0.17, 65.83, 
9736, 3.93, 0.17, 65.84, 
9737, 3.93, 0.17, 65.84, 
9738, 3.93, 0.17, 65.85, 
9739, 3.93, 0.17, 65.86, 
9740, 3.93, 0.17, 65.86, 
9741, 3.93, 0.17, 65.87, 
9742, 3.93, 0.17, 65.87, 
9743, 3.93, 0.17, 65.88, 
9744, 3.93, 0.17, 65.89, 
9745, 3.93, 0.17, 65.89, 
9746, 3.93, 0.17, 65.90, 
9747, 3.93, 0.17, 65.90, 
9748, 3.93, 0.17, 65.91, 
9749, 3.94, 0.17, 65.92, 
9750, 3.93, 0.17, 65.92, 
9751, 3.93, 0.17, 65.93, 
9752, 3.93, 0.17, 65.93, 
9753, 3.93, 0.17, 65.94, 
9754, 3.93, 0.17, 65.95, 
9755, 3.93, 0.17, 65.95, 
9756, 3.93, 0.17, 65.96, 
9757, 3.93, 0.17, 65.96, 
9758, 3.93, 0.17, 65.97, 
9759, 3.93, 0.17, 65.98, 
9760, 3.94, 0.17, 65.98, 
9761, 3.93, 0.17, 65.99, 
9762, 3.93, 0.17, 65.99, 
9763, 3.93, 0.17, 66.00, 
9764, 3.93, 0.17, 66.00, 
9765, 3.93, 0.17, 66.01, 
9766, 3.93, 0.17, 66.02, 
9767, 3.93, 0.17, 66.02, 
9768, 3.93, 0.17, 66.03, 
9769, 3.93, 0.17, 66.03, 
9770, 3.94, 0.17, 66.04, 
9771, 3.93, 0.17, 66.05, 
9772, 3.93, 0.17, 66.05, 
9773, 3.94, 0.17, 66.06, 
9774, 3.93, 0.17, 66.06, 
9775, 3.94, 0.17, 66.07, 
9776, 3.94, 0.17, 66.08, 
9777, 3.93, 0.17, 66.08, 
9778, 3.94, 0.17, 66.09, 
9779, 3.94, 0.17, 66.09, 
9780, 3.93, 0.17, 66.10, 
9781, 3.94, 0.17, 66.10, 
9782, 3.94, 0.17, 66.11, 
9783, 3.93, 0.17, 66.12, 
9784, 3.93, 0.17, 66.12, 
9785, 3.93, 0.17, 66.13, 
9786, 3.93, 0.17, 66.13, 
9787, 3.93, 0.17, 66.14, 
9788, 3.93, 0.17, 66.15, 
9789, 3.94, 0.17, 66.15, 
9790, 3.94, 0.17, 66.16, 
9791, 3.93, 0.17, 66.16, 
9792, 3.93, 0.17, 66.17, 
9793, 3.94, 0.17, 66.18, 
9794, 3.94, 0.17, 66.18, 
9795, 3.94, 0.17, 66.19, 
9796, 3.93, 0.17, 66.19, 
9797, 3.93, 0.17, 66.20, 
9798, 3.93, 0.17, 66.20, 
9799, 3.93, 0.17, 66.21, 
9800, 3.93, 0.17, 66.22, 
9801, 3.94, 0.17, 66.22, 
9802, 3.93, 0.17, 66.23, 
9803, 3.94, 0.17, 66.23, 
9804, 3.93, 0.17, 66.24, 
9805, 3.94, 0.17, 66.25, 
9806, 3.93, 0.17, 66.25, 
9807, 3.94, 0.17, 66.26, 
9808, 3.94, 0.17, 66.26, 
9809, 3.94, 0.17, 66.27, 
9810, 3.94, 0.17, 66.27, 
9811, 3.94, 0.17, 66.28, 
9812, 3.94, 0.17, 66.29, 
9813, 3.94, 0.17, 66.29, 
9814, 3.93, 0.17, 66.30, 
9815, 3.94, 0.17, 66.30, 
9816, 3.94, 0.17, 66.31, 
9817, 3.94, 0.17, 66.32, 
9818, 3.94, 0.17, 66.32, 
9819, 3.93, 0.17, 66.33, 
9820, 3.93, 0.17, 66.33, 
9821, 3.94, 0.17, 66.34, 
9822, 3.94, 0.17, 66.34, 
9823, 3.94, 0.17, 66.35, 
9824, 3.94, 0.17, 66.36, 
9825, 3.94, 0.17, 66.36, 
9826, 3.94, 0.17, 66.37, 
9827, 3.93, 0.17, 66.37, 
9828, 3.94, 0.17, 66.38, 
9829, 3.94, 0.17, 66.39, 
9830, 3.94, 0.17, 66.39, 
9831, 3.93, 0.17, 66.40, 
9832, 3.93, 0.17, 66.40, 
9833, 3.94, 0.17, 66.41, 
9834, 3.93, 0.17, 66.41, 
9835, 3.93, 0.17, 66.42, 
9836, 3.93, 0.17, 66.43, 
9837, 3.93, 0.17, 66.43, 
9838, 3.94, 0.17, 66.44, 
9839, 3.94, 0.17, 66.44, 
9840, 3.94, 0.17, 66.45, 
9841, 3.94, 0.17, 66.46, 
9842, 3.94, 0.17, 66.46, 
9843, 3.94, 0.17, 66.47, 
9844, 3.94, 0.17, 66.47, 
9845, 3.93, 0.17, 66.48, 
9846, 3.94, 0.17, 66.48, 
9847, 3.94, 0.17, 66.49, 
9848, 3.93, 0.17, 66.50, 
9849, 3.94, 0.17, 66.50, 
9850, 3.94, 0.17, 66.51, 
9851, 3.94, 0.17, 66.51, 
9852, 3.94, 0.17, 66.52, 
9853, 3.94, 0.17, 66.53, 
9854, 3.94, 0.17, 66.53, 
9855, 3.94, 0.17, 66.54, 
9856, 3.94, 0.17, 66.54, 
9857, 3.94, 0.17, 66.55, 
9858, 3.94, 0.17, 66.55, 
9859, 3.94, 0.17, 66.56, 
9860, 3.94, 0.17, 66.57, 
9861, 3.94, 0.17, 66.57, 
9862, 3.94, 0.17, 66.58, 
9863, 3.94, 0.17, 66.58, 
9864, 3.94, 0.17, 66.59, 
9865, 3.94, 0.17, 66.59, 
9866, 3.94, 0.17, 66.60, 
9867, 3.94, 0.17, 66.61, 
9868, 3.94, 0.17, 66.61, 
9869, 3.94, 0.17, 66.62, 
9870, 3.94, 0.17, 66.62, 
9871, 3.94, 0.17, 66.63, 
9872, 3.94, 0.17, 66.64, 
9873, 3.94, 0.17, 66.64, 
9874, 3.94, 0.17, 66.65, 
9875, 3.94, 0.17, 66.65, 
9876, 3.94, 0.17, 66.66, 
9877, 3.94, 0.17, 66.66, 
9878, 3.94, 0.17, 66.67, 
9879, 3.94, 0.17, 66.68, 
9880, 3.94, 0.17, 66.68, 
9881, 3.94, 0.17, 66.69, 
9882, 3.94, 0.17, 66.69, 
9883, 3.94, 0.17, 66.70, 
9884, 3.94, 0.17, 66.70, 
9885, 3.94, 0.17, 66.71, 
9886, 3.94, 0.17, 66.72, 
9887, 3.94, 0.17, 66.72, 
9888, 3.94, 0.17, 66.73, 
9889, 3.95, 0.17, 66.73, 
9890, 3.94, 0.17, 66.74, 
9891, 3.93, 0.17, 66.74, 
9892, 3.95, 0.17, 66.75, 
9893, 3.93, 0.17, 66.76, 
9894, 3.94, 0.17, 66.76, 
9895, 3.94, 0.17, 66.77, 
9896, 3.93, 0.17, 66.77, 
9897, 3.94, 0.17, 66.78, 
9898, 3.94, 0.17, 66.79, 
9899, 3.94, 0.17, 66.79, 
9900, 3.95, 0.16, 66.80, 
9901, 3.94, 0.17, 66.80, 
9902, 3.94, 0.16, 66.81, 
9903, 3.94, 0.17, 66.81, 
9904, 3.94, 0.17, 66.82, 
9905, 3.94, 0.17, 66.83, 
9906, 3.94, 0.16, 66.83, 
9907, 3.94, 0.16, 66.84, 
9908, 3.94, 0.16, 66.84, 
9909, 3.94, 0.16, 66.85, 
9910, 3.94, 0.17, 66.85, 
9911, 3.94, 0.17, 66.86, 
9912, 3.94, 0.16, 66.87, 
9913, 3.94, 0.17, 66.87, 
9914, 3.94, 0.16, 66.88, 
9915, 3.94, 0.16, 66.88, 
9916, 3.94, 0.16, 66.89, 
9917, 3.94, 0.16, 66.89, 
9918, 3.94, 0.16, 66.90, 
9919, 3.94, 0.16, 66.91, 
9920, 3.94, 0.16, 66.91, 
9921, 3.94, 0.16, 66.92, 
9922, 3.95, 0.16, 66.92, 
9923, 3.94, 0.16, 66.93, 
9924, 3.95, 0.16, 66.93, 
9925, 3.94, 0.16, 66.94, 
9926, 3.94, 0.16, 66.95, 
9927, 3.94, 0.16, 66.95, 
9928, 3.95, 0.16, 66.96, 
9929, 3.95, 0.16, 66.96, 
9930, 3.94, 0.16, 66.97, 
9931, 3.94, 0.16, 66.97, 
9932, 3.94, 0.16, 66.98, 
9933, 3.94, 0.16, 66.99, 
9934, 3.94, 0.16, 66.99, 
9935, 3.94, 0.16, 67.00, 
9936, 3.94, 0.16, 67.00, 
9937, 3.94, 0.16, 67.01, 
9938, 3.95, 0.16, 67.01, 
9939, 3.94, 0.16, 67.02, 
9940, 3.94, 0.16, 67.03, 
9941, 3.94, 0.16, 67.03, 
9942, 3.94, 0.16, 67.04, 
9943, 3.95, 0.16, 67.04, 
9944, 3.94, 0.16, 67.05, 
9945, 3.95, 0.16, 67.05, 
9946, 3.94, 0.16, 67.06, 
9947, 3.94, 0.16, 67.07, 
9948, 3.95, 0.16, 67.07, 
9949, 3.94, 0.16, 67.08, 
9950, 3.94, 0.16, 67.08, 
9951, 3.94, 0.16, 67.09, 
9952, 3.94, 0.16, 67.09, 
9953, 3.94, 0.16, 67.10, 
9954, 3.94, 0.16, 67.10, 
9955, 3.94, 0.16, 67.11, 
9956, 3.94, 0.16, 67.12, 
9957, 3.94, 0.16, 67.12, 
9958, 3.94, 0.16, 67.13, 
9959, 3.95, 0.16, 67.13, 
9960, 3.94, 0.16, 67.14, 
9961, 3.94, 0.16, 67.14, 
9962, 3.95, 0.16, 67.15, 
9963, 3.94, 0.16, 67.16, 
9964, 3.95, 0.16, 67.16, 
9965, 3.95, 0.16, 67.17, 
9966, 3.95, 0.16, 67.17, 
9967, 3.94, 0.16, 67.18, 
9968, 3.94, 0.16, 67.18, 
9969, 3.95, 0.16, 67.19, 
9970, 3.95, 0.16, 67.20, 
9971, 3.94, 0.16, 67.20, 
9972, 3.95, 0.16, 67.21, 
9973, 3.95, 0.16, 67.21, 
9974, 3.94, 0.16, 67.22, 
9975, 3.95, 0.16, 67.22, 
9976, 3.95, 0.16, 67.23, 
9977, 3.95, 0.16, 67.23, 
9978, 3.95, 0.16, 67.24, 
9979, 3.94, 0.16, 67.25, 
9980, 3.94, 0.16, 67.25, 
9981, 3.95, 0.16, 67.26, 
9982, 3.95, 0.16, 67.26, 
9983, 3.95, 0.16, 67.27, 
9984, 3.95, 0.16, 67.27, 
9985, 3.95, 0.16, 67.28, 
9986, 3.95, 0.16, 67.29, 
9987, 3.95, 0.16, 67.29, 
9988, 3.95, 0.16, 67.30, 
9989, 3.95, 0.16, 67.30, 
9990, 3.94, 0.16, 67.31, 
9991, 3.95, 0.16, 67.31, 
9992, 3.94, 0.16, 67.32, 
9993, 3.95, 0.16, 67.33, 
9994, 3.94, 0.16, 67.33, 
9995, 3.95, 0.16, 67.34, 
9996, 3.95, 0.16, 67.34, 
9997, 3.95, 0.16, 67.35, 
9998, 3.94, 0.16, 67.35, 
9999, 3.95, 0.16, 67.36, 
10000, 3.95, 0.16, 67.36, 
10001, 3.95, 0.16, 67.37, 
10002, 3.95, 0.16, 67.38, 
10003, 3.94, 0.16, 67.38, 
10004, 3.95, 0.16, 67.39, 
10005, 3.95, 0.16, 67.39, 
10006, 3.95, 0.16, 67.40, 
10007, 3.95, 0.16, 67.40, 
10008, 3.95, 0.16, 67.41, 
10009, 3.95, 0.16, 67.42, 
10010, 3.94, 0.16, 67.42, 
10011, 3.95, 0.16, 67.43, 
10012, 3.94, 0.16, 67.43, 
10013, 3.95, 0.16, 67.44, 
10014, 3.95, 0.16, 67.44, 
10015, 3.95, 0.16, 67.45, 
10016, 3.95, 0.16, 67.45, 
10017, 3.95, 0.16, 67.46, 
10018, 3.95, 0.16, 67.47, 
10019, 3.95, 0.16, 67.47, 
10020, 3.95, 0.16, 67.48, 
10021, 3.96, 0.16, 67.48, 
10022, 3.95, 0.16, 67.49, 
10023, 3.95, 0.16, 67.49, 
10024, 3.95, 0.16, 67.50, 
10025, 3.95, 0.16, 67.50, 
10026, 3.95, 0.16, 67.51, 
10027, 3.95, 0.16, 67.52, 
10028, 3.95, 0.16, 67.52, 
10029, 3.95, 0.16, 67.53, 
10030, 3.95, 0.16, 67.53, 
10031, 3.95, 0.16, 67.54, 
10032, 3.95, 0.16, 67.54, 
10033, 3.96, 0.16, 67.55, 
10034, 3.95, 0.16, 67.55, 
10035, 3.95, 0.16, 67.56, 
10036, 3.95, 0.16, 67.57, 
10037, 3.95, 0.16, 67.57, 
10038, 3.94, 0.16, 67.58, 
10039, 3.95, 0.16, 67.58, 
10040, 3.95, 0.16, 67.59, 
10041, 3.95, 0.16, 67.59, 
10042, 3.95, 0.16, 67.60, 
10043, 3.95, 0.16, 67.61, 
10044, 3.95, 0.16, 67.61, 
10045, 3.95, 0.16, 67.62, 
10046, 3.95, 0.16, 67.62, 
10047, 3.95, 0.16, 67.63, 
10048, 3.95, 0.16, 67.63, 
10049, 3.95, 0.16, 67.64, 
10050, 3.95, 0.16, 67.64, 
10051, 3.95, 0.16, 67.65, 
10052, 3.95, 0.16, 67.66, 
10053, 3.95, 0.16, 67.66, 
10054, 3.95, 0.16, 67.67, 
10055, 3.95, 0.16, 67.67, 
10056, 3.95, 0.16, 67.68, 
10057, 3.95, 0.16, 67.68, 
10058, 3.95, 0.16, 67.69, 
10059, 3.95, 0.16, 67.69, 
10060, 3.95, 0.16, 67.70, 
10061, 3.95, 0.16, 67.71, 
10062, 3.95, 0.16, 67.71, 
10063, 3.95, 0.16, 67.72, 
10064, 3.95, 0.16, 67.72, 
10065, 3.95, 0.16, 67.73, 
10066, 3.95, 0.16, 67.73, 
10067, 3.95, 0.16, 67.74, 
10068, 3.96, 0.16, 67.74, 
10069, 3.95, 0.16, 67.75, 
10070, 3.95, 0.16, 67.76, 
10071, 3.96, 0.16, 67.76, 
10072, 3.95, 0.16, 67.77, 
10073, 3.95, 0.16, 67.77, 
10074, 3.95, 0.16, 67.78, 
10075, 3.95, 0.16, 67.78, 
10076, 3.95, 0.16, 67.79, 
10077, 3.95, 0.16, 67.79, 
10078, 3.96, 0.16, 67.80, 
10079, 3.95, 0.16, 67.80, 
10080, 3.94, 0.16, 67.81, 
10081, 3.95, 0.16, 67.82, 
10082, 3.95, 0.16, 67.82, 
10083, 3.95, 0.16, 67.83, 
10084, 3.95, 0.16, 67.83, 
10085, 3.95, 0.16, 67.84, 
10086, 3.95, 0.16, 67.84, 
10087, 3.96, 0.16, 67.85, 
10088, 3.95, 0.16, 67.85, 
10089, 3.96, 0.16, 67.86, 
10090, 3.95, 0.16, 67.87, 
10091, 3.95, 0.16, 67.87, 
10092, 3.95, 0.16, 67.88, 
10093, 3.96, 0.16, 67.88, 
10094, 3.95, 0.16, 67.89, 
10095, 3.95, 0.16, 67.89, 
10096, 3.95, 0.16, 67.90, 
10097, 3.95, 0.16, 67.90, 
10098, 3.95, 0.16, 67.91, 
10099, 3.96, 0.16, 67.91, 
10100, 3.95, 0.16, 67.92, 
10101, 3.95, 0.16, 67.93, 
10102, 3.95, 0.16, 67.93, 
10103, 3.96, 0.16, 67.94, 
10104, 3.95, 0.16, 67.94, 
10105, 3.95, 0.16, 67.95, 
10106, 3.95, 0.16, 67.95, 
10107, 3.95, 0.16, 67.96, 
10108, 3.95, 0.16, 67.96, 
10109, 3.95, 0.16, 67.97, 
10110, 3.95, 0.16, 67.98, 
10111, 3.95, 0.16, 67.98, 
10112, 3.95, 0.16, 67.99, 
10113, 3.95, 0.16, 67.99, 
10114, 3.95, 0.16, 68.00, 
10115, 3.95, 0.16, 68.00, 
10116, 3.95, 0.16, 68.01, 
10117, 3.96, 0.16, 68.01, 
10118, 3.96, 0.16, 68.02, 
10119, 3.95, 0.16, 68.02, 
10120, 3.96, 0.16, 68.03, 
10121, 3.95, 0.16, 68.04, 
10122, 3.96, 0.16, 68.04, 
10123, 3.95, 0.16, 68.05, 
10124, 3.96, 0.16, 68.05, 
10125, 3.95, 0.16, 68.06, 
10126, 3.96, 0.16, 68.06, 
10127, 3.96, 0.16, 68.07, 
10128, 3.96, 0.16, 68.07, 
10129, 3.96, 0.16, 68.08, 
10130, 3.96, 0.16, 68.08, 
10131, 3.96, 0.16, 68.09, 
10132, 3.95, 0.16, 68.10, 
10133, 3.95, 0.16, 68.10, 
10134, 3.96, 0.16, 68.11, 
10135, 3.95, 0.16, 68.11, 
10136, 3.96, 0.16, 68.12, 
10137, 3.95, 0.16, 68.12, 
10138, 3.95, 0.16, 68.13, 
10139, 3.95, 0.16, 68.13, 
10140, 3.96, 0.16, 68.14, 
10141, 3.96, 0.16, 68.14, 
10142, 3.96, 0.16, 68.15, 
10143, 3.96, 0.16, 68.16, 
10144, 3.96, 0.16, 68.16, 
10145, 3.96, 0.16, 68.17, 
10146, 3.95, 0.16, 68.17, 
10147, 3.96, 0.16, 68.18, 
10148, 3.96, 0.16, 68.18, 
10149, 3.95, 0.16, 68.19, 
10150, 3.96, 0.16, 68.19, 
10151, 3.96, 0.16, 68.20, 
10152, 3.96, 0.16, 68.20, 
10153, 3.96, 0.16, 68.21, 
10154, 3.96, 0.16, 68.22, 
10155, 3.96, 0.16, 68.22, 
10156, 3.96, 0.16, 68.23, 
10157, 3.96, 0.16, 68.23, 
10158, 3.96, 0.16, 68.24, 
10159, 3.96, 0.16, 68.24, 
10160, 3.96, 0.16, 68.25, 
10161, 3.96, 0.16, 68.25, 
10162, 3.96, 0.16, 68.26, 
10163, 3.96, 0.16, 68.26, 
10164, 3.96, 0.16, 68.27, 
10165, 3.96, 0.16, 68.28, 
10166, 3.96, 0.16, 68.28, 
10167, 3.96, 0.16, 68.29, 
10168, 3.96, 0.16, 68.29, 
10169, 3.96, 0.16, 68.30, 
10170, 3.96, 0.16, 68.30, 
10171, 3.96, 0.16, 68.31, 
10172, 3.96, 0.16, 68.31, 
10173, 3.96, 0.16, 68.32, 
10174, 3.96, 0.15, 68.32, 
10175, 3.96, 0.16, 68.33, 
10176, 3.96, 0.16, 68.34, 
10177, 3.96, 0.16, 68.34, 
10178, 3.96, 0.16, 68.35, 
10179, 3.96, 0.16, 68.35, 
10180, 3.96, 0.16, 68.36, 
10181, 3.96, 0.16, 68.36, 
10182, 3.96, 0.16, 68.37, 
10183, 3.96, 0.16, 68.37, 
10184, 3.96, 0.16, 68.38, 
10185, 3.96, 0.16, 68.38, 
10186, 3.96, 0.16, 68.39, 
10187, 3.96, 0.16, 68.39, 
10188, 3.96, 0.16, 68.40, 
10189, 3.96, 0.15, 68.41, 
10190, 3.96, 0.16, 68.41, 
10191, 3.96, 0.16, 68.42, 
10192, 3.96, 0.15, 68.42, 
10193, 3.96, 0.15, 68.43, 
10194, 3.96, 0.16, 68.43, 
10195, 3.96, 0.16, 68.44, 
10196, 3.97, 0.15, 68.44, 
10197, 3.96, 0.16, 68.45, 
10198, 3.96, 0.15, 68.45, 
10199, 3.96, 0.15, 68.46, 
10200, 3.96, 0.15, 68.46, 
10201, 3.95, 0.15, 68.47, 
10202, 3.96, 0.16, 68.48, 
10203, 3.96, 0.15, 68.48, 
10204, 3.96, 0.15, 68.49, 
10205, 3.96, 0.15, 68.49, 
10206, 3.96, 0.15, 68.50, 
10207, 3.96, 0.15, 68.50, 
10208, 3.96, 0.15, 68.51, 
10209, 3.96, 0.15, 68.51, 
10210, 3.96, 0.15, 68.52, 
10211, 3.96, 0.15, 68.52, 
10212, 3.96, 0.15, 68.53, 
10213, 3.97, 0.15, 68.53, 
10214, 3.96, 0.15, 68.54, 
10215, 3.97, 0.15, 68.54, 
10216, 3.96, 0.15, 68.55, 
10217, 3.96, 0.15, 68.56, 
10218, 3.96, 0.15, 68.56, 
10219, 3.96, 0.15, 68.57, 
10220, 3.97, 0.15, 68.57, 
10221, 3.96, 0.15, 68.58, 
10222, 3.97, 0.15, 68.58, 
10223, 3.96, 0.15, 68.59, 
10224, 3.97, 0.15, 68.59, 
10225, 3.96, 0.15, 68.60, 
10226, 3.96, 0.15, 68.60, 
10227, 3.97, 0.15, 68.61, 
10228, 3.96, 0.15, 68.61, 
10229, 3.96, 0.15, 68.62, 
10230, 3.97, 0.15, 68.63, 
10231, 3.96, 0.15, 68.63, 
10232, 3.96, 0.15, 68.64, 
10233, 3.96, 0.15, 68.64, 
10234, 3.97, 0.15, 68.65, 
10235, 3.97, 0.15, 68.65, 
10236, 3.96, 0.15, 68.66, 
10237, 3.97, 0.15, 68.66, 
10238, 3.97, 0.15, 68.67, 
10239, 3.96, 0.15, 68.67, 
10240, 3.96, 0.15, 68.68, 
10241, 3.96, 0.15, 68.68, 
10242, 3.96, 0.15, 68.69, 
10243, 3.97, 0.15, 68.69, 
10244, 3.96, 0.15, 68.70, 
10245, 3.97, 0.15, 68.71, 
10246, 3.96, 0.15, 68.71, 
10247, 3.97, 0.15, 68.72, 
10248, 3.96, 0.15, 68.72, 
10249, 3.96, 0.15, 68.73, 
10250, 3.96, 0.15, 68.73, 
10251, 3.96, 0.15, 68.74, 
10252, 3.97, 0.15, 68.74, 
10253, 3.96, 0.15, 68.75, 
10254, 3.96, 0.15, 68.75, 
10255, 3.96, 0.15, 68.76, 
10256, 3.96, 0.15, 68.76, 
10257, 3.97, 0.15, 68.77, 
10258, 3.96, 0.15, 68.77, 
10259, 3.96, 0.15, 68.78, 
10260, 3.97, 0.15, 68.78, 
10261, 3.97, 0.15, 68.79, 
10262, 3.96, 0.15, 68.80, 
10263, 3.96, 0.15, 68.80, 
10264, 3.96, 0.15, 68.81, 
10265, 3.96, 0.15, 68.81, 
10266, 3.97, 0.15, 68.82, 
10267, 3.97, 0.15, 68.82, 
10268, 3.96, 0.15, 68.83, 
10269, 3.97, 0.15, 68.83, 
10270, 3.97, 0.15, 68.84, 
10271, 3.96, 0.15, 68.84, 
10272, 3.96, 0.15, 68.85, 
10273, 3.97, 0.15, 68.85, 
10274, 3.96, 0.15, 68.86, 
10275, 3.96, 0.15, 68.86, 
10276, 3.97, 0.15, 68.87, 
10277, 3.96, 0.15, 68.87, 
10278, 3.96, 0.15, 68.88, 
10279, 3.96, 0.15, 68.89, 
10280, 3.97, 0.15, 68.89, 
10281, 3.96, 0.15, 68.90, 
10282, 3.97, 0.15, 68.90, 
10283, 3.96, 0.15, 68.91, 
10284, 3.97, 0.15, 68.91, 
10285, 3.96, 0.15, 68.92, 
10286, 3.97, 0.15, 68.92, 
10287, 3.96, 0.15, 68.93, 
10288, 3.96, 0.15, 68.93, 
10289, 3.96, 0.15, 68.94, 
10290, 3.97, 0.15, 68.94, 
10291, 3.97, 0.15, 68.95, 
10292, 3.96, 0.15, 68.95, 
10293, 3.96, 0.15, 68.96, 
10294, 3.97, 0.15, 68.96, 
10295, 3.97, 0.15, 68.97, 
10296, 3.97, 0.15, 68.97, 
10297, 3.97, 0.15, 68.98, 
10298, 3.96, 0.15, 68.99, 
10299, 3.97, 0.15, 68.99, 
10300, 3.96, 0.15, 69.00, 
10301, 3.97, 0.15, 69.00, 
10302, 3.97, 0.15, 69.01, 
10303, 3.97, 0.15, 69.01, 
10304, 3.97, 0.15, 69.02, 
10305, 3.96, 0.15, 69.02, 
10306, 3.97, 0.15, 69.03, 
10307, 3.96, 0.15, 69.03, 
10308, 3.96, 0.15, 69.04, 
10309, 3.97, 0.15, 69.04, 
10310, 3.97, 0.15, 69.05, 
10311, 3.97, 0.15, 69.05, 
10312, 3.97, 0.15, 69.06, 
10313, 3.97, 0.15, 69.06, 
10314, 3.97, 0.15, 69.07, 
10315, 3.97, 0.15, 69.07, 
10316, 3.97, 0.15, 69.08, 
10317, 3.97, 0.15, 69.09, 
10318, 3.97, 0.15, 69.09, 
10319, 3.97, 0.15, 69.10, 
10320, 3.96, 0.15, 69.10, 
10321, 3.97, 0.15, 69.11, 
10322, 3.97, 0.15, 69.11, 
10323, 3.97, 0.15, 69.12, 
10324, 3.97, 0.15, 69.12, 
10325, 3.97, 0.15, 69.13, 
10326, 3.97, 0.15, 69.13, 
10327, 3.97, 0.15, 69.14, 
10328, 3.97, 0.15, 69.14, 
10329, 3.96, 0.15, 69.15, 
10330, 3.97, 0.15, 69.15, 
10331, 3.97, 0.15, 69.16, 
10332, 3.97, 0.15, 69.16, 
10333, 3.97, 0.15, 69.17, 
10334, 3.96, 0.15, 69.17, 
10335, 3.96, 0.15, 69.18, 
10336, 3.97, 0.15, 69.18, 
10337, 3.97, 0.15, 69.19, 
10338, 3.97, 0.15, 69.19, 
10339, 3.97, 0.15, 69.20, 
10340, 3.97, 0.15, 69.21, 
10341, 3.97, 0.15, 69.21, 
10342, 3.97, 0.15, 69.22, 
10343, 3.97, 0.15, 69.22, 
10344, 3.97, 0.15, 69.23, 
10345, 3.97, 0.15, 69.23, 
10346, 3.97, 0.15, 69.24, 
10347, 3.97, 0.15, 69.24, 
10348, 3.97, 0.15, 69.25, 
10349, 3.97, 0.15, 69.25, 
10350, 3.97, 0.15, 69.26, 
10351, 3.97, 0.15, 69.26, 
10352, 3.97, 0.15, 69.27, 
10353, 3.97, 0.15, 69.27, 
10354, 3.97, 0.15, 69.28, 
10355, 3.97, 0.15, 69.28, 
10356, 3.97, 0.15, 69.29, 
10357, 3.97, 0.15, 69.29, 
10358, 3.97, 0.15, 69.30, 
10359, 3.97, 0.15, 69.30, 
10360, 3.97, 0.15, 69.31, 
10361, 3.97, 0.15, 69.31, 
10362, 3.97, 0.15, 69.32, 
10363, 3.97, 0.15, 69.32, 
10364, 3.97, 0.15, 69.33, 
10365, 3.97, 0.15, 69.34, 
10366, 3.97, 0.15, 69.34, 
10367, 3.97, 0.15, 69.35, 
10368, 3.97, 0.15, 69.35, 
10369, 3.97, 0.15, 69.36, 
10370, 3.97, 0.15, 69.36, 
10371, 3.97, 0.15, 69.37, 
10372, 3.97, 0.15, 69.37, 
10373, 3.97, 0.15, 69.38, 
10374, 3.97, 0.15, 69.38, 
10375, 3.97, 0.15, 69.39, 
10376, 3.97, 0.15, 69.39, 
10377, 3.97, 0.15, 69.40, 
10378, 3.97, 0.15, 69.40, 
10379, 3.97, 0.15, 69.41, 
10380, 3.97, 0.15, 69.41, 
10381, 3.97, 0.15, 69.42, 
10382, 3.97, 0.15, 69.42, 
10383, 3.97, 0.15, 69.43, 
10384, 3.97, 0.15, 69.43, 
10385, 3.97, 0.15, 69.44, 
10386, 3.97, 0.15, 69.44, 
10387, 3.97, 0.15, 69.45, 
10388, 3.98, 0.15, 69.45, 
10389, 3.97, 0.15, 69.46, 
10390, 3.97, 0.15, 69.46, 
10391, 3.97, 0.15, 69.47, 
10392, 3.97, 0.15, 69.47, 
10393, 3.97, 0.15, 69.48, 
10394, 3.97, 0.15, 69.49, 
10395, 3.96, 0.15, 69.49, 
10396, 3.97, 0.15, 69.50, 
10397, 3.98, 0.15, 69.50, 
10398, 3.97, 0.15, 69.51, 
10399, 3.98, 0.15, 69.51, 
10400, 3.97, 0.15, 69.52, 
10401, 3.97, 0.15, 69.52, 
10402, 3.98, 0.15, 69.53, 
10403, 3.97, 0.15, 69.53, 
10404, 3.97, 0.15, 69.54, 
10405, 3.97, 0.15, 69.54, 
10406, 3.97, 0.15, 69.55, 
10407, 3.97, 0.15, 69.55, 
10408, 3.97, 0.15, 69.56, 
10409, 3.97, 0.15, 69.56, 
10410, 3.97, 0.15, 69.57, 
10411, 3.97, 0.15, 69.57, 
10412, 3.97, 0.15, 69.58, 
10413, 3.97, 0.15, 69.58, 
10414, 3.97, 0.15, 69.59, 
10415, 3.97, 0.15, 69.59, 
10416, 3.97, 0.15, 69.60, 
10417, 3.97, 0.15, 69.60, 
10418, 3.97, 0.15, 69.61, 
10419, 3.98, 0.15, 69.61, 
10420, 3.98, 0.15, 69.62, 
10421, 3.98, 0.15, 69.62, 
10422, 3.97, 0.15, 69.63, 
10423, 3.98, 0.15, 69.63, 
10424, 3.97, 0.15, 69.64, 
10425, 3.98, 0.15, 69.64, 
10426, 3.97, 0.15, 69.65, 
10427, 3.98, 0.15, 69.65, 
10428, 3.98, 0.15, 69.66, 
10429, 3.97, 0.15, 69.66, 
10430, 3.98, 0.15, 69.67, 
10431, 3.97, 0.15, 69.67, 
10432, 3.97, 0.15, 69.68, 
10433, 3.98, 0.15, 69.68, 
10434, 3.97, 0.15, 69.69, 
10435, 3.97, 0.15, 69.69, 
10436, 3.97, 0.15, 69.70, 
10437, 3.98, 0.15, 69.71, 
10438, 3.97, 0.15, 69.71, 
10439, 3.97, 0.15, 69.72, 
10440, 3.97, 0.15, 69.72, 
10441, 3.97, 0.15, 69.73, 
10442, 3.97, 0.15, 69.73, 
10443, 3.98, 0.15, 69.74, 
10444, 3.97, 0.15, 69.74, 
10445, 3.98, 0.15, 69.75, 
10446, 3.97, 0.15, 69.75, 
10447, 3.98, 0.15, 69.76, 
10448, 3.97, 0.15, 69.76, 
10449, 3.97, 0.15, 69.77, 
10450, 3.98, 0.15, 69.77, 
10451, 3.97, 0.15, 69.78, 
10452, 3.97, 0.15, 69.78, 
10453, 3.97, 0.15, 69.79, 
10454, 3.97, 0.15, 69.79, 
10455, 3.98, 0.15, 69.80, 
10456, 3.97, 0.15, 69.80, 
10457, 3.98, 0.15, 69.81, 
10458, 3.97, 0.15, 69.81, 
10459, 3.97, 0.15, 69.82, 
10460, 3.98, 0.15, 69.82, 
10461, 3.97, 0.15, 69.83, 
10462, 3.98, 0.15, 69.83, 
10463, 3.97, 0.15, 69.84, 
10464, 3.98, 0.15, 69.84, 
10465, 3.97, 0.15, 69.85, 
10466, 3.97, 0.15, 69.85, 
10467, 3.98, 0.15, 69.86, 
10468, 3.98, 0.15, 69.86, 
10469, 3.98, 0.15, 69.87, 
10470, 3.97, 0.15, 69.87, 
10471, 3.97, 0.15, 69.88, 
10472, 3.98, 0.15, 69.88, 
10473, 3.98, 0.14, 69.89, 
10474, 3.97, 0.14, 69.89, 
10475, 3.97, 0.15, 69.90, 
10476, 3.98, 0.15, 69.90, 
10477, 3.97, 0.14, 69.91, 
10478, 3.98, 0.14, 69.91, 
10479, 3.98, 0.14, 69.92, 
10480, 3.98, 0.15, 69.92, 
10481, 3.98, 0.14, 69.93, 
10482, 3.98, 0.14, 69.93, 
10483, 3.98, 0.14, 69.94, 
10484, 3.97, 0.15, 69.94, 
10485, 3.98, 0.14, 69.95, 
10486, 3.98, 0.15, 69.95, 
10487, 3.98, 0.14, 69.96, 
10488, 3.98, 0.14, 69.96, 
10489, 3.98, 0.14, 69.97, 
10490, 3.98, 0.14, 69.97, 
10491, 3.97, 0.14, 69.98, 
10492, 3.98, 0.14, 69.98, 
10493, 3.97, 0.14, 69.99, 
10494, 3.98, 0.14, 69.99, 
10495, 3.98, 0.14, 70.00, 
10496, 3.98, 0.14, 70.00, 
10497, 3.98, 0.14, 70.01, 
10498, 3.98, 0.14, 70.01, 
10499, 3.98, 0.14, 70.02, 
10500, 3.98, 0.14, 70.02, 
10501, 3.98, 0.14, 70.03, 
10502, 3.98, 0.14, 70.03, 
10503, 3.98, 0.14, 70.04, 
10504, 3.98, 0.14, 70.04, 
10505, 3.98, 0.14, 70.05, 
10506, 3.98, 0.14, 70.05, 
10507, 3.98, 0.14, 70.06, 
10508, 3.98, 0.14, 70.06, 
10509, 3.98, 0.14, 70.07, 
10510, 3.98, 0.14, 70.07, 
10511, 3.99, 0.14, 70.08, 
10512, 3.98, 0.14, 70.08, 
10513, 3.98, 0.14, 70.09, 
10514, 3.98, 0.14, 70.09, 
10515, 3.98, 0.14, 70.10, 
10516, 3.98, 0.14, 70.10, 
10517, 3.98, 0.14, 70.11, 
10518, 3.98, 0.14, 70.11, 
10519, 3.98, 0.14, 70.12, 
10520, 3.98, 0.14, 70.12, 
10521, 3.98, 0.14, 70.13, 
10522, 3.98, 0.14, 70.13, 
10523, 3.98, 0.14, 70.14, 
10524, 3.98, 0.14, 70.14, 
10525, 3.98, 0.14, 70.15, 
10526, 3.98, 0.14, 70.15, 
10527, 3.98, 0.14, 70.16, 
10528, 3.98, 0.14, 70.16, 
10529, 3.97, 0.14, 70.17, 
10530, 3.98, 0.14, 70.17, 
10531, 3.98, 0.14, 70.18, 
10532, 3.98, 0.14, 70.18, 
10533, 3.98, 0.14, 70.19, 
10534, 3.98, 0.14, 70.19, 
10535, 3.98, 0.14, 70.20, 
10536, 3.98, 0.14, 70.20, 
10537, 3.98, 0.14, 70.21, 
10538, 3.98, 0.14, 70.21, 
10539, 3.98, 0.14, 70.22, 
10540, 3.98, 0.14, 70.22, 
10541, 3.98, 0.14, 70.23, 
10542, 3.98, 0.14, 70.23, 
10543, 3.98, 0.14, 70.24, 
10544, 3.98, 0.14, 70.24, 
10545, 3.98, 0.14, 70.25, 
10546, 3.97, 0.14, 70.25, 
10547, 3.98, 0.14, 70.26, 
10548, 3.98, 0.14, 70.26, 
10549, 3.98, 0.14, 70.27, 
10550, 3.98, 0.14, 70.27, 
10551, 3.98, 0.14, 70.28, 
10552, 3.98, 0.14, 70.28, 
10553, 3.98, 0.14, 70.29, 
10554, 3.98, 0.14, 70.29, 
10555, 3.98, 0.14, 70.30, 
10556, 3.98, 0.14, 70.30, 
10557, 3.99, 0.14, 70.31, 
10558, 3.98, 0.14, 70.31, 
10559, 3.98, 0.14, 70.32, 
10560, 3.98, 0.14, 70.32, 
10561, 3.98, 0.14, 70.33, 
10562, 3.98, 0.14, 70.33, 
10563, 3.97, 0.14, 70.34, 
10564, 3.98, 0.14, 70.34, 
10565, 3.98, 0.14, 70.35, 
10566, 3.98, 0.14, 70.35, 
10567, 3.98, 0.14, 70.36, 
10568, 3.98, 0.14, 70.36, 
10569, 3.98, 0.14, 70.37, 
10570, 3.98, 0.14, 70.37, 
10571, 3.98, 0.14, 70.38, 
10572, 3.99, 0.14, 70.38, 
10573, 3.97, 0.14, 70.39, 
10574, 3.98, 0.14, 70.39, 
10575, 3.98, 0.14, 70.40, 
10576, 3.98, 0.14, 70.40, 
10577, 3.98, 0.14, 70.41, 
10578, 3.98, 0.14, 70.41, 
10579, 3.98, 0.14, 70.42, 
10580, 3.98, 0.14, 70.42, 
10581, 3.98, 0.14, 70.42, 
10582, 3.98, 0.14, 70.43, 
10583, 3.98, 0.14, 70.43, 
10584, 3.98, 0.14, 70.44, 
10585, 3.98, 0.14, 70.44, 
10586, 3.98, 0.14, 70.45, 
10587, 3.99, 0.14, 70.45, 
10588, 3.98, 0.14, 70.46, 
10589, 3.98, 0.14, 70.46, 
10590, 3.97, 0.14, 70.47, 
10591, 3.98, 0.14, 70.47, 
10592, 3.98, 0.14, 70.48, 
10593, 3.98, 0.14, 70.48, 
10594, 3.98, 0.14, 70.49, 
10595, 3.98, 0.14, 70.49, 
10596, 3.99, 0.14, 70.50, 
10597, 3.98, 0.14, 70.50, 
10598, 3.98, 0.14, 70.51, 
10599, 3.98, 0.14, 70.51, 
10600, 3.98, 0.14, 70.52, 
10601, 3.98, 0.14, 70.52, 
10602, 3.98, 0.14, 70.53, 
10603, 3.99, 0.14, 70.53, 
10604, 3.98, 0.14, 70.54, 
10605, 3.99, 0.14, 70.54, 
10606, 3.98, 0.14, 70.55, 
10607, 3.99, 0.14, 70.55, 
10608, 3.99, 0.14, 70.56, 
10609, 3.98, 0.14, 70.56, 
10610, 3.98, 0.14, 70.57, 
10611, 3.98, 0.14, 70.57, 
10612, 3.98, 0.14, 70.58, 
10613, 3.98, 0.14, 70.58, 
10614, 3.99, 0.14, 70.59, 
10615, 3.99, 0.14, 70.59, 
10616, 3.99, 0.14, 70.60, 
10617, 3.98, 0.14, 70.60, 
10618, 3.98, 0.14, 70.61, 
10619, 3.98, 0.14, 70.61, 
10620, 3.98, 0.14, 70.62, 
10621, 3.99, 0.14, 70.62, 
10622, 3.98, 0.14, 70.63, 
10623, 3.98, 0.14, 70.63, 
10624, 3.98, 0.14, 70.64, 
10625, 3.99, 0.14, 70.64, 
10626, 3.98, 0.14, 70.64, 
10627, 3.99, 0.14, 70.65, 
10628, 3.99, 0.14, 70.65, 
10629, 3.99, 0.14, 70.66, 
10630, 3.98, 0.14, 70.66, 
10631, 3.99, 0.14, 70.67, 
10632, 3.99, 0.14, 70.67, 
10633, 3.98, 0.14, 70.68, 
10634, 3.99, 0.14, 70.68, 
10635, 3.98, 0.14, 70.69, 
10636, 3.99, 0.14, 70.69, 
10637, 3.99, 0.14, 70.70, 
10638, 3.99, 0.14, 70.70, 
10639, 3.99, 0.14, 70.71, 
10640, 3.98, 0.14, 70.71, 
10641, 3.98, 0.14, 70.72, 
10642, 3.99, 0.14, 70.72, 
10643, 3.98, 0.14, 70.73, 
10644, 3.98, 0.14, 70.73, 
10645, 3.99, 0.14, 70.74, 
10646, 3.99, 0.14, 70.74, 
10647, 3.98, 0.14, 70.75, 
10648, 3.98, 0.14, 70.75, 
10649, 3.99, 0.14, 70.76, 
10650, 3.98, 0.14, 70.76, 
10651, 3.99, 0.14, 70.77, 
10652, 3.98, 0.14, 70.77, 
10653, 3.99, 0.14, 70.78, 
10654, 3.99, 0.14, 70.78, 
10655, 3.99, 0.14, 70.79, 
10656, 3.99, 0.14, 70.79, 
10657, 3.99, 0.14, 70.80, 
10658, 3.99, 0.14, 70.80, 
10659, 3.99, 0.14, 70.80, 
10660, 3.99, 0.14, 70.81, 
10661, 3.98, 0.14, 70.81, 
10662, 3.98, 0.14, 70.82, 
10663, 3.99, 0.14, 70.82, 
10664, 3.99, 0.14, 70.83, 
10665, 3.99, 0.14, 70.83, 
10666, 3.99, 0.14, 70.84, 
10667, 3.99, 0.14, 70.84, 
10668, 3.99, 0.14, 70.85, 
10669, 3.98, 0.14, 70.85, 
10670, 3.99, 0.14, 70.86, 
10671, 3.99, 0.14, 70.86, 
10672, 3.99, 0.14, 70.87, 
10673, 3.99, 0.14, 70.87, 
10674, 3.99, 0.14, 70.88, 
10675, 3.99, 0.14, 70.88, 
10676, 3.99, 0.14, 70.89, 
10677, 3.99, 0.14, 70.89, 
10678, 3.99, 0.14, 70.90, 
10679, 3.98, 0.14, 70.90, 
10680, 3.99, 0.14, 70.91, 
10681, 3.99, 0.14, 70.91, 
10682, 3.99, 0.14, 70.92, 
10683, 3.99, 0.14, 70.92, 
10684, 3.99, 0.14, 70.93, 
10685, 3.98, 0.14, 70.93, 
10686, 3.99, 0.14, 70.93, 
10687, 3.99, 0.14, 70.94, 
10688, 3.99, 0.14, 70.94, 
10689, 3.99, 0.14, 70.95, 
10690, 3.99, 0.14, 70.95, 
10691, 3.99, 0.14, 70.96, 
10692, 3.99, 0.14, 70.96, 
10693, 3.99, 0.14, 70.97, 
10694, 3.99, 0.14, 70.97, 
10695, 3.99, 0.14, 70.98, 
10696, 3.98, 0.14, 70.98, 
10697, 3.99, 0.14, 70.99, 
10698, 3.99, 0.14, 70.99, 
10699, 3.98, 0.14, 71.00, 
10700, 3.99, 0.14, 71.00, 
10701, 3.99, 0.14, 71.01, 
10702, 3.99, 0.14, 71.01, 
10703, 3.99, 0.14, 71.02, 
10704, 3.99, 0.14, 71.02, 
10705, 3.99, 0.14, 71.03, 
10706, 4.00, 0.14, 71.03, 
10707, 3.99, 0.14, 71.03, 
10708, 3.99, 0.14, 71.04, 
10709, 3.99, 0.14, 71.04, 
10710, 3.99, 0.14, 71.05, 
10711, 3.99, 0.14, 71.05, 
10712, 3.99, 0.14, 71.06, 
10713, 3.99, 0.14, 71.06, 
10714, 3.99, 0.14, 71.07, 
10715, 3.99, 0.14, 71.07, 
10716, 3.99, 0.14, 71.08, 
10717, 3.99, 0.14, 71.08, 
10718, 3.98, 0.14, 71.09, 
10719, 3.99, 0.14, 71.09, 
10720, 3.99, 0.14, 71.10, 
10721, 3.99, 0.14, 71.10, 
10722, 3.99, 0.14, 71.11, 
10723, 3.99, 0.14, 71.11, 
10724, 3.99, 0.14, 71.12, 
10725, 3.99, 0.14, 71.12, 
10726, 3.99, 0.14, 71.13, 
10727, 4.00, 0.14, 71.13, 
10728, 3.99, 0.14, 71.13, 
10729, 3.99, 0.14, 71.14, 
10730, 3.99, 0.14, 71.14, 
10731, 3.99, 0.14, 71.15, 
10732, 3.98, 0.14, 71.15, 
10733, 3.99, 0.14, 71.16, 
10734, 3.99, 0.14, 71.16, 
10735, 3.99, 0.14, 71.17, 
10736, 4.00, 0.14, 71.17, 
10737, 3.98, 0.14, 71.18, 
10738, 3.99, 0.14, 71.18, 
10739, 3.99, 0.14, 71.19, 
10740, 3.99, 0.14, 71.19, 
10741, 3.99, 0.14, 71.20, 
10742, 3.99, 0.14, 71.20, 
10743, 3.99, 0.14, 71.21, 
10744, 3.99, 0.14, 71.21, 
10745, 3.99, 0.14, 71.22, 
10746, 4.00, 0.14, 71.22, 
10747, 3.99, 0.14, 71.22, 
10748, 3.99, 0.14, 71.23, 
10749, 4.00, 0.14, 71.23, 
10750, 3.99, 0.14, 71.24, 
10751, 3.99, 0.14, 71.24, 
10752, 3.99, 0.14, 71.25, 
10753, 3.99, 0.14, 71.25, 
10754, 3.99, 0.14, 71.26, 
10755, 3.99, 0.14, 71.26, 
10756, 3.99, 0.13, 71.27, 
10757, 3.99, 0.14, 71.27, 
10758, 3.99, 0.14, 71.28, 
10759, 3.99, 0.14, 71.28, 
10760, 3.99, 0.14, 71.29, 
10761, 4.00, 0.14, 71.29, 
10762, 3.99, 0.13, 71.30, 
10763, 3.99, 0.14, 71.30, 
10764, 4.00, 0.14, 71.30, 
10765, 3.99, 0.14, 71.31, 
10766, 4.00, 0.13, 71.31, 
10767, 3.99, 0.14, 71.32, 
10768, 3.99, 0.13, 71.32, 
10769, 3.99, 0.13, 71.33, 
10770, 3.98, 0.13, 71.33, 
10771, 3.99, 0.13, 71.34, 
10772, 3.99, 0.14, 71.34, 
10773, 3.99, 0.13, 71.35, 
10774, 3.99, 0.14, 71.35, 
10775, 3.99, 0.13, 71.36, 
10776, 3.99, 0.13, 71.36, 
10777, 3.99, 0.14, 71.37, 
10778, 3.99, 0.13, 71.37, 
10779, 3.99, 0.13, 71.38, 
10780, 3.99, 0.13, 71.38, 
10781, 3.99, 0.13, 71.38, 
10782, 3.99, 0.13, 71.39, 
10783, 4.00, 0.13, 71.39, 
10784, 3.99, 0.13, 71.40, 
10785, 3.99, 0.13, 71.40, 
10786, 3.99, 0.13, 71.41, 
10787, 3.99, 0.13, 71.41, 
10788, 3.99, 0.13, 71.42, 
10789, 3.99, 0.13, 71.42, 
10790, 3.99, 0.13, 71.43, 
10791, 3.99, 0.13, 71.43, 
10792, 3.99, 0.13, 71.44, 
10793, 3.99, 0.13, 71.44, 
10794, 3.99, 0.13, 71.45, 
10795, 3.99, 0.13, 71.45, 
10796, 4.00, 0.13, 71.45, 
10797, 3.99, 0.13, 71.46, 
10798, 4.00, 0.13, 71.46, 
10799, 3.99, 0.13, 71.47, 
10800, 4.00, 0.13, 71.47, 
10801, 4.00, 0.13, 71.48, 
10802, 4.00, 0.13, 71.48, 
10803, 4.00, 0.13, 71.49, 
10804, 4.00, 0.13, 71.49, 
10805, 3.99, 0.13, 71.50, 
10806, 3.99, 0.13, 71.50, 
10807, 3.99, 0.13, 71.51, 
10808, 3.99, 0.13, 71.51, 
10809, 3.99, 0.13, 71.51, 
10810, 4.00, 0.13, 71.52, 
10811, 4.00, 0.13, 71.52, 
10812, 3.99, 0.13, 71.53, 
10813, 3.99, 0.13, 71.53, 
10814, 4.00, 0.13, 71.54, 
10815, 3.99, 0.13, 71.54, 
10816, 3.99, 0.13, 71.55, 
10817, 3.99, 0.13, 71.55, 
10818, 3.99, 0.13, 71.56, 
10819, 3.99, 0.13, 71.56, 
10820, 4.00, 0.13, 71.57, 
10821, 3.99, 0.13, 71.57, 
10822, 3.99, 0.13, 71.58, 
10823, 3.99, 0.13, 71.58, 
10824, 3.99, 0.13, 71.58, 
10825, 4.00, 0.13, 71.59, 
10826, 3.99, 0.13, 71.59, 
10827, 3.99, 0.13, 71.60, 
10828, 3.99, 0.13, 71.60, 
10829, 3.99, 0.13, 71.61, 
10830, 4.00, 0.13, 71.61, 
10831, 3.99, 0.13, 71.62, 
10832, 4.01, 0.13, 71.62, 
10833, 4.00, 0.13, 71.63, 
10834, 4.00, 0.13, 71.63, 
10835, 4.00, 0.13, 71.64, 
10836, 4.00, 0.13, 71.64, 
10837, 4.00, 0.13, 71.64, 
10838, 4.00, 0.13, 71.65, 
10839, 4.00, 0.13, 71.65, 
10840, 4.00, 0.13, 71.66, 
10841, 4.00, 0.13, 71.66, 
10842, 3.99, 0.13, 71.67, 
10843, 4.00, 0.13, 71.67, 
10844, 3.99, 0.13, 71.68, 
10845, 4.00, 0.13, 71.68, 
10846, 3.99, 0.13, 71.69, 
10847, 4.00, 0.13, 71.69, 
10848, 4.00, 0.13, 71.70, 
10849, 4.00, 0.13, 71.70, 
10850, 4.00, 0.13, 71.70, 
10851, 4.00, 0.13, 71.71, 
10852, 4.00, 0.13, 71.71, 
10853, 3.99, 0.13, 71.72, 
10854, 3.99, 0.13, 71.72, 
10855, 4.00, 0.13, 71.73, 
10856, 4.00, 0.13, 71.73, 
10857, 4.00, 0.13, 71.74, 
10858, 4.00, 0.13, 71.74, 
10859, 3.99, 0.13, 71.75, 
10860, 3.99, 0.13, 71.75, 
10861, 4.00, 0.13, 71.75, 
10862, 4.00, 0.13, 71.76, 
10863, 4.00, 0.13, 71.76, 
10864, 3.99, 0.13, 71.77, 
10865, 4.00, 0.13, 71.77, 
10866, 3.99, 0.13, 71.78, 
10867, 4.00, 0.13, 71.78, 
10868, 4.00, 0.13, 71.79, 
10869, 4.00, 0.13, 71.79, 
10870, 3.99, 0.13, 71.80, 
10871, 3.99, 0.13, 71.80, 
10872, 4.00, 0.13, 71.81, 
10873, 3.99, 0.13, 71.81, 
10874, 4.00, 0.13, 71.81, 
10875, 4.00, 0.13, 71.82, 
10876, 4.00, 0.13, 71.82, 
10877, 4.00, 0.13, 71.83, 
10878, 3.99, 0.13, 71.83, 
10879, 4.00, 0.13, 71.84, 
10880, 4.00, 0.13, 71.84, 
10881, 4.00, 0.13, 71.85, 
10882, 3.99, 0.13, 71.85, 
10883, 4.00, 0.13, 71.86, 
10884, 4.00, 0.13, 71.86, 
10885, 4.00, 0.13, 71.86, 
10886, 4.00, 0.13, 71.87, 
10887, 4.01, 0.13, 71.87, 
10888, 4.00, 0.13, 71.88, 
10889, 4.00, 0.13, 71.88, 
10890, 4.00, 0.13, 71.89, 
10891, 4.00, 0.13, 71.89, 
10892, 4.00, 0.13, 71.90, 
10893, 3.99, 0.13, 71.90, 
10894, 4.00, 0.13, 71.91, 
10895, 3.99, 0.13, 71.91, 
10896, 4.00, 0.13, 71.91, 
10897, 4.00, 0.13, 71.92, 
10898, 4.00, 0.13, 71.92, 
10899, 4.00, 0.13, 71.93, 
10900, 4.00, 0.13, 71.93, 
10901, 4.00, 0.13, 71.94, 
10902, 4.00, 0.13, 71.94, 
10903, 4.00, 0.13, 71.95, 
10904, 4.00, 0.13, 71.95, 
10905, 4.00, 0.13, 71.96, 
10906, 4.00, 0.13, 71.96, 
10907, 4.01, 0.13, 71.96, 
10908, 4.00, 0.13, 71.97, 
10909, 4.00, 0.13, 71.97, 
10910, 4.00, 0.13, 71.98, 
10911, 4.00, 0.13, 71.98, 
10912, 4.00, 0.13, 71.99, 
10913, 4.00, 0.13, 71.99, 
10914, 4.00, 0.13, 72.00, 
10915, 4.00, 0.13, 72.00, 
10916, 4.00, 0.13, 72.01, 
10917, 4.00, 0.13, 72.01, 
10918, 4.00, 0.13, 72.01, 
10919, 4.00, 0.13, 72.02, 
10920, 4.00, 0.13, 72.02, 
10921, 4.00, 0.13, 72.03, 
10922, 4.01, 0.13, 72.03, 
10923, 4.00, 0.13, 72.04, 
10924, 4.00, 0.13, 72.04, 
10925, 4.00, 0.13, 72.05, 
10926, 4.00, 0.13, 72.05, 
10927, 4.00, 0.13, 72.06, 
10928, 4.00, 0.13, 72.06, 
10929, 4.00, 0.13, 72.06, 
10930, 4.00, 0.13, 72.07, 
10931, 3.99, 0.13, 72.07, 
10932, 4.00, 0.13, 72.08, 
10933, 4.00, 0.13, 72.08, 
10934, 4.01, 0.13, 72.09, 
10935, 4.00, 0.13, 72.09, 
10936, 4.00, 0.13, 72.10, 
10937, 4.00, 0.13, 72.10, 
10938, 4.00, 0.13, 72.11, 
10939, 4.00, 0.13, 72.11, 
10940, 3.99, 0.13, 72.11, 
10941, 4.00, 0.13, 72.12, 
10942, 4.01, 0.13, 72.12, 
10943, 4.00, 0.13, 72.13, 
10944, 4.00, 0.13, 72.13, 
10945, 4.00, 0.13, 72.14, 
10946, 4.00, 0.13, 72.14, 
10947, 4.00, 0.13, 72.15, 
10948, 4.00, 0.13, 72.15, 
10949, 4.00, 0.13, 72.15, 
10950, 4.00, 0.13, 72.16, 
10951, 4.00, 0.13, 72.16, 
10952, 4.00, 0.13, 72.17, 
10953, 4.00, 0.13, 72.17, 
10954, 4.00, 0.13, 72.18, 
10955, 4.00, 0.13, 72.18, 
10956, 4.00, 0.13, 72.19, 
10957, 4.00, 0.13, 72.19, 
10958, 4.00, 0.13, 72.20, 
10959, 4.00, 0.13, 72.20, 
10960, 4.01, 0.13, 72.20, 
10961, 4.00, 0.13, 72.21, 
10962, 4.01, 0.13, 72.21, 
10963, 4.00, 0.13, 72.22, 
10964, 4.00, 0.13, 72.22, 
10965, 4.00, 0.13, 72.23, 
10966, 4.00, 0.13, 72.23, 
10967, 4.00, 0.13, 72.24, 
10968, 4.00, 0.13, 72.24, 
10969, 4.00, 0.13, 72.24, 
10970, 4.00, 0.13, 72.25, 
10971, 4.00, 0.13, 72.25, 
10972, 4.00, 0.13, 72.26, 
10973, 4.00, 0.13, 72.26, 
10974, 4.00, 0.13, 72.27, 
10975, 4.00, 0.13, 72.27, 
10976, 4.00, 0.13, 72.28, 
10977, 4.00, 0.13, 72.28, 
10978, 4.00, 0.13, 72.28, 
10979, 4.01, 0.13, 72.29, 
10980, 4.01, 0.13, 72.29, 
10981, 4.00, 0.13, 72.30, 
10982, 4.01, 0.13, 72.30, 
10983, 4.00, 0.13, 72.31, 
10984, 4.00, 0.13, 72.31, 
10985, 4.01, 0.13, 72.32, 
10986, 4.00, 0.13, 72.32, 
10987, 4.00, 0.13, 72.32, 
10988, 4.00, 0.13, 72.33, 
10989, 4.00, 0.13, 72.33, 
10990, 4.01, 0.13, 72.34, 
10991, 4.00, 0.13, 72.34, 
10992, 4.00, 0.13, 72.35, 
10993, 4.00, 0.13, 72.35, 
10994, 4.00, 0.13, 72.36, 
10995, 4.01, 0.13, 72.36, 
10996, 4.00, 0.13, 72.36, 
10997, 4.00, 0.13, 72.37, 
10998, 4.00, 0.13, 72.37, 
10999, 4.00, 0.13, 72.38, 
11000, 4.01, 0.13, 72.38, 
11001, 4.00, 0.13, 72.39, 
11002, 4.00, 0.13, 72.39, 
11003, 4.00, 0.13, 72.40, 
11004, 4.01, 0.13, 72.40, 
11005, 4.00, 0.13, 72.40, 
11006, 4.01, 0.13, 72.41, 
11007, 4.00, 0.13, 72.41, 
11008, 4.00, 0.13, 72.42, 
11009, 4.00, 0.13, 72.42, 
11010, 4.01, 0.13, 72.43, 
11011, 4.01, 0.13, 72.43, 
11012, 4.00, 0.13, 72.44, 
11013, 4.00, 0.13, 72.44, 
11014, 4.00, 0.13, 72.44, 
11015, 4.00, 0.13, 72.45, 
11016, 4.00, 0.13, 72.45, 
11017, 4.00, 0.13, 72.46, 
11018, 4.01, 0.13, 72.46, 
11019, 4.00, 0.13, 72.47, 
11020, 4.00, 0.13, 72.47, 
11021, 4.00, 0.13, 72.48, 
11022, 4.01, 0.13, 72.48, 
11023, 4.01, 0.13, 72.48, 
11024, 4.00, 0.13, 72.49, 
11025, 4.01, 0.13, 72.49, 
11026, 4.01, 0.13, 72.50, 
11027, 4.01, 0.13, 72.50, 
11028, 4.01, 0.13, 72.51, 
11029, 4.01, 0.13, 72.51, 
11030, 4.00, 0.13, 72.51, 
11031, 4.01, 0.13, 72.52, 
11032, 4.01, 0.13, 72.52, 
11033, 4.01, 0.13, 72.53, 
11034, 4.00, 0.13, 72.53, 
11035, 4.01, 0.13, 72.54, 
11036, 4.00, 0.13, 72.54, 
11037, 4.01, 0.13, 72.55, 
11038, 4.01, 0.13, 72.55, 
11039, 4.01, 0.13, 72.55, 
11040, 4.01, 0.13, 72.56, 
11041, 4.00, 0.13, 72.56, 
11042, 4.01, 0.13, 72.57, 
11043, 4.01, 0.13, 72.57, 
11044, 4.00, 0.13, 72.58, 
11045, 4.01, 0.13, 72.58, 
11046, 4.00, 0.13, 72.58, 
11047, 4.01, 0.13, 72.59, 
11048, 4.01, 0.13, 72.59, 
11049, 4.01, 0.13, 72.60, 
11050, 4.01, 0.13, 72.60, 
11051, 4.01, 0.13, 72.61, 
11052, 4.00, 0.13, 72.61, 
11053, 4.01, 0.13, 72.62, 
11054, 4.01, 0.13, 72.62, 
11055, 4.00, 0.13, 72.62, 
11056, 4.01, 0.13, 72.63, 
11057, 4.01, 0.13, 72.63, 
11058, 4.01, 0.13, 72.64, 
11059, 4.00, 0.12, 72.64, 
11060, 4.01, 0.13, 72.65, 
11061, 4.00, 0.13, 72.65, 
11062, 4.01, 0.13, 72.65, 
11063, 4.01, 0.13, 72.66, 
11064, 4.01, 0.13, 72.66, 
11065, 4.01, 0.13, 72.67, 
11066, 4.01, 0.13, 72.67, 
11067, 4.02, 0.13, 72.68, 
11068, 4.01, 0.12, 72.68, 
11069, 4.01, 0.13, 72.69, 
11070, 4.01, 0.13, 72.69, 
11071, 4.01, 0.13, 72.69, 
11072, 4.01, 0.13, 72.70, 
11073, 4.01, 0.13, 72.70, 
11074, 4.01, 0.13, 72.71, 
11075, 4.01, 0.13, 72.71, 
11076, 4.00, 0.12, 72.72, 
11077, 4.01, 0.13, 72.72, 
11078, 4.01, 0.12, 72.72, 
11079, 4.01, 0.13, 72.73, 
11080, 4.00, 0.13, 72.73, 
11081, 4.01, 0.13, 72.74, 
11082, 4.01, 0.13, 72.74, 
11083, 4.00, 0.12, 72.75, 
11084, 4.01, 0.13, 72.75, 
11085, 4.01, 0.13, 72.75, 
11086, 4.01, 0.13, 72.76, 
11087, 4.01, 0.13, 72.76, 
11088, 4.01, 0.13, 72.77, 
11089, 4.01, 0.12, 72.77, 
11090, 4.01, 0.12, 72.78, 
11091, 4.01, 0.13, 72.78, 
11092, 4.01, 0.12, 72.79, 
11093, 4.00, 0.12, 72.79, 
11094, 4.01, 0.12, 72.79, 
11095, 4.01, 0.12, 72.80, 
11096, 4.01, 0.12, 72.80, 
11097, 4.02, 0.12, 72.81, 
11098, 4.01, 0.12, 72.81, 
11099, 4.01, 0.12, 72.82, 
11100, 4.01, 0.12, 72.82, 
11101, 4.01, 0.12, 72.82, 
11102, 4.01, 0.12, 72.83, 
11103, 4.01, 0.12, 72.83, 
11104, 4.01, 0.12, 72.84, 
11105, 4.01, 0.12, 72.84, 
11106, 4.00, 0.12, 72.85, 
11107, 4.01, 0.12, 72.85, 
11108, 4.01, 0.12, 72.85, 
11109, 4.01, 0.12, 72.86, 
11110, 4.01, 0.12, 72.86, 
11111, 4.01, 0.12, 72.87, 
11112, 4.01, 0.12, 72.87, 
11113, 4.01, 0.12, 72.88, 
11114, 4.02, 0.12, 72.88, 
11115, 4.01, 0.12, 72.88, 
11116, 4.01, 0.12, 72.89, 
11117, 4.01, 0.12, 72.89, 
11118, 4.02, 0.12, 72.90, 
11119, 4.01, 0.12, 72.90, 
11120, 4.01, 0.12, 72.91, 
11121, 4.00, 0.12, 72.91, 
11122, 4.01, 0.12, 72.91, 
11123, 4.00, 0.12, 72.92, 
11124, 4.01, 0.12, 72.92, 
11125, 4.01, 0.12, 72.93, 
11126, 4.00, 0.12, 72.93, 
11127, 4.01, 0.12, 72.94, 
11128, 4.01, 0.12, 72.94, 
11129, 4.01, 0.12, 72.94, 
11130, 4.01, 0.12, 72.95, 
11131, 4.02, 0.12, 72.95, 
11132, 4.01, 0.12, 72.96, 
11133, 4.01, 0.12, 72.96, 
11134, 4.01, 0.12, 72.97, 
11135, 4.01, 0.12, 72.97, 
11136, 4.01, 0.12, 72.97, 
11137, 4.01, 0.12, 72.98, 
11138, 4.01, 0.12, 72.98, 
11139, 4.01, 0.12, 72.99, 
11140, 4.01, 0.12, 72.99, 
11141, 4.00, 0.12, 73.00, 
11142, 4.01, 0.12, 73.00, 
11143, 4.01, 0.12, 73.00, 
11144, 4.02, 0.12, 73.01, 
11145, 4.01, 0.12, 73.01, 
11146, 4.00, 0.12, 73.02, 
11147, 4.01, 0.12, 73.02, 
11148, 4.01, 0.12, 73.03, 
11149, 4.02, 0.12, 73.03, 
11150, 4.01, 0.12, 73.03, 
11151, 4.01, 0.12, 73.04, 
11152, 4.01, 0.12, 73.04, 
11153, 4.01, 0.12, 73.05, 
11154, 4.01, 0.12, 73.05, 
11155, 4.01, 0.12, 73.06, 
11156, 4.01, 0.12, 73.06, 
11157, 4.01, 0.12, 73.06, 
11158, 4.01, 0.12, 73.07, 
11159, 4.01, 0.12, 73.07, 
11160, 4.01, 0.12, 73.08, 
11161, 4.02, 0.12, 73.08, 
11162, 4.01, 0.12, 73.09, 
11163, 4.01, 0.12, 73.09, 
11164, 4.01, 0.12, 73.09, 
11165, 4.01, 0.12, 73.10, 
11166, 4.01, 0.12, 73.10, 
11167, 4.02, 0.12, 73.11, 
11168, 4.02, 0.12, 73.11, 
11169, 4.02, 0.12, 73.12, 
11170, 4.01, 0.12, 73.12, 
11171, 4.01, 0.12, 73.12, 
11172, 4.01, 0.12, 73.13, 
11173, 4.01, 0.12, 73.13, 
11174, 4.01, 0.12, 73.14, 
11175, 4.01, 0.12, 73.14, 
11176, 4.01, 0.12, 73.15, 
11177, 4.01, 0.12, 73.15, 
11178, 4.01, 0.12, 73.15, 
11179, 4.01, 0.12, 73.16, 
11180, 4.01, 0.12, 73.16, 
11181, 4.01, 0.12, 73.17, 
11182, 4.01, 0.12, 73.17, 
11183, 4.01, 0.12, 73.18, 
11184, 4.02, 0.12, 73.18, 
11185, 4.01, 0.12, 73.18, 
11186, 4.01, 0.12, 73.19, 
11187, 4.02, 0.12, 73.19, 
11188, 4.01, 0.12, 73.20, 
11189, 4.01, 0.12, 73.20, 
11190, 4.02, 0.12, 73.20, 
11191, 4.01, 0.12, 73.21, 
11192, 4.01, 0.12, 73.21, 
11193, 4.02, 0.12, 73.22, 
11194, 4.02, 0.12, 73.22, 
11195, 4.02, 0.12, 73.23, 
11196, 4.01, 0.12, 73.23, 
11197, 4.01, 0.12, 73.23, 
11198, 4.01, 0.12, 73.24, 
11199, 4.01, 0.12, 73.24, 
11200, 4.02, 0.12, 73.25, 
11201, 4.02, 0.12, 73.25, 
11202, 4.02, 0.12, 73.26, 
11203, 4.01, 0.12, 73.26, 
11204, 4.01, 0.12, 73.26, 
11205, 4.01, 0.12, 73.27, 
11206, 4.01, 0.12, 73.27, 
11207, 4.02, 0.12, 73.28, 
11208, 4.02, 0.12, 73.28, 
11209, 4.02, 0.12, 73.28, 
11210, 4.01, 0.12, 73.29, 
11211, 4.01, 0.12, 73.29, 
11212, 4.02, 0.12, 73.30, 
11213, 4.01, 0.12, 73.30, 
11214, 4.02, 0.12, 73.31, 
11215, 4.02, 0.12, 73.31, 
11216, 4.01, 0.12, 73.31, 
11217, 4.01, 0.12, 73.32, 
11218, 4.02, 0.12, 73.32, 
11219, 4.02, 0.12, 73.33, 
11220, 4.01, 0.12, 73.33, 
11221, 4.02, 0.12, 73.34, 
11222, 4.02, 0.12, 73.34, 
11223, 4.01, 0.12, 73.34, 
11224, 4.01, 0.12, 73.35, 
11225, 4.02, 0.12, 73.35, 
11226, 4.01, 0.12, 73.36, 
11227, 4.02, 0.12, 73.36, 
11228, 4.02, 0.12, 73.36, 
11229, 4.01, 0.12, 73.37, 
11230, 4.01, 0.12, 73.37, 
11231, 4.02, 0.12, 73.38, 
11232, 4.02, 0.12, 73.38, 
11233, 4.01, 0.12, 73.39, 
11234, 4.01, 0.12, 73.39, 
11235, 4.02, 0.12, 73.39, 
11236, 4.01, 0.12, 73.40, 
11237, 4.02, 0.12, 73.40, 
11238, 4.02, 0.12, 73.41, 
11239, 4.02, 0.12, 73.41, 
11240, 4.02, 0.12, 73.41, 
11241, 4.02, 0.12, 73.42, 
11242, 4.02, 0.12, 73.42, 
11243, 4.01, 0.12, 73.43, 
11244, 4.01, 0.12, 73.43, 
11245, 4.01, 0.12, 73.44, 
11246, 4.02, 0.12, 73.44, 
11247, 4.02, 0.12, 73.44, 
11248, 4.02, 0.12, 73.45, 
11249, 4.02, 0.12, 73.45, 
11250, 4.02, 0.12, 73.46, 
11251, 4.02, 0.12, 73.46, 
11252, 4.02, 0.12, 73.46, 
11253, 4.02, 0.12, 73.47, 
11254, 4.02, 0.12, 73.47, 
11255, 4.02, 0.12, 73.48, 
11256, 4.02, 0.12, 73.48, 
11257, 4.02, 0.12, 73.49, 
11258, 4.02, 0.12, 73.49, 
11259, 4.02, 0.12, 73.49, 
11260, 4.02, 0.12, 73.50, 
11261, 4.02, 0.12, 73.50, 
11262, 4.02, 0.12, 73.51, 
11263, 4.02, 0.12, 73.51, 
11264, 4.02, 0.12, 73.51, 
11265, 4.02, 0.12, 73.52, 
11266, 4.02, 0.12, 73.52, 
11267, 4.02, 0.12, 73.53, 
11268, 4.02, 0.12, 73.53, 
11269, 4.02, 0.12, 73.54, 
11270, 4.01, 0.12, 73.54, 
11271, 4.02, 0.12, 73.54, 
11272, 4.02, 0.12, 73.55, 
11273, 4.02, 0.12, 73.55, 
11274, 4.02, 0.12, 73.56, 
11275, 4.02, 0.12, 73.56, 
11276, 4.02, 0.12, 73.56, 
11277, 4.02, 0.12, 73.57, 
11278, 4.02, 0.12, 73.57, 
11279, 4.02, 0.12, 73.58, 
11280, 4.02, 0.12, 73.58, 
11281, 4.02, 0.12, 73.58, 
11282, 4.02, 0.12, 73.59, 
11283, 4.02, 0.12, 73.59, 
11284, 4.02, 0.12, 73.60, 
11285, 4.02, 0.12, 73.60, 
11286, 4.02, 0.12, 73.61, 
11287, 4.02, 0.12, 73.61, 
11288, 4.02, 0.12, 73.61, 
11289, 4.02, 0.12, 73.62, 
11290, 4.02, 0.12, 73.62, 
11291, 4.02, 0.12, 73.63, 
11292, 4.03, 0.12, 73.63, 
11293, 4.02, 0.12, 73.63, 
11294, 4.01, 0.12, 73.64, 
11295, 4.02, 0.12, 73.64, 
11296, 4.02, 0.12, 73.65, 
11297, 4.02, 0.12, 73.65, 
11298, 4.02, 0.12, 73.65, 
11299, 4.02, 0.12, 73.66, 
11300, 4.02, 0.12, 73.66, 
11301, 4.02, 0.12, 73.67, 
11302, 4.02, 0.12, 73.67, 
11303, 4.02, 0.12, 73.68, 
11304, 4.01, 0.12, 73.68, 
11305, 4.02, 0.12, 73.68, 
11306, 4.02, 0.12, 73.69, 
11307, 4.02, 0.12, 73.69, 
11308, 4.02, 0.12, 73.70, 
11309, 4.03, 0.12, 73.70, 
11310, 4.02, 0.12, 73.70, 
11311, 4.02, 0.12, 73.71, 
11312, 4.02, 0.12, 73.71, 
11313, 4.01, 0.12, 73.72, 
11314, 4.02, 0.12, 73.72, 
11315, 4.01, 0.12, 73.72, 
11316, 4.02, 0.12, 73.73, 
11317, 4.02, 0.12, 73.73, 
11318, 4.02, 0.12, 73.74, 
11319, 4.02, 0.12, 73.74, 
11320, 4.02, 0.12, 73.75, 
11321, 4.02, 0.12, 73.75, 
11322, 4.01, 0.12, 73.75, 
11323, 4.02, 0.12, 73.76, 
11324, 4.02, 0.12, 73.76, 
11325, 4.02, 0.12, 73.77, 
11326, 4.02, 0.12, 73.77, 
11327, 4.02, 0.12, 73.77, 
11328, 4.02, 0.12, 73.78, 
11329, 4.02, 0.12, 73.78, 
11330, 4.02, 0.12, 73.79, 
11331, 4.02, 0.12, 73.79, 
11332, 4.02, 0.12, 73.79, 
11333, 4.02, 0.12, 73.80, 
11334, 4.02, 0.12, 73.80, 
11335, 4.02, 0.12, 73.81, 
11336, 4.02, 0.12, 73.81, 
11337, 4.02, 0.12, 73.81, 
11338, 4.01, 0.12, 73.82, 
11339, 4.02, 0.12, 73.82, 
11340, 4.02, 0.12, 73.83, 
11341, 4.02, 0.12, 73.83, 
11342, 4.02, 0.12, 73.83, 
11343, 4.01, 0.12, 73.84, 
11344, 4.02, 0.12, 73.84, 
11345, 4.02, 0.12, 73.85, 
11346, 4.02, 0.12, 73.85, 
11347, 4.02, 0.12, 73.86, 
11348, 4.02, 0.12, 73.86, 
11349, 4.02, 0.12, 73.86, 
11350, 4.02, 0.12, 73.87, 
11351, 4.03, 0.12, 73.87, 
11352, 4.02, 0.12, 73.88, 
11353, 4.03, 0.12, 73.88, 
11354, 4.02, 0.12, 73.88, 
11355, 4.02, 0.12, 73.89, 
11356, 4.02, 0.12, 73.89, 
11357, 4.02, 0.12, 73.90, 
11358, 4.02, 0.12, 73.90, 
11359, 4.02, 0.12, 73.90, 
11360, 4.02, 0.12, 73.91, 
11361, 4.02, 0.12, 73.91, 
11362, 4.02, 0.12, 73.92, 
11363, 4.03, 0.12, 73.92, 
11364, 4.02, 0.12, 73.92, 
11365, 4.02, 0.12, 73.93, 
11366, 4.02, 0.12, 73.93, 
11367, 4.02, 0.12, 73.94, 
11368, 4.02, 0.12, 73.94, 
11369, 4.02, 0.12, 73.94, 
11370, 4.02, 0.12, 73.95, 
11371, 4.02, 0.12, 73.95, 
11372, 4.02, 0.12, 73.96, 
11373, 4.02, 0.12, 73.96, 
11374, 4.02, 0.12, 73.96, 
11375, 4.02, 0.12, 73.97, 
11376, 4.02, 0.12, 73.97, 
11377, 4.02, 0.12, 73.98, 
11378, 4.02, 0.12, 73.98, 
11379, 4.02, 0.12, 73.98, 
11380, 4.02, 0.12, 73.99, 
11381, 4.02, 0.12, 73.99, 
11382, 4.03, 0.12, 74.00, 
11383, 4.03, 0.12, 74.00, 
11384, 4.02, 0.12, 74.00, 
11385, 4.02, 0.12, 74.01, 
11386, 4.02, 0.12, 74.01, 
11387, 4.02, 0.12, 74.02, 
11388, 4.02, 0.12, 74.02, 
11389, 4.02, 0.12, 74.02, 
11390, 4.02, 0.12, 74.03, 
11391, 4.02, 0.12, 74.03, 
11392, 4.02, 0.12, 74.04, 
11393, 4.02, 0.12, 74.04, 
11394, 4.03, 0.12, 74.05, 
11395, 4.02, 0.12, 74.05, 
11396, 4.02, 0.12, 74.05, 
11397, 4.02, 0.12, 74.06, 
11398, 4.03, 0.12, 74.06, 
11399, 4.02, 0.12, 74.07, 
11400, 4.02, 0.12, 74.07, 
11401, 4.03, 0.11, 74.07, 
11402, 4.02, 0.12, 74.08, 
11403, 4.02, 0.12, 74.08, 
11404, 4.03, 0.12, 74.09, 
11405, 4.03, 0.12, 74.09, 
11406, 4.02, 0.12, 74.09, 
11407, 4.03, 0.12, 74.10, 
11408, 4.02, 0.12, 74.10, 
11409, 4.02, 0.12, 74.11, 
11410, 4.02, 0.12, 74.11, 
11411, 4.03, 0.12, 74.11, 
11412, 4.02, 0.12, 74.12, 
11413, 4.03, 0.11, 74.12, 
11414, 4.02, 0.11, 74.13, 
11415, 4.03, 0.11, 74.13, 
11416, 4.02, 0.12, 74.13, 
11417, 4.02, 0.12, 74.14, 
11418, 4.03, 0.11, 74.14, 
11419, 4.02, 0.12, 74.15, 
11420, 4.03, 0.11, 74.15, 
11421, 4.02, 0.12, 74.15, 
11422, 4.02, 0.12, 74.16, 
11423, 4.02, 0.11, 74.16, 
11424, 4.03, 0.11, 74.17, 
11425, 4.03, 0.11, 74.17, 
11426, 4.02, 0.11, 74.17, 
11427, 4.02, 0.11, 74.18, 
11428, 4.03, 0.11, 74.18, 
11429, 4.03, 0.11, 74.19, 
11430, 4.02, 0.11, 74.19, 
11431, 4.01, 0.11, 74.19, 
11432, 4.02, 0.11, 74.20, 
11433, 4.03, 0.11, 74.20, 
11434, 4.03, 0.11, 74.20, 
11435, 4.03, 0.11, 74.21, 
11436, 4.03, 0.11, 74.21, 
11437, 4.02, 0.11, 74.22, 
11438, 4.03, 0.11, 74.22, 
11439, 4.03, 0.12, 74.22, 
11440, 4.03, 0.11, 74.23, 
11441, 4.02, 0.11, 74.23, 
11442, 4.03, 0.11, 74.24, 
11443, 4.03, 0.11, 74.24, 
11444, 4.03, 0.11, 74.24, 
11445, 4.03, 0.11, 74.25, 
11446, 4.03, 0.11, 74.25, 
11447, 4.02, 0.11, 74.26, 
11448, 4.03, 0.11, 74.26, 
11449, 4.03, 0.11, 74.26, 
11450, 4.03, 0.11, 74.27, 
11451, 4.03, 0.11, 74.27, 
11452, 4.03, 0.11, 74.28, 
11453, 4.03, 0.11, 74.28, 
11454, 4.03, 0.11, 74.28, 
11455, 4.03, 0.11, 74.29, 
11456, 4.02, 0.11, 74.29, 
11457, 4.03, 0.11, 74.30, 
11458, 4.03, 0.11, 74.30, 
11459, 4.03, 0.11, 74.30, 
11460, 4.03, 0.11, 74.31, 
11461, 4.03, 0.11, 74.31, 
11462, 4.03, 0.11, 74.32, 
11463, 4.03, 0.11, 74.32, 
11464, 4.03, 0.11, 74.32, 
11465, 4.03, 0.11, 74.33, 
11466, 4.03, 0.11, 74.33, 
11467, 4.03, 0.11, 74.34, 
11468, 4.03, 0.11, 74.34, 
11469, 4.03, 0.11, 74.34, 
11470, 4.02, 0.11, 74.35, 
11471, 4.03, 0.11, 74.35, 
11472, 4.03, 0.11, 74.36, 
11473, 4.03, 0.11, 74.36, 
11474, 4.02, 0.11, 74.36, 
11475, 4.03, 0.11, 74.37, 
11476, 4.02, 0.11, 74.37, 
11477, 4.03, 0.11, 74.37, 
11478, 4.03, 0.11, 74.38, 
11479, 4.03, 0.11, 74.38, 
11480, 4.03, 0.11, 74.39, 
11481, 4.03, 0.11, 74.39, 
11482, 4.02, 0.11, 74.39, 
11483, 4.03, 0.11, 74.40, 
11484, 4.03, 0.11, 74.40, 
11485, 4.03, 0.11, 74.41, 
11486, 4.03, 0.11, 74.41, 
11487, 4.03, 0.11, 74.41, 
11488, 4.03, 0.11, 74.42, 
11489, 4.03, 0.11, 74.42, 
11490, 4.03, 0.11, 74.43, 
11491, 4.03, 0.11, 74.43, 
11492, 4.03, 0.11, 74.43, 
11493, 4.03, 0.11, 74.44, 
11494, 4.03, 0.11, 74.44, 
11495, 4.02, 0.11, 74.45, 
11496, 4.03, 0.11, 74.45, 
11497, 4.03, 0.11, 74.45, 
11498, 4.03, 0.11, 74.46, 
11499, 4.02, 0.11, 74.46, 
11500, 4.02, 0.11, 74.47, 
11501, 4.03, 0.11, 74.47, 
11502, 4.03, 0.11, 74.47, 
11503, 4.03, 0.11, 74.48, 
11504, 4.03, 0.11, 74.48, 
11505, 4.03, 0.11, 74.48, 
11506, 4.03, 0.11, 74.49, 
11507, 4.03, 0.11, 74.49, 
11508, 4.02, 0.11, 74.50, 
11509, 4.03, 0.11, 74.50, 
11510, 4.03, 0.11, 74.50, 
11511, 4.03, 0.11, 74.51, 
11512, 4.03, 0.11, 74.51, 
11513, 4.03, 0.11, 74.52, 
11514, 4.03, 0.11, 74.52, 
11515, 4.02, 0.11, 74.52, 
11516, 4.03, 0.11, 74.53, 
11517, 4.03, 0.11, 74.53, 
11518, 4.03, 0.11, 74.54, 
11519, 4.03, 0.11, 74.54, 
11520, 4.03, 0.11, 74.54, 
11521, 4.03, 0.11, 74.55, 
11522, 4.02, 0.11, 74.55, 
11523, 4.02, 0.11, 74.55, 
11524, 4.03, 0.11, 74.56, 
11525, 4.03, 0.11, 74.56, 
11526, 4.03, 0.11, 74.57, 
11527, 4.02, 0.11, 74.57, 
11528, 4.03, 0.11, 74.57, 
11529, 4.03, 0.11, 74.58, 
11530, 4.03, 0.11, 74.58, 
11531, 4.03, 0.11, 74.59, 
11532, 4.03, 0.11, 74.59, 
11533, 4.03, 0.11, 74.59, 
11534, 4.02, 0.11, 74.60, 
11535, 4.03, 0.11, 74.60, 
11536, 4.03, 0.11, 74.61, 
11537, 4.03, 0.11, 74.61, 
11538, 4.03, 0.11, 74.61, 
11539, 4.03, 0.11, 74.62, 
11540, 4.03, 0.11, 74.62, 
11541, 4.02, 0.11, 74.62, 
11542, 4.03, 0.11, 74.63, 
11543, 4.03, 0.11, 74.63, 
11544, 4.03, 0.11, 74.64, 
11545, 4.03, 0.11, 74.64, 
11546, 4.03, 0.11, 74.64, 
11547, 4.03, 0.11, 74.65, 
11548, 4.03, 0.11, 74.65, 
11549, 4.03, 0.11, 74.66, 
11550, 4.02, 0.11, 74.66, 
11551, 4.02, 0.11, 74.66, 
11552, 4.02, 0.11, 74.67, 
11553, 4.03, 0.11, 74.67, 
11554, 4.03, 0.11, 74.67, 
11555, 4.03, 0.11, 74.68, 
11556, 4.03, 0.11, 74.68, 
11557, 4.03, 0.11, 74.69, 
11558, 4.03, 0.11, 74.69, 
11559, 4.04, 0.11, 74.69, 
11560, 4.03, 0.11, 74.70, 
11561, 4.03, 0.11, 74.70, 
11562, 4.02, 0.11, 74.71, 
11563, 4.03, 0.11, 74.71, 
11564, 4.03, 0.11, 74.71, 
11565, 4.03, 0.11, 74.72, 
11566, 4.03, 0.11, 74.72, 
11567, 4.02, 0.11, 74.72, 
11568, 4.03, 0.11, 74.73, 
11569, 4.03, 0.11, 74.73, 
11570, 4.03, 0.11, 74.74, 
11571, 4.03, 0.11, 74.74, 
11572, 4.03, 0.11, 74.74, 
11573, 4.03, 0.11, 74.75, 
11574, 4.03, 0.11, 74.75, 
11575, 4.03, 0.11, 74.76, 
11576, 4.03, 0.11, 74.76, 
11577, 4.03, 0.11, 74.76, 
11578, 4.03, 0.11, 74.77, 
11579, 4.03, 0.11, 74.77, 
11580, 4.04, 0.11, 74.77, 
11581, 4.03, 0.11, 74.78, 
11582, 4.03, 0.11, 74.78, 
11583, 4.03, 0.11, 74.79, 
11584, 4.03, 0.11, 74.79, 
11585, 4.03, 0.11, 74.79, 
11586, 4.03, 0.11, 74.80, 
11587, 4.03, 0.11, 74.80, 
11588, 4.03, 0.11, 74.81, 
11589, 4.03, 0.11, 74.81, 
11590, 4.03, 0.11, 74.81, 
11591, 4.03, 0.11, 74.82, 
11592, 4.03, 0.11, 74.82, 
11593, 4.03, 0.11, 74.82, 
11594, 4.03, 0.11, 74.83, 
11595, 4.03, 0.11, 74.83, 
11596, 4.03, 0.11, 74.84, 
11597, 4.03, 0.11, 74.84, 
11598, 4.03, 0.11, 74.84, 
11599, 4.03, 0.11, 74.85, 
11600, 4.03, 0.11, 74.85, 
11601, 4.03, 0.11, 74.85, 
11602, 4.03, 0.11, 74.86, 
11603, 4.03, 0.11, 74.86, 
11604, 4.03, 0.11, 74.87, 
11605, 4.03, 0.11, 74.87, 
11606, 4.03, 0.11, 74.87, 
11607, 4.03, 0.11, 74.88, 
11608, 4.03, 0.11, 74.88, 
11609, 4.03, 0.11, 74.89, 
11610, 4.04, 0.11, 74.89, 
11611, 4.04, 0.11, 74.89, 
11612, 4.03, 0.11, 74.90, 
11613, 4.03, 0.11, 74.90, 
11614, 4.04, 0.11, 74.90, 
11615, 4.03, 0.11, 74.91, 
11616, 4.03, 0.11, 74.91, 
11617, 4.03, 0.11, 74.92, 
11618, 4.04, 0.11, 74.92, 
11619, 4.03, 0.11, 74.92, 
11620, 4.04, 0.11, 74.93, 
11621, 4.03, 0.11, 74.93, 
11622, 4.04, 0.11, 74.93, 
11623, 4.03, 0.11, 74.94, 
11624, 4.04, 0.11, 74.94, 
11625, 4.03, 0.11, 74.95, 
11626, 4.03, 0.11, 74.95, 
11627, 4.04, 0.11, 74.95, 
11628, 4.03, 0.11, 74.96, 
11629, 4.04, 0.11, 74.96, 
11630, 4.04, 0.11, 74.96, 
11631, 4.03, 0.11, 74.97, 
11632, 4.04, 0.11, 74.97, 
11633, 4.03, 0.11, 74.98, 
11634, 4.03, 0.11, 74.98, 
11635, 4.03, 0.11, 74.98, 
11636, 4.04, 0.11, 74.99, 
11637, 4.03, 0.11, 74.99, 
11638, 4.04, 0.11, 74.99, 
11639, 4.04, 0.11, 75.00, 
11640, 4.04, 0.11, 75.00, 
11641, 4.03, 0.11, 75.01, 
11642, 4.03, 0.11, 75.01, 
11643, 4.04, 0.11, 75.01, 
11644, 4.03, 0.11, 75.02, 
11645, 4.04, 0.11, 75.02, 
11646, 4.03, 0.11, 75.03, 
11647, 4.03, 0.11, 75.03, 
11648, 4.03, 0.11, 75.03, 
11649, 4.04, 0.11, 75.04, 
11650, 4.04, 0.11, 75.04, 
11651, 4.04, 0.11, 75.04, 
11652, 4.04, 0.11, 75.05, 
11653, 4.03, 0.11, 75.05, 
11654, 4.04, 0.11, 75.06, 
11655, 4.03, 0.11, 75.06, 
11656, 4.03, 0.11, 75.06, 
11657, 4.03, 0.11, 75.07, 
11658, 4.03, 0.11, 75.07, 
11659, 4.04, 0.11, 75.07, 
11660, 4.04, 0.11, 75.08, 
11661, 4.04, 0.11, 75.08, 
11662, 4.03, 0.11, 75.09, 
11663, 4.03, 0.11, 75.09, 
11664, 4.03, 0.11, 75.09, 
11665, 4.03, 0.11, 75.10, 
11666, 4.04, 0.11, 75.10, 
11667, 4.04, 0.11, 75.10, 
11668, 4.04, 0.11, 75.11, 
11669, 4.04, 0.11, 75.11, 
11670, 4.03, 0.11, 75.12, 
11671, 4.04, 0.11, 75.12, 
11672, 4.04, 0.11, 75.12, 
11673, 4.04, 0.11, 75.13, 
11674, 4.04, 0.11, 75.13, 
11675, 4.03, 0.11, 75.13, 
11676, 4.04, 0.11, 75.14, 
11677, 4.03, 0.11, 75.14, 
11678, 4.04, 0.11, 75.14, 
11679, 4.03, 0.11, 75.15, 
11680, 4.03, 0.11, 75.15, 
11681, 4.04, 0.11, 75.16, 
11682, 4.03, 0.11, 75.16, 
11683, 4.03, 0.11, 75.16, 
11684, 4.03, 0.11, 75.17, 
11685, 4.04, 0.11, 75.17, 
11686, 4.03, 0.11, 75.17, 
11687, 4.03, 0.11, 75.18, 
11688, 4.04, 0.11, 75.18, 
11689, 4.03, 0.11, 75.19, 
11690, 4.04, 0.11, 75.19, 
11691, 4.04, 0.11, 75.19, 
11692, 4.03, 0.11, 75.20, 
11693, 4.04, 0.11, 75.20, 
11694, 4.04, 0.11, 75.20, 
11695, 4.04, 0.11, 75.21, 
11696, 4.03, 0.11, 75.21, 
11697, 4.04, 0.11, 75.22, 
11698, 4.04, 0.11, 75.22, 
11699, 4.04, 0.11, 75.22, 
11700, 4.04, 0.11, 75.23, 
11701, 4.03, 0.11, 75.23, 
11702, 4.04, 0.11, 75.23, 
11703, 4.04, 0.11, 75.24, 
11704, 4.03, 0.11, 75.24, 
11705, 4.03, 0.11, 75.25, 
11706, 4.04, 0.11, 75.25, 
11707, 4.04, 0.11, 75.25, 
11708, 4.03, 0.11, 75.26, 
11709, 4.03, 0.11, 75.26, 
11710, 4.03, 0.11, 75.26, 
11711, 4.03, 0.11, 75.27, 
11712, 4.04, 0.11, 75.27, 
11713, 4.04, 0.11, 75.28, 
11714, 4.04, 0.11, 75.28, 
11715, 4.03, 0.11, 75.28, 
11716, 4.04, 0.11, 75.29, 
11717, 4.04, 0.11, 75.29, 
11718, 4.03, 0.11, 75.29, 
11719, 4.04, 0.11, 75.30, 
11720, 4.03, 0.11, 75.30, 
11721, 4.03, 0.11, 75.30, 
11722, 4.04, 0.11, 75.31, 
11723, 4.04, 0.11, 75.31, 
11724, 4.04, 0.11, 75.32, 
11725, 4.03, 0.11, 75.32, 
11726, 4.04, 0.11, 75.32, 
11727, 4.04, 0.11, 75.33, 
11728, 4.04, 0.11, 75.33, 
11729, 4.04, 0.11, 75.33, 
11730, 4.04, 0.11, 75.34, 
11731, 4.04, 0.11, 75.34, 
11732, 4.03, 0.11, 75.34, 
11733, 4.03, 0.11, 75.35, 
11734, 4.03, 0.11, 75.35, 
11735, 4.04, 0.11, 75.36, 
11736, 4.04, 0.11, 75.36, 
11737, 4.04, 0.11, 75.36, 
11738, 4.04, 0.11, 75.37, 
11739, 4.04, 0.11, 75.37, 
11740, 4.04, 0.11, 75.37, 
11741, 4.03, 0.11, 75.38, 
11742, 4.03, 0.11, 75.38, 
11743, 4.04, 0.11, 75.39, 
11744, 4.03, 0.11, 75.39, 
11745, 4.03, 0.11, 75.39, 
11746, 4.04, 0.11, 75.40, 
11747, 4.04, 0.11, 75.40, 
11748, 4.04, 0.10, 75.40, 
11749, 4.04, 0.11, 75.41, 
11750, 4.04, 0.11, 75.41, 
11751, 4.04, 0.11, 75.41, 
11752, 4.04, 0.10, 75.42, 
11753, 4.04, 0.10, 75.42, 
11754, 4.04, 0.10, 75.43, 
11755, 4.04, 0.11, 75.43, 
11756, 4.04, 0.11, 75.43, 
11757, 4.04, 0.11, 75.44, 
11758, 4.04, 0.11, 75.44, 
11759, 4.04, 0.10, 75.44, 
11760, 4.04, 0.11, 75.45, 
11761, 4.04, 0.10, 75.45, 
11762, 4.04, 0.11, 75.45, 
11763, 4.04, 0.11, 75.46, 
11764, 4.04, 0.11, 75.46, 
11765, 4.04, 0.10, 75.47, 
11766, 4.04, 0.10, 75.47, 
11767, 4.04, 0.10, 75.47, 
11768, 4.04, 0.10, 75.48, 
11769, 4.04, 0.10, 75.48, 
11770, 4.04, 0.10, 75.48, 
11771, 4.04, 0.10, 75.49, 
11772, 4.04, 0.11, 75.49, 
11773, 4.04, 0.10, 75.49, 
11774, 4.04, 0.10, 75.50, 
11775, 4.04, 0.10, 75.50, 
11776, 4.04, 0.10, 75.51, 
11777, 4.03, 0.11, 75.51, 
11778, 4.04, 0.10, 75.51, 
11779, 4.04, 0.10, 75.52, 
11780, 4.04, 0.10, 75.52, 
11781, 4.04, 0.10, 75.52, 
11782, 4.04, 0.11, 75.53, 
11783, 4.04, 0.10, 75.53, 
11784, 4.04, 0.10, 75.53, 
11785, 4.04, 0.10, 75.54, 
11786, 4.04, 0.10, 75.54, 
11787, 4.04, 0.10, 75.55, 
11788, 4.04, 0.10, 75.55, 
11789, 4.04, 0.10, 75.55, 
11790, 4.04, 0.10, 75.56, 
11791, 4.04, 0.10, 75.56, 
11792, 4.04, 0.10, 75.56, 
11793, 4.04, 0.10, 75.57, 
11794, 4.04, 0.10, 75.57, 
11795, 4.04, 0.10, 75.57, 
11796, 4.04, 0.10, 75.58, 
11797, 4.04, 0.10, 75.58, 
11798, 4.04, 0.10, 75.59, 
11799, 4.04, 0.10, 75.59, 
11800, 4.04, 0.10, 75.59, 
11801, 4.05, 0.10, 75.60, 
11802, 4.04, 0.10, 75.60, 
11803, 4.04, 0.10, 75.60, 
11804, 4.04, 0.10, 75.61, 
11805, 4.04, 0.10, 75.61, 
11806, 4.04, 0.10, 75.61, 
11807, 4.04, 0.10, 75.62, 
11808, 4.04, 0.10, 75.62, 
11809, 4.04, 0.10, 75.63, 
11810, 4.04, 0.10, 75.63, 
11811, 4.04, 0.10, 75.63, 
11812, 4.04, 0.10, 75.64, 
11813, 4.04, 0.10, 75.64, 
11814, 4.05, 0.10, 75.64, 
11815, 4.04, 0.10, 75.65, 
11816, 4.04, 0.10, 75.65, 
11817, 4.04, 0.10, 75.65, 
11818, 4.04, 0.10, 75.66, 
11819, 4.04, 0.10, 75.66, 
11820, 4.04, 0.10, 75.66, 
11821, 4.04, 0.10, 75.67, 
11822, 4.04, 0.10, 75.67, 
11823, 4.04, 0.10, 75.68, 
11824, 4.04, 0.10, 75.68, 
11825, 4.05, 0.10, 75.68, 
11826, 4.04, 0.10, 75.69, 
11827, 4.04, 0.10, 75.69, 
11828, 4.04, 0.10, 75.69, 
11829, 4.04, 0.10, 75.70, 
11830, 4.04, 0.10, 75.70, 
11831, 4.04, 0.10, 75.70, 
11832, 4.04, 0.10, 75.71, 
11833, 4.04, 0.10, 75.71, 
11834, 4.04, 0.10, 75.72, 
11835, 4.04, 0.10, 75.72, 
11836, 4.04, 0.10, 75.72, 
11837, 4.04, 0.10, 75.73, 
11838, 4.04, 0.10, 75.73, 
11839, 4.04, 0.10, 75.73, 
11840, 4.04, 0.10, 75.74, 
11841, 4.04, 0.10, 75.74, 
11842, 4.04, 0.10, 75.74, 
11843, 4.04, 0.10, 75.75, 
11844, 4.04, 0.10, 75.75, 
11845, 4.04, 0.10, 75.75, 
11846, 4.04, 0.10, 75.76, 
11847, 4.05, 0.10, 75.76, 
11848, 4.05, 0.10, 75.77, 
11849, 4.04, 0.10, 75.77, 
11850, 4.05, 0.10, 75.77, 
11851, 4.04, 0.10, 75.78, 
11852, 4.04, 0.10, 75.78, 
11853, 4.04, 0.10, 75.78, 
11854, 4.04, 0.10, 75.79, 
11855, 4.04, 0.10, 75.79, 
11856, 4.04, 0.10, 75.79, 
11857, 4.04, 0.10, 75.80, 
11858, 4.04, 0.10, 75.80, 
11859, 4.05, 0.10, 75.80, 
11860, 4.05, 0.10, 75.81, 
11861, 4.05, 0.10, 75.81, 
11862, 4.05, 0.10, 75.82, 
11863, 4.05, 0.10, 75.82, 
11864, 4.04, 0.10, 75.82, 
11865, 4.04, 0.10, 75.83, 
11866, 4.04, 0.10, 75.83, 
11867, 4.05, 0.10, 75.83, 
11868, 4.05, 0.10, 75.84, 
11869, 4.04, 0.10, 75.84, 
11870, 4.04, 0.10, 75.84, 
11871, 4.05, 0.10, 75.85, 
11872, 4.05, 0.10, 75.85, 
11873, 4.05, 0.10, 75.85, 
11874, 4.04, 0.10, 75.86, 
11875, 4.05, 0.10, 75.86, 
11876, 4.05, 0.10, 75.87, 
11877, 4.04, 0.10, 75.87, 
11878, 4.04, 0.10, 75.87, 
11879, 4.05, 0.10, 75.88, 
11880, 4.05, 0.10, 75.88, 
11881, 4.05, 0.10, 75.88, 
11882, 4.05, 0.10, 75.89, 
11883, 4.05, 0.10, 75.89, 
11884, 4.04, 0.10, 75.89, 
11885, 4.05, 0.10, 75.90, 
11886, 4.05, 0.10, 75.90, 
11887, 4.04, 0.10, 75.90, 
11888, 4.04, 0.10, 75.91, 
11889, 4.04, 0.10, 75.91, 
11890, 4.05, 0.10, 75.91, 
11891, 4.05, 0.10, 75.92, 
11892, 4.04, 0.10, 75.92, 
11893, 4.05, 0.10, 75.93, 
11894, 4.04, 0.10, 75.93, 
11895, 4.05, 0.10, 75.93, 
11896, 4.05, 0.10, 75.94, 
11897, 4.05, 0.10, 75.94, 
11898, 4.04, 0.10, 75.94, 
11899, 4.04, 0.10, 75.95, 
11900, 4.05, 0.10, 75.95, 
11901, 4.04, 0.10, 75.95, 
11902, 4.04, 0.10, 75.96, 
11903, 4.05, 0.10, 75.96, 
11904, 4.04, 0.10, 75.96, 
11905, 4.05, 0.10, 75.97, 
11906, 4.04, 0.10, 75.97, 
11907, 4.04, 0.10, 75.97, 
11908, 4.04, 0.10, 75.98, 
11909, 4.05, 0.10, 75.98, 
11910, 4.05, 0.10, 75.99, 
11911, 4.05, 0.10, 75.99, 
11912, 4.05, 0.10, 75.99, 
11913, 4.05, 0.10, 76.00, 
11914, 4.04, 0.10, 76.00, 
11915, 4.04, 0.10, 76.00, 
11916, 4.05, 0.10, 76.01, 
11917, 4.05, 0.10, 76.01, 
11918, 4.04, 0.10, 76.01, 
11919, 4.05, 0.10, 76.02, 
11920, 4.04, 0.10, 76.02, 
11921, 4.05, 0.10, 76.02, 
11922, 4.05, 0.10, 76.03, 
11923, 4.05, 0.10, 76.03, 
11924, 4.04, 0.10, 76.03, 
11925, 4.04, 0.10, 76.04, 
11926, 4.05, 0.10, 76.04, 
11927, 4.04, 0.10, 76.04, 
11928, 4.05, 0.10, 76.05, 
11929, 4.05, 0.10, 76.05, 
11930, 4.04, 0.10, 76.06, 
11931, 4.04, 0.10, 76.06, 
11932, 4.05, 0.10, 76.06, 
11933, 4.05, 0.10, 76.07, 
11934, 4.05, 0.10, 76.07, 
11935, 4.05, 0.10, 76.07, 
11936, 4.04, 0.10, 76.08, 
11937, 4.05, 0.10, 76.08, 
11938, 4.05, 0.10, 76.08, 
11939, 4.04, 0.10, 76.09, 
11940, 4.05, 0.10, 76.09, 
11941, 4.05, 0.10, 76.09, 
11942, 4.05, 0.10, 76.10, 
11943, 4.05, 0.10, 76.10, 
11944, 4.05, 0.10, 76.10, 
11945, 4.05, 0.10, 76.11, 
11946, 4.05, 0.10, 76.11, 
11947, 4.04, 0.10, 76.11, 
11948, 4.05, 0.10, 76.12, 
11949, 4.05, 0.10, 76.12, 
11950, 4.05, 0.10, 76.13, 
11951, 4.04, 0.10, 76.13, 
11952, 4.05, 0.10, 76.13, 
11953, 4.04, 0.10, 76.14, 
11954, 4.05, 0.10, 76.14, 
11955, 4.05, 0.10, 76.14, 
11956, 4.04, 0.10, 76.15, 
11957, 4.05, 0.10, 76.15, 
11958, 4.04, 0.10, 76.15, 
11959, 4.04, 0.10, 76.16, 
11960, 4.05, 0.10, 76.16, 
11961, 4.04, 0.10, 76.16, 
11962, 4.04, 0.10, 76.17, 
11963, 4.05, 0.10, 76.17, 
11964, 4.05, 0.10, 76.17, 
11965, 4.05, 0.10, 76.18, 
11966, 4.05, 0.10, 76.18, 
11967, 4.05, 0.10, 76.18, 
11968, 4.05, 0.10, 76.19, 
11969, 4.05, 0.10, 76.19, 
11970, 4.05, 0.10, 76.19, 
11971, 4.05, 0.10, 76.20, 
11972, 4.05, 0.10, 76.20, 
11973, 4.05, 0.10, 76.21, 
11974, 4.05, 0.10, 76.21, 
11975, 4.04, 0.10, 76.21, 
11976, 4.04, 0.10, 76.22, 
11977, 4.05, 0.10, 76.22, 
11978, 4.05, 0.10, 76.22, 
11979, 4.05, 0.10, 76.23, 
11980, 4.05, 0.10, 76.23, 
11981, 4.04, 0.10, 76.23, 
11982, 4.05, 0.10, 76.24, 
11983, 4.05, 0.10, 76.24, 
11984, 4.05, 0.10, 76.24, 
11985, 4.05, 0.10, 76.25, 
11986, 4.05, 0.10, 76.25, 
11987, 4.05, 0.10, 76.25, 
11988, 4.04, 0.10, 76.26, 
11989, 4.05, 0.10, 76.26, 
11990, 4.05, 0.10, 76.26, 
11991, 4.05, 0.10, 76.27, 
11992, 4.05, 0.10, 76.27, 
11993, 4.04, 0.10, 76.27, 
11994, 4.05, 0.10, 76.28, 
11995, 4.05, 0.10, 76.28, 
11996, 4.05, 0.10, 76.28, 
11997, 4.06, 0.10, 76.29, 
11998, 4.05, 0.10, 76.29, 
11999, 4.05, 0.10, 76.29, 
12000, 4.05, 0.10, 76.30, 
12001, 4.05, 0.10, 76.30, 
12002, 4.05, 0.10, 76.31, 
12003, 4.05, 0.10, 76.31, 
12004, 4.05, 0.10, 76.31, 
12005, 4.05, 0.10, 76.32, 
12006, 4.05, 0.10, 76.32, 
12007, 4.05, 0.10, 76.32, 
12008, 4.05, 0.10, 76.33, 
12009, 4.04, 0.10, 76.33, 
12010, 4.05, 0.10, 76.33, 
12011, 4.05, 0.10, 76.34, 
12012, 4.05, 0.10, 76.34, 
12013, 4.05, 0.10, 76.34, 
12014, 4.05, 0.10, 76.35, 
12015, 4.05, 0.10, 76.35, 
12016, 4.05, 0.10, 76.35, 
12017, 4.05, 0.10, 76.36, 
12018, 4.05, 0.10, 76.36, 
12019, 4.05, 0.10, 76.36, 
12020, 4.05, 0.10, 76.37, 
12021, 4.05, 0.10, 76.37, 
12022, 4.05, 0.10, 76.37, 
12023, 4.05, 0.10, 76.38, 
12024, 4.05, 0.10, 76.38, 
12025, 4.05, 0.10, 76.38, 
12026, 4.05, 0.10, 76.39, 
12027, 4.05, 0.10, 76.39, 
12028, 4.05, 0.10, 76.39, 
12029, 4.05, 0.10, 76.40, 
12030, 4.05, 0.10, 76.40, 
12031, 4.05, 0.10, 76.40, 
12032, 4.06, 0.10, 76.41, 
12033, 4.05, 0.10, 76.41, 
12034, 4.05, 0.10, 76.41, 
12035, 4.05, 0.10, 76.42, 
12036, 4.05, 0.10, 76.42, 
12037, 4.05, 0.10, 76.42, 
12038, 4.05, 0.10, 76.43, 
12039, 4.05, 0.10, 76.43, 
12040, 4.06, 0.10, 76.44, 
12041, 4.05, 0.10, 76.44, 
12042, 4.05, 0.10, 76.44, 
12043, 4.05, 0.10, 76.45, 
12044, 4.05, 0.10, 76.45, 
12045, 4.05, 0.10, 76.45, 
12046, 4.05, 0.10, 76.46, 
12047, 4.05, 0.10, 76.46, 
12048, 4.05, 0.10, 76.46, 
12049, 4.05, 0.10, 76.47, 
12050, 4.05, 0.10, 76.47, 
12051, 4.05, 0.10, 76.47, 
12052, 4.05, 0.10, 76.48, 
12053, 4.05, 0.10, 76.48, 
12054, 4.05, 0.10, 76.48, 
12055, 4.05, 0.10, 76.49, 
12056, 4.05, 0.10, 76.49, 
12057, 4.05, 0.10, 76.49, 
12058, 4.05, 0.10, 76.50, 
12059, 4.05, 0.10, 76.50, 
12060, 4.05, 0.10, 76.50, 
12061, 4.05, 0.10, 76.51, 
12062, 4.05, 0.10, 76.51, 
12063, 4.05, 0.10, 76.51, 
12064, 4.05, 0.10, 76.52, 
12065, 4.05, 0.10, 76.52, 
12066, 4.05, 0.10, 76.52, 
12067, 4.05, 0.10, 76.53, 
12068, 4.05, 0.10, 76.53, 
12069, 4.06, 0.10, 76.53, 
12070, 4.05, 0.10, 76.54, 
12071, 4.06, 0.10, 76.54, 
12072, 4.05, 0.10, 76.54, 
12073, 4.05, 0.10, 76.55, 
12074, 4.05, 0.10, 76.55, 
12075, 4.05, 0.10, 76.55, 
12076, 4.05, 0.10, 76.56, 
12077, 4.06, 0.10, 76.56, 
12078, 4.05, 0.10, 76.56, 
12079, 4.05, 0.10, 76.57, 
12080, 4.05, 0.10, 76.57, 
12081, 4.05, 0.10, 76.57, 
12082, 4.05, 0.10, 76.58, 
12083, 4.05, 0.10, 76.58, 
12084, 4.05, 0.10, 76.58, 
12085, 4.06, 0.10, 76.59, 
12086, 4.06, 0.10, 76.59, 
12087, 4.05, 0.10, 76.59, 
12088, 4.05, 0.10, 76.60, 
12089, 4.05, 0.10, 76.60, 
12090, 4.05, 0.10, 76.60, 
12091, 4.05, 0.10, 76.61, 
12092, 4.05, 0.10, 76.61, 
12093, 4.05, 0.10, 76.61, 
12094, 4.05, 0.10, 76.62, 
12095, 4.05, 0.10, 76.62, 
12096, 4.05, 0.10, 76.62, 
12097, 4.05, 0.10, 76.63, 
12098, 4.05, 0.10, 76.63, 
12099, 4.06, 0.10, 76.63, 
12100, 4.06, 0.10, 76.64, 
12101, 4.05, 0.10, 76.64, 
12102, 4.05, 0.10, 76.64, 
12103, 4.05, 0.10, 76.65, 
12104, 4.05, 0.10, 76.65, 
12105, 4.05, 0.10, 76.65, 
12106, 4.06, 0.10, 76.66, 
12107, 4.06, 0.10, 76.66, 
12108, 4.05, 0.10, 76.66, 
12109, 4.05, 0.10, 76.67, 
12110, 4.06, 0.10, 76.67, 
12111, 4.06, 0.10, 76.67, 
12112, 4.05, 0.10, 76.68, 
12113, 4.05, 0.09, 76.68, 
12114, 4.06, 0.10, 76.68, 
12115, 4.05, 0.10, 76.69, 
12116, 4.06, 0.10, 76.69, 
12117, 4.05, 0.10, 76.69, 
12118, 4.05, 0.10, 76.70, 
12119, 4.05, 0.10, 76.70, 
12120, 4.06, 0.10, 76.70, 
12121, 4.05, 0.10, 76.71, 
12122, 4.05, 0.10, 76.71, 
12123, 4.06, 0.10, 76.71, 
12124, 4.06, 0.10, 76.72, 
12125, 4.06, 0.10, 76.72, 
12126, 4.06, 0.10, 76.72, 
12127, 4.06, 0.10, 76.73, 
12128, 4.05, 0.10, 76.73, 
12129, 4.06, 0.10, 76.73, 
12130, 4.05, 0.10, 76.74, 
12131, 4.05, 0.10, 76.74, 
12132, 4.05, 0.10, 76.74, 
12133, 4.06, 0.10, 76.75, 
12134, 4.05, 0.10, 76.75, 
12135, 4.05, 0.09, 76.75, 
12136, 4.05, 0.10, 76.76, 
12137, 4.05, 0.10, 76.76, 
12138, 4.05, 0.10, 76.76, 
12139, 4.05, 0.10, 76.77, 
12140, 4.05, 0.10, 76.77, 
12141, 4.05, 0.10, 76.77, 
12142, 4.06, 0.10, 76.78, 
12143, 4.05, 0.10, 76.78, 
12144, 4.05, 0.09, 76.78, 
12145, 4.05, 0.10, 76.79, 
12146, 4.05, 0.10, 76.79, 
12147, 4.06, 0.09, 76.79, 
12148, 4.05, 0.10, 76.80, 
12149, 4.05, 0.10, 76.80, 
12150, 4.06, 0.10, 76.80, 
12151, 4.06, 0.10, 76.81, 
12152, 4.05, 0.10, 76.81, 
12153, 4.05, 0.09, 76.81, 
12154, 4.06, 0.10, 76.82, 
12155, 4.05, 0.10, 76.82, 
12156, 4.06, 0.10, 76.82, 
12157, 4.05, 0.09, 76.83, 
12158, 4.06, 0.10, 76.83, 
12159, 4.06, 0.10, 76.83, 
12160, 4.05, 0.09, 76.84, 
12161, 4.06, 0.09, 76.84, 
12162, 4.06, 0.09, 76.84, 
12163, 4.06, 0.09, 76.85, 
12164, 4.06, 0.10, 76.85, 
12165, 4.06, 0.10, 76.85, 
12166, 4.06, 0.09, 76.86, 
12167, 4.06, 0.09, 76.86, 
12168, 4.05, 0.10, 76.86, 
12169, 4.05, 0.09, 76.87, 
12170, 4.05, 0.10, 76.87, 
12171, 4.05, 0.10, 76.87, 
12172, 4.05, 0.10, 76.88, 
12173, 4.06, 0.10, 76.88, 
12174, 4.05, 0.09, 76.88, 
12175, 4.05, 0.09, 76.89, 
12176, 4.06, 0.09, 76.89, 
12177, 4.05, 0.09, 76.89, 
12178, 4.06, 0.09, 76.90, 
12179, 4.05, 0.09, 76.90, 
12180, 4.06, 0.09, 76.90, 
12181, 4.05, 0.09, 76.91, 
12182, 4.06, 0.09, 76.91, 
12183, 4.06, 0.09, 76.91, 
12184, 4.05, 0.10, 76.92, 
12185, 4.06, 0.09, 76.92, 
12186, 4.05, 0.09, 76.92, 
12187, 4.05, 0.09, 76.93, 
12188, 4.06, 0.09, 76.93, 
12189, 4.06, 0.09, 76.93, 
12190, 4.05, 0.09, 76.94, 
12191, 4.06, 0.09, 76.94, 
12192, 4.06, 0.09, 76.94, 
12193, 4.05, 0.09, 76.95, 
12194, 4.05, 0.09, 76.95, 
12195, 4.06, 0.09, 76.95, 
12196, 4.06, 0.09, 76.96, 
12197, 4.06, 0.09, 76.96, 
12198, 4.05, 0.09, 76.96, 
12199, 4.05, 0.09, 76.97, 
12200, 4.05, 0.09, 76.97, 
12201, 4.06, 0.09, 76.97, 
12202, 4.06, 0.09, 76.98, 
12203, 4.06, 0.09, 76.98, 
12204, 4.05, 0.09, 76.98, 
12205, 4.05, 0.09, 76.99, 
12206, 4.06, 0.09, 76.99, 
12207, 4.06, 0.09, 76.99, 
12208, 4.06, 0.09, 77.00, 
12209, 4.05, 0.09, 77.00, 
12210, 4.05, 0.09, 77.00, 
12211, 4.06, 0.09, 77.00, 
12212, 4.05, 0.09, 77.01, 
12213, 4.05, 0.09, 77.01, 
12214, 4.06, 0.09, 77.01, 
12215, 4.06, 0.09, 77.02, 
12216, 4.06, 0.09, 77.02, 
12217, 4.07, 0.09, 77.02, 
12218, 4.06, 0.09, 77.03, 
12219, 4.06, 0.09, 77.03, 
12220, 4.06, 0.09, 77.03, 
12221, 4.06, 0.09, 77.04, 
12222, 4.06, 0.09, 77.04, 
12223, 4.06, 0.09, 77.04, 
12224, 4.05, 0.09, 77.05, 
12225, 4.05, 0.09, 77.05, 
12226, 4.05, 0.09, 77.05, 
12227, 4.05, 0.09, 77.06, 
12228, 4.06, 0.09, 77.06, 
12229, 4.05, 0.09, 77.06, 
12230, 4.06, 0.09, 77.07, 
12231, 4.05, 0.09, 77.07, 
12232, 4.06, 0.09, 77.07, 
12233, 4.05, 0.09, 77.08, 
12234, 4.05, 0.09, 77.08, 
12235, 4.06, 0.09, 77.08, 
12236, 4.06, 0.09, 77.09, 
12237, 4.06, 0.09, 77.09, 
12238, 4.06, 0.09, 77.09, 
12239, 4.06, 0.09, 77.10, 
12240, 4.06, 0.09, 77.10, 
12241, 4.06, 0.09, 77.10, 
12242, 4.05, 0.09, 77.11, 
12243, 4.06, 0.09, 77.11, 
12244, 4.06, 0.09, 77.11, 
12245, 4.06, 0.09, 77.11, 
12246, 4.06, 0.09, 77.12, 
12247, 4.06, 0.09, 77.12, 
12248, 4.06, 0.09, 77.12, 
12249, 4.06, 0.09, 77.13, 
12250, 4.06, 0.09, 77.13, 
12251, 4.06, 0.09, 77.13, 
12252, 4.06, 0.09, 77.14, 
12253, 4.06, 0.09, 77.14, 
12254, 4.06, 0.09, 77.14, 
12255, 4.06, 0.09, 77.15, 
12256, 4.06, 0.09, 77.15, 
12257, 4.06, 0.09, 77.15, 
12258, 4.06, 0.09, 77.16, 
12259, 4.06, 0.09, 77.16, 
12260, 4.05, 0.09, 77.16, 
12261, 4.06, 0.09, 77.17, 
12262, 4.06, 0.09, 77.17, 
12263, 4.06, 0.09, 77.17, 
12264, 4.06, 0.09, 77.18, 
12265, 4.06, 0.09, 77.18, 
12266, 4.06, 0.09, 77.18, 
12267, 4.06, 0.09, 77.19, 
12268, 4.06, 0.09, 77.19, 
12269, 4.06, 0.09, 77.19, 
12270, 4.06, 0.09, 77.20, 
12271, 4.06, 0.09, 77.20, 
12272, 4.06, 0.09, 77.20, 
12273, 4.06, 0.09, 77.20, 
12274, 4.06, 0.09, 77.21, 
12275, 4.06, 0.09, 77.21, 
12276, 4.06, 0.09, 77.21, 
12277, 4.06, 0.09, 77.22, 
12278, 4.06, 0.09, 77.22, 
12279, 4.06, 0.09, 77.22, 
12280, 4.06, 0.09, 77.23, 
12281, 4.06, 0.09, 77.23, 
12282, 4.06, 0.09, 77.23, 
12283, 4.06, 0.09, 77.24, 
12284, 4.06, 0.09, 77.24, 
12285, 4.06, 0.09, 77.24, 
12286, 4.06, 0.09, 77.25, 
12287, 4.06, 0.09, 77.25, 
12288, 4.06, 0.09, 77.25, 
12289, 4.06, 0.09, 77.26, 
12290, 4.06, 0.09, 77.26, 
12291, 4.06, 0.09, 77.26, 
12292, 4.06, 0.09, 77.27, 
12293, 4.06, 0.09, 77.27, 
12294, 4.06, 0.09, 77.27, 
12295, 4.06, 0.09, 77.27, 
12296, 4.06, 0.09, 77.28, 
12297, 4.06, 0.09, 77.28, 
12298, 4.06, 0.09, 77.28, 
12299, 4.07, 0.09, 77.29, 
12300, 4.06, 0.09, 77.29, 
12301, 4.06, 0.09, 77.29, 
12302, 4.06, 0.09, 77.30, 
12303, 4.06, 0.09, 77.30, 
12304, 4.06, 0.09, 77.30, 
12305, 4.06, 0.09, 77.31, 
12306, 4.06, 0.09, 77.31, 
12307, 4.06, 0.09, 77.31, 
12308, 4.06, 0.09, 77.32, 
12309, 4.06, 0.09, 77.32, 
12310, 4.06, 0.09, 77.32, 
12311, 4.07, 0.09, 77.33, 
12312, 4.06, 0.09, 77.33, 
12313, 4.06, 0.09, 77.33, 
12314, 4.06, 0.09, 77.34, 
12315, 4.06, 0.09, 77.34, 
12316, 4.06, 0.09, 77.34, 
12317, 4.06, 0.09, 77.34, 
12318, 4.07, 0.09, 77.35, 
12319, 4.06, 0.09, 77.35, 
12320, 4.07, 0.09, 77.35, 
12321, 4.06, 0.09, 77.36, 
12322, 4.06, 0.09, 77.36, 
12323, 4.07, 0.09, 77.36, 
12324, 4.06, 0.09, 77.37, 
12325, 4.07, 0.09, 77.37, 
12326, 4.06, 0.09, 77.37, 
12327, 4.06, 0.09, 77.38, 
12328, 4.07, 0.09, 77.38, 
12329, 4.06, 0.09, 77.38, 
12330, 4.06, 0.09, 77.39, 
12331, 4.06, 0.09, 77.39, 
12332, 4.06, 0.09, 77.39, 
12333, 4.06, 0.09, 77.40, 
12334, 4.06, 0.09, 77.40, 
12335, 4.06, 0.09, 77.40, 
12336, 4.06, 0.09, 77.41, 
12337, 4.07, 0.09, 77.41, 
12338, 4.07, 0.09, 77.41, 
12339, 4.07, 0.09, 77.41, 
12340, 4.06, 0.09, 77.42, 
12341, 4.07, 0.09, 77.42, 
12342, 4.06, 0.09, 77.42, 
12343, 4.07, 0.09, 77.43, 
12344, 4.06, 0.09, 77.43, 
12345, 4.06, 0.09, 77.43, 
12346, 4.05, 0.09, 77.44, 
12347, 4.06, 0.09, 77.44, 
12348, 4.07, 0.09, 77.44, 
12349, 4.06, 0.09, 77.45, 
12350, 4.06, 0.09, 77.45, 
12351, 4.06, 0.09, 77.45, 
12352, 4.07, 0.09, 77.46, 
12353, 4.06, 0.09, 77.46, 
12354, 4.06, 0.09, 77.46, 
12355, 4.06, 0.09, 77.46, 
12356, 4.06, 0.09, 77.47, 
12357, 4.07, 0.09, 77.47, 
12358, 4.06, 0.09, 77.47, 
12359, 4.06, 0.09, 77.48, 
12360, 4.06, 0.09, 77.48, 
12361, 4.06, 0.09, 77.48, 
12362, 4.06, 0.09, 77.49, 
12363, 4.07, 0.09, 77.49, 
12364, 4.06, 0.09, 77.49, 
12365, 4.07, 0.09, 77.50, 
12366, 4.06, 0.09, 77.50, 
12367, 4.07, 0.09, 77.50, 
12368, 4.06, 0.09, 77.51, 
12369, 4.07, 0.09, 77.51, 
12370, 4.06, 0.09, 77.51, 
12371, 4.06, 0.09, 77.51, 
12372, 4.06, 0.09, 77.52, 
12373, 4.06, 0.09, 77.52, 
12374, 4.06, 0.09, 77.52, 
12375, 4.06, 0.09, 77.53, 
12376, 4.06, 0.09, 77.53, 
12377, 4.06, 0.09, 77.53, 
12378, 4.07, 0.09, 77.54, 
12379, 4.07, 0.09, 77.54, 
12380, 4.07, 0.09, 77.54, 
12381, 4.07, 0.09, 77.55, 
12382, 4.06, 0.09, 77.55, 
12383, 4.06, 0.09, 77.55, 
12384, 4.07, 0.09, 77.56, 
12385, 4.06, 0.09, 77.56, 
12386, 4.06, 0.09, 77.56, 
12387, 4.06, 0.09, 77.56, 
12388, 4.06, 0.09, 77.57, 
12389, 4.06, 0.09, 77.57, 
12390, 4.07, 0.09, 77.57, 
12391, 4.06, 0.09, 77.58, 
12392, 4.06, 0.09, 77.58, 
12393, 4.06, 0.09, 77.58, 
12394, 4.06, 0.09, 77.59, 
12395, 4.06, 0.09, 77.59, 
12396, 4.06, 0.09, 77.59, 
12397, 4.06, 0.09, 77.60, 
12398, 4.06, 0.09, 77.60, 
12399, 4.07, 0.09, 77.60, 
12400, 4.07, 0.09, 77.61, 
12401, 4.06, 0.09, 77.61, 
12402, 4.07, 0.09, 77.61, 
12403, 4.07, 0.09, 77.61, 
12404, 4.07, 0.09, 77.62, 
12405, 4.06, 0.09, 77.62, 
12406, 4.06, 0.09, 77.62, 
12407, 4.06, 0.09, 77.63, 
12408, 4.07, 0.09, 77.63, 
12409, 4.06, 0.09, 77.63, 
12410, 4.07, 0.09, 77.64, 
12411, 4.07, 0.09, 77.64, 
12412, 4.06, 0.09, 77.64, 
12413, 4.07, 0.09, 77.65, 
12414, 4.06, 0.09, 77.65, 
12415, 4.06, 0.09, 77.65, 
12416, 4.06, 0.09, 77.65, 
12417, 4.06, 0.09, 77.66, 
12418, 4.06, 0.09, 77.66, 
12419, 4.07, 0.09, 77.66, 
12420, 4.06, 0.09, 77.67, 
12421, 4.07, 0.09, 77.67, 
12422, 4.06, 0.09, 77.67, 
12423, 4.07, 0.09, 77.68, 
12424, 4.06, 0.09, 77.68, 
12425, 4.06, 0.09, 77.68, 
12426, 4.07, 0.09, 77.69, 
12427, 4.06, 0.09, 77.69, 
12428, 4.06, 0.09, 77.69, 
12429, 4.07, 0.09, 77.69, 
12430, 4.06, 0.09, 77.70, 
12431, 4.06, 0.09, 77.70, 
12432, 4.06, 0.09, 77.70, 
12433, 4.06, 0.09, 77.71, 
12434, 4.07, 0.09, 77.71, 
12435, 4.06, 0.09, 77.71, 
12436, 4.07, 0.09, 77.72, 
12437, 4.06, 0.09, 77.72, 
12438, 4.06, 0.09, 77.72, 
12439, 4.06, 0.09, 77.73, 
12440, 4.07, 0.09, 77.73, 
12441, 4.07, 0.09, 77.73, 
12442, 4.06, 0.09, 77.73, 
12443, 4.07, 0.09, 77.74, 
12444, 4.06, 0.09, 77.74, 
12445, 4.06, 0.09, 77.74, 
12446, 4.07, 0.09, 77.75, 
12447, 4.06, 0.09, 77.75, 
12448, 4.07, 0.09, 77.75, 
12449, 4.06, 0.09, 77.76, 
12450, 4.06, 0.09, 77.76, 
12451, 4.06, 0.09, 77.76, 
12452, 4.07, 0.09, 77.77, 
12453, 4.07, 0.09, 77.77, 
12454, 4.07, 0.09, 77.77, 
12455, 4.06, 0.09, 77.77, 
12456, 4.06, 0.09, 77.78, 
12457, 4.06, 0.09, 77.78, 
12458, 4.07, 0.09, 77.78, 
12459, 4.06, 0.09, 77.79, 
12460, 4.07, 0.09, 77.79, 
12461, 4.06, 0.09, 77.79, 
12462, 4.06, 0.09, 77.80, 
12463, 4.07, 0.09, 77.80, 
12464, 4.07, 0.09, 77.80, 
12465, 4.06, 0.09, 77.81, 
12466, 4.06, 0.09, 77.81, 
12467, 4.07, 0.09, 77.81, 
12468, 4.07, 0.09, 77.81, 
12469, 4.06, 0.09, 77.82, 
12470, 4.07, 0.09, 77.82, 
12471, 4.06, 0.09, 77.82, 
12472, 4.07, 0.09, 77.83, 
12473, 4.07, 0.09, 77.83, 
12474, 4.06, 0.09, 77.83, 
12475, 4.06, 0.09, 77.84, 
12476, 4.07, 0.09, 77.84, 
12477, 4.06, 0.09, 77.84, 
12478, 4.06, 0.09, 77.84, 
12479, 4.07, 0.09, 77.85, 
12480, 4.06, 0.09, 77.85, 
12481, 4.07, 0.09, 77.85, 
12482, 4.07, 0.09, 77.86, 
12483, 4.06, 0.09, 77.86, 
12484, 4.06, 0.09, 77.86, 
12485, 4.06, 0.09, 77.87, 
12486, 4.07, 0.09, 77.87, 
12487, 4.07, 0.09, 77.87, 
12488, 4.06, 0.09, 77.88, 
12489, 4.06, 0.09, 77.88, 
12490, 4.07, 0.09, 77.88, 
12491, 4.06, 0.09, 77.88, 
12492, 4.07, 0.09, 77.89, 
12493, 4.06, 0.09, 77.89, 
12494, 4.06, 0.09, 77.89, 
12495, 4.06, 0.09, 77.90, 
12496, 4.07, 0.09, 77.90, 
12497, 4.07, 0.09, 77.90, 
12498, 4.07, 0.09, 77.91, 
12499, 4.07, 0.09, 77.91, 
12500, 4.07, 0.09, 77.91, 
12501, 4.06, 0.09, 77.91, 
12502, 4.07, 0.09, 77.92, 
12503, 4.07, 0.09, 77.92, 
12504, 4.07, 0.09, 77.92, 
12505, 4.07, 0.09, 77.93, 
12506, 4.06, 0.09, 77.93, 
12507, 4.06, 0.09, 77.93, 
12508, 4.07, 0.09, 77.94, 
12509, 4.06, 0.09, 77.94, 
12510, 4.07, 0.09, 77.94, 
12511, 4.07, 0.09, 77.94, 
12512, 4.07, 0.09, 77.95, 
12513, 4.07, 0.09, 77.95, 
12514, 4.06, 0.09, 77.95, 
12515, 4.07, 0.09, 77.96, 
12516, 4.06, 0.09, 77.96, 
12517, 4.07, 0.09, 77.96, 
12518, 4.06, 0.09, 77.97, 
12519, 4.07, 0.09, 77.97, 
12520, 4.07, 0.09, 77.97, 
12521, 4.07, 0.09, 77.97, 
12522, 4.07, 0.09, 77.98, 
12523, 4.06, 0.09, 77.98, 
12524, 4.06, 0.09, 77.98, 
12525, 4.07, 0.09, 77.99, 
12526, 4.07, 0.09, 77.99, 
12527, 4.07, 0.09, 77.99, 
12528, 4.07, 0.09, 78.00, 
12529, 4.07, 0.09, 78.00, 
12530, 4.07, 0.09, 78.00, 
12531, 4.07, 0.09, 78.01, 
12532, 4.07, 0.09, 78.01, 
12533, 4.07, 0.09, 78.01, 
12534, 4.07, 0.09, 78.01, 
12535, 4.07, 0.09, 78.02, 
12536, 4.07, 0.09, 78.02, 
12537, 4.07, 0.09, 78.02, 
12538, 4.07, 0.09, 78.03, 
12539, 4.07, 0.09, 78.03, 
12540, 4.07, 0.09, 78.03, 
12541, 4.07, 0.09, 78.04, 
12542, 4.07, 0.09, 78.04, 
12543, 4.06, 0.09, 78.04, 
12544, 4.07, 0.09, 78.04, 
12545, 4.07, 0.09, 78.05, 
12546, 4.07, 0.09, 78.05, 
12547, 4.07, 0.09, 78.05, 
12548, 4.07, 0.09, 78.06, 
12549, 4.07, 0.09, 78.06, 
12550, 4.07, 0.09, 78.06, 
12551, 4.07, 0.09, 78.06, 
12552, 4.07, 0.09, 78.07, 
12553, 4.07, 0.09, 78.07, 
12554, 4.07, 0.09, 78.07, 
12555, 4.07, 0.09, 78.08, 
12556, 4.07, 0.09, 78.08, 
12557, 4.06, 0.09, 78.08, 
12558, 4.07, 0.09, 78.09, 
12559, 4.07, 0.09, 78.09, 
12560, 4.07, 0.09, 78.09, 
12561, 4.07, 0.09, 78.09, 
12562, 4.07, 0.09, 78.10, 
12563, 4.07, 0.09, 78.10, 
12564, 4.07, 0.08, 78.10, 
12565, 4.07, 0.09, 78.11, 
12566, 4.07, 0.09, 78.11, 
12567, 4.06, 0.09, 78.11, 
12568, 4.07, 0.09, 78.12, 
12569, 4.07, 0.09, 78.12, 
12570, 4.07, 0.09, 78.12, 
12571, 4.07, 0.09, 78.12, 
12572, 4.07, 0.09, 78.13, 
12573, 4.07, 0.09, 78.13, 
12574, 4.07, 0.09, 78.13, 
12575, 4.07, 0.09, 78.14, 
12576, 4.07, 0.09, 78.14, 
12577, 4.07, 0.09, 78.14, 
12578, 4.07, 0.09, 78.15, 
12579, 4.07, 0.09, 78.15, 
12580, 4.07, 0.09, 78.15, 
12581, 4.07, 0.09, 78.15, 
12582, 4.07, 0.08, 78.16, 
12583, 4.06, 0.09, 78.16, 
12584, 4.07, 0.09, 78.16, 
12585, 4.07, 0.09, 78.17, 
12586, 4.07, 0.09, 78.17, 
12587, 4.07, 0.09, 78.17, 
12588, 4.07, 0.09, 78.18, 
12589, 4.07, 0.08, 78.18, 
12590, 4.07, 0.09, 78.18, 
12591, 4.07, 0.09, 78.18, 
12592, 4.08, 0.09, 78.19, 
12593, 4.07, 0.09, 78.19, 
12594, 4.07, 0.09, 78.19, 
12595, 4.07, 0.09, 78.20, 
12596, 4.07, 0.09, 78.20, 
12597, 4.07, 0.08, 78.20, 
12598, 4.07, 0.09, 78.20, 
12599, 4.07, 0.09, 78.21, 
12600, 4.07, 0.09, 78.21, 
12601, 4.07, 0.09, 78.21, 
12602, 4.07, 0.09, 78.22, 
12603, 4.07, 0.09, 78.22, 
12604, 4.07, 0.09, 78.22, 
12605, 4.07, 0.08, 78.23, 
12606, 4.08, 0.09, 78.23, 
12607, 4.07, 0.09, 78.23, 
12608, 4.08, 0.08, 78.23, 
12609, 4.07, 0.09, 78.24, 
12610, 4.07, 0.09, 78.24, 
12611, 4.06, 0.08, 78.24, 
12612, 4.07, 0.08, 78.25, 
12613, 4.07, 0.08, 78.25, 
12614, 4.07, 0.09, 78.25, 
12615, 4.07, 0.09, 78.25, 
12616, 4.07, 0.09, 78.26, 
12617, 4.07, 0.08, 78.26, 
12618, 4.07, 0.09, 78.26, 
12619, 4.07, 0.08, 78.27, 
12620, 4.07, 0.08, 78.27, 
12621, 4.07, 0.08, 78.27, 
12622, 4.06, 0.09, 78.28, 
12623, 4.07, 0.08, 78.28, 
12624, 4.06, 0.08, 78.28, 
12625, 4.07, 0.08, 78.28, 
12626, 4.06, 0.08, 78.29, 
12627, 4.07, 0.08, 78.29, 
12628, 4.07, 0.08, 78.29, 
12629, 4.07, 0.08, 78.30, 
12630, 4.07, 0.08, 78.30, 
12631, 4.08, 0.08, 78.30, 
12632, 4.07, 0.08, 78.30, 
12633, 4.07, 0.08, 78.31, 
12634, 4.07, 0.08, 78.31, 
12635, 4.07, 0.08, 78.31, 
12636, 4.07, 0.08, 78.32, 
12637, 4.07, 0.08, 78.32, 
12638, 4.07, 0.08, 78.32, 
12639, 4.07, 0.08, 78.33, 
12640, 4.07, 0.08, 78.33, 
12641, 4.08, 0.08, 78.33, 
12642, 4.07, 0.08, 78.33, 
12643, 4.07, 0.08, 78.34, 
12644, 4.07, 0.08, 78.34, 
12645, 4.07, 0.08, 78.34, 
12646, 4.07, 0.08, 78.35, 
12647, 4.07, 0.08, 78.35, 
12648, 4.07, 0.08, 78.35, 
12649, 4.07, 0.08, 78.35, 
12650, 4.07, 0.08, 78.36, 
12651, 4.06, 0.08, 78.36, 
12652, 4.07, 0.08, 78.36, 
12653, 4.07, 0.08, 78.37, 
12654, 4.06, 0.08, 78.37, 
12655, 4.07, 0.08, 78.37, 
12656, 4.07, 0.08, 78.37, 
12657, 4.07, 0.08, 78.38, 
12658, 4.07, 0.08, 78.38, 
12659, 4.07, 0.08, 78.38, 
12660, 4.07, 0.08, 78.39, 
12661, 4.07, 0.08, 78.39, 
12662, 4.07, 0.08, 78.39, 
12663, 4.07, 0.08, 78.40, 
12664, 4.07, 0.08, 78.40, 
12665, 4.07, 0.08, 78.40, 
12666, 4.08, 0.08, 78.40, 
12667, 4.07, 0.08, 78.41, 
12668, 4.07, 0.08, 78.41, 
12669, 4.08, 0.08, 78.41, 
12670, 4.06, 0.08, 78.42, 
12671, 4.07, 0.08, 78.42, 
12672, 4.07, 0.08, 78.42, 
12673, 4.07, 0.08, 78.42, 
12674, 4.07, 0.08, 78.43, 
12675, 4.07, 0.08, 78.43, 
12676, 4.07, 0.08, 78.43, 
12677, 4.07, 0.08, 78.44, 
12678, 4.07, 0.08, 78.44, 
12679, 4.07, 0.08, 78.44, 
12680, 4.07, 0.08, 78.44, 
12681, 4.07, 0.08, 78.45, 
12682, 4.08, 0.08, 78.45, 
12683, 4.08, 0.08, 78.45, 
12684, 4.08, 0.08, 78.46, 
12685, 4.08, 0.08, 78.46, 
12686, 4.07, 0.08, 78.46, 
12687, 4.07, 0.08, 78.46, 
12688, 4.07, 0.08, 78.47, 
12689, 4.07, 0.08, 78.47, 
12690, 4.08, 0.08, 78.47, 
12691, 4.07, 0.08, 78.48, 
12692, 4.07, 0.08, 78.48, 
12693, 4.07, 0.08, 78.48, 
12694, 4.07, 0.08, 78.48, 
12695, 4.07, 0.08, 78.49, 
12696, 4.07, 0.08, 78.49, 
12697, 4.07, 0.08, 78.49, 
12698, 4.07, 0.08, 78.50, 
12699, 4.07, 0.08, 78.50, 
12700, 4.07, 0.08, 78.50, 
12701, 4.07, 0.08, 78.51, 
12702, 4.08, 0.08, 78.51, 
12703, 4.07, 0.08, 78.51, 
12704, 4.07, 0.08, 78.51, 
12705, 4.07, 0.08, 78.52, 
12706, 4.07, 0.08, 78.52, 
12707, 4.08, 0.08, 78.52, 
12708, 4.07, 0.08, 78.53, 
12709, 4.07, 0.08, 78.53, 
12710, 4.07, 0.08, 78.53, 
12711, 4.07, 0.08, 78.53, 
12712, 4.07, 0.08, 78.54, 
12713, 4.07, 0.08, 78.54, 
12714, 4.07, 0.08, 78.54, 
12715, 4.08, 0.08, 78.55, 
12716, 4.07, 0.08, 78.55, 
12717, 4.08, 0.08, 78.55, 
12718, 4.07, 0.08, 78.55, 
12719, 4.07, 0.08, 78.56, 
12720, 4.07, 0.08, 78.56, 
12721, 4.07, 0.08, 78.56, 
12722, 4.07, 0.08, 78.57, 
12723, 4.07, 0.08, 78.57, 
12724, 4.07, 0.08, 78.57, 
12725, 4.07, 0.08, 78.57, 
12726, 4.07, 0.08, 78.58, 
12727, 4.07, 0.08, 78.58, 
12728, 4.08, 0.08, 78.58, 
12729, 4.07, 0.08, 78.59, 
12730, 4.07, 0.08, 78.59, 
12731, 4.07, 0.08, 78.59, 
12732, 4.07, 0.08, 78.59, 
12733, 4.07, 0.08, 78.60, 
12734, 4.07, 0.08, 78.60, 
12735, 4.07, 0.08, 78.60, 
12736, 4.08, 0.08, 78.61, 
12737, 4.08, 0.08, 78.61, 
12738, 4.07, 0.08, 78.61, 
12739, 4.08, 0.08, 78.61, 
12740, 4.08, 0.08, 78.62, 
12741, 4.07, 0.08, 78.62, 
12742, 4.07, 0.08, 78.62, 
12743, 4.07, 0.08, 78.63, 
12744, 4.08, 0.08, 78.63, 
12745, 4.07, 0.08, 78.63, 
12746, 4.08, 0.08, 78.63, 
12747, 4.07, 0.08, 78.64, 
12748, 4.08, 0.08, 78.64, 
12749, 4.07, 0.08, 78.64, 
12750, 4.07, 0.08, 78.65, 
12751, 4.08, 0.08, 78.65, 
12752, 4.08, 0.08, 78.65, 
12753, 4.07, 0.08, 78.65, 
12754, 4.07, 0.08, 78.66, 
12755, 4.07, 0.08, 78.66, 
12756, 4.07, 0.08, 78.66, 
12757, 4.07, 0.08, 78.66, 
12758, 4.07, 0.08, 78.67, 
12759, 4.08, 0.08, 78.67, 
12760, 4.07, 0.08, 78.67, 
12761, 4.07, 0.08, 78.68, 
12762, 4.07, 0.08, 78.68, 
12763, 4.08, 0.08, 78.68, 
12764, 4.08, 0.08, 78.68, 
12765, 4.08, 0.08, 78.69, 
12766, 4.07, 0.08, 78.69, 
12767, 4.08, 0.08, 78.69, 
12768, 4.07, 0.08, 78.70, 
12769, 4.07, 0.08, 78.70, 
12770, 4.07, 0.08, 78.70, 
12771, 4.07, 0.08, 78.70, 
12772, 4.08, 0.08, 78.71, 
12773, 4.07, 0.08, 78.71, 
12774, 4.08, 0.08, 78.71, 
12775, 4.07, 0.08, 78.72, 
12776, 4.08, 0.08, 78.72, 
12777, 4.08, 0.08, 78.72, 
12778, 4.08, 0.08, 78.72, 
12779, 4.08, 0.08, 78.73, 
12780, 4.07, 0.08, 78.73, 
12781, 4.08, 0.08, 78.73, 
12782, 4.07, 0.08, 78.74, 
12783, 4.07, 0.08, 78.74, 
12784, 4.07, 0.08, 78.74, 
12785, 4.07, 0.08, 78.74, 
12786, 4.08, 0.08, 78.75, 
12787, 4.08, 0.08, 78.75, 
12788, 4.08, 0.08, 78.75, 
12789, 4.08, 0.08, 78.76, 
12790, 4.08, 0.08, 78.76, 
12791, 4.07, 0.08, 78.76, 
12792, 4.08, 0.08, 78.76, 
12793, 4.07, 0.08, 78.77, 
12794, 4.08, 0.08, 78.77, 
12795, 4.08, 0.08, 78.77, 
12796, 4.08, 0.08, 78.77, 
12797, 4.08, 0.08, 78.78, 
12798, 4.08, 0.08, 78.78, 
12799, 4.08, 0.08, 78.78, 
12800, 4.08, 0.08, 78.79, 
12801, 4.08, 0.08, 78.79, 
12802, 4.07, 0.08, 78.79, 
12803, 4.08, 0.08, 78.79, 
12804, 4.07, 0.08, 78.80, 
12805, 4.08, 0.08, 78.80, 
12806, 4.08, 0.08, 78.80, 
12807, 4.08, 0.08, 78.81, 
12808, 4.07, 0.08, 78.81, 
12809, 4.08, 0.08, 78.81, 
12810, 4.08, 0.08, 78.81, 
12811, 4.08, 0.08, 78.82, 
12812, 4.08, 0.08, 78.82, 
12813, 4.08, 0.08, 78.82, 
12814, 4.08, 0.08, 78.83, 
12815, 4.08, 0.08, 78.83, 
12816, 4.08, 0.08, 78.83, 
12817, 4.08, 0.08, 78.83, 
12818, 4.08, 0.08, 78.84, 
12819, 4.07, 0.08, 78.84, 
12820, 4.08, 0.08, 78.84, 
12821, 4.08, 0.08, 78.84, 
12822, 4.08, 0.08, 78.85, 
12823, 4.08, 0.08, 78.85, 
12824, 4.07, 0.08, 78.85, 
12825, 4.08, 0.08, 78.86, 
12826, 4.08, 0.08, 78.86, 
12827, 4.08, 0.08, 78.86, 
12828, 4.08, 0.08, 78.86, 
12829, 4.08, 0.08, 78.87, 
12830, 4.08, 0.08, 78.87, 
12831, 4.08, 0.08, 78.87, 
12832, 4.07, 0.08, 78.88, 
12833, 4.08, 0.08, 78.88, 
12834, 4.08, 0.08, 78.88, 
12835, 4.08, 0.08, 78.88, 
12836, 4.08, 0.08, 78.89, 
12837, 4.07, 0.08, 78.89, 
12838, 4.08, 0.08, 78.89, 
12839, 4.08, 0.08, 78.89, 
12840, 4.08, 0.08, 78.90, 
12841, 4.08, 0.08, 78.90, 
12842, 4.08, 0.08, 78.90, 
12843, 4.08, 0.08, 78.91, 
12844, 4.08, 0.08, 78.91, 
12845, 4.08, 0.08, 78.91, 
12846, 4.08, 0.08, 78.91, 
12847, 4.08, 0.08, 78.92, 
12848, 4.08, 0.08, 78.92, 
12849, 4.08, 0.08, 78.92, 
12850, 4.08, 0.08, 78.93, 
12851, 4.08, 0.08, 78.93, 
12852, 4.08, 0.08, 78.93, 
12853, 4.08, 0.08, 78.93, 
12854, 4.07, 0.08, 78.94, 
12855, 4.08, 0.08, 78.94, 
12856, 4.08, 0.08, 78.94, 
12857, 4.08, 0.08, 78.94, 
12858, 4.08, 0.08, 78.95, 
12859, 4.08, 0.08, 78.95, 
12860, 4.08, 0.08, 78.95, 
12861, 4.08, 0.08, 78.96, 
12862, 4.08, 0.08, 78.96, 
12863, 4.08, 0.08, 78.96, 
12864, 4.08, 0.08, 78.96, 
12865, 4.08, 0.08, 78.97, 
12866, 4.08, 0.08, 78.97, 
12867, 4.08, 0.08, 78.97, 
12868, 4.08, 0.08, 78.98, 
12869, 4.08, 0.08, 78.98, 
12870, 4.08, 0.08, 78.98, 
12871, 4.08, 0.08, 78.98, 
12872, 4.07, 0.08, 78.99, 
12873, 4.08, 0.08, 78.99, 
12874, 4.08, 0.08, 78.99, 
12875, 4.08, 0.08, 78.99, 
12876, 4.09, 0.08, 79.00, 
12877, 4.08, 0.08, 79.00, 
12878, 4.08, 0.08, 79.00, 
12879, 4.08, 0.08, 79.01, 
12880, 4.09, 0.08, 79.01, 
12881, 4.08, 0.08, 79.01, 
12882, 4.08, 0.08, 79.01, 
12883, 4.08, 0.08, 79.02, 
12884, 4.08, 0.08, 79.02, 
12885, 4.07, 0.08, 79.02, 
12886, 4.08, 0.08, 79.02, 
12887, 4.08, 0.08, 79.03, 
12888, 4.07, 0.08, 79.03, 
12889, 4.08, 0.08, 79.03, 
12890, 4.08, 0.08, 79.04, 
12891, 4.08, 0.08, 79.04, 
12892, 4.08, 0.08, 79.04, 
12893, 4.08, 0.08, 79.04, 
12894, 4.07, 0.08, 79.05, 
12895, 4.08, 0.08, 79.05, 
12896, 4.08, 0.08, 79.05, 
12897, 4.08, 0.08, 79.05, 
12898, 4.08, 0.08, 79.06, 
12899, 4.08, 0.08, 79.06, 
12900, 4.09, 0.08, 79.06, 
12901, 4.07, 0.08, 79.07, 
12902, 4.08, 0.08, 79.07, 
12903, 4.08, 0.08, 79.07, 
12904, 4.08, 0.08, 79.07, 
12905, 4.08, 0.08, 79.08, 
12906, 4.08, 0.08, 79.08, 
12907, 4.08, 0.08, 79.08, 
12908, 4.08, 0.08, 79.08, 
12909, 4.07, 0.08, 79.09, 
12910, 4.08, 0.08, 79.09, 
12911, 4.08, 0.08, 79.09, 
12912, 4.07, 0.08, 79.10, 
12913, 4.08, 0.08, 79.10, 
12914, 4.09, 0.08, 79.10, 
12915, 4.08, 0.08, 79.10, 
12916, 4.09, 0.08, 79.11, 
12917, 4.09, 0.08, 79.11, 
12918, 4.08, 0.08, 79.11, 
12919, 4.07, 0.08, 79.11, 
12920, 4.08, 0.08, 79.12, 
12921, 4.08, 0.08, 79.12, 
12922, 4.08, 0.08, 79.12, 
12923, 4.08, 0.08, 79.13, 
12924, 4.08, 0.08, 79.13, 
12925, 4.07, 0.08, 79.13, 
12926, 4.08, 0.08, 79.13, 
12927, 4.08, 0.08, 79.14, 
12928, 4.08, 0.08, 79.14, 
12929, 4.08, 0.08, 79.14, 
12930, 4.08, 0.08, 79.14, 
12931, 4.08, 0.08, 79.15, 
12932, 4.08, 0.08, 79.15, 
12933, 4.08, 0.08, 79.15, 
12934, 4.08, 0.08, 79.16, 
12935, 4.09, 0.08, 79.16, 
12936, 4.08, 0.08, 79.16, 
12937, 4.08, 0.08, 79.16, 
12938, 4.08, 0.08, 79.17, 
12939, 4.08, 0.08, 79.17, 
12940, 4.09, 0.08, 79.17, 
12941, 4.08, 0.08, 79.17, 
12942, 4.08, 0.08, 79.18, 
12943, 4.08, 0.08, 79.18, 
12944, 4.08, 0.08, 79.18, 
12945, 4.08, 0.08, 79.19, 
12946, 4.08, 0.08, 79.19, 
12947, 4.08, 0.08, 79.19, 
12948, 4.08, 0.08, 79.19, 
12949, 4.08, 0.08, 79.20, 
12950, 4.08, 0.08, 79.20, 
12951, 4.08, 0.08, 79.20, 
12952, 4.08, 0.08, 79.20, 
12953, 4.07, 0.08, 79.21, 
12954, 4.08, 0.08, 79.21, 
12955, 4.08, 0.08, 79.21, 
12956, 4.08, 0.08, 79.21, 
12957, 4.08, 0.08, 79.22, 
12958, 4.09, 0.08, 79.22, 
12959, 4.08, 0.08, 79.22, 
12960, 4.08, 0.08, 79.23, 
12961, 4.08, 0.08, 79.23, 
12962, 4.08, 0.08, 79.23, 
12963, 4.08, 0.08, 79.23, 
12964, 4.08, 0.08, 79.24, 
12965, 4.08, 0.08, 79.24, 
12966, 4.08, 0.08, 79.24, 
12967, 4.08, 0.08, 79.24, 
12968, 4.08, 0.08, 79.25, 
12969, 4.08, 0.08, 79.25, 
12970, 4.08, 0.08, 79.25, 
12971, 4.08, 0.08, 79.26, 
12972, 4.08, 0.08, 79.26, 
12973, 4.08, 0.08, 79.26, 
12974, 4.08, 0.08, 79.26, 
12975, 4.09, 0.08, 79.27, 
12976, 4.08, 0.08, 79.27, 
12977, 4.08, 0.08, 79.27, 
12978, 4.08, 0.08, 79.27, 
12979, 4.08, 0.08, 79.28, 
12980, 4.08, 0.08, 79.28, 
12981, 4.08, 0.08, 79.28, 
12982, 4.08, 0.08, 79.28, 
12983, 4.08, 0.08, 79.29, 
12984, 4.08, 0.08, 79.29, 
12985, 4.08, 0.08, 79.29, 
12986, 4.08, 0.08, 79.30, 
12987, 4.08, 0.08, 79.30, 
12988, 4.08, 0.08, 79.30, 
12989, 4.09, 0.08, 79.30, 
12990, 4.08, 0.08, 79.31, 
12991, 4.08, 0.08, 79.31, 
12992, 4.08, 0.08, 79.31, 
12993, 4.08, 0.08, 79.31, 
12994, 4.08, 0.08, 79.32, 
12995, 4.08, 0.08, 79.32, 
12996, 4.08, 0.08, 79.32, 
12997, 4.08, 0.08, 79.32, 
12998, 4.08, 0.08, 79.33, 
12999, 4.09, 0.08, 79.33, 
13000, 4.09, 0.08, 79.33, 
13001, 4.08, 0.08, 79.34, 
13002, 4.08, 0.08, 79.34, 
13003, 4.08, 0.08, 79.34, 
13004, 4.08, 0.08, 79.34, 
13005, 4.08, 0.08, 79.35, 
13006, 4.09, 0.08, 79.35, 
13007, 4.08, 0.08, 79.35, 
13008, 4.08, 0.08, 79.35, 
13009, 4.09, 0.08, 79.36, 
13010, 4.08, 0.08, 79.36, 
13011, 4.08, 0.08, 79.36, 
13012, 4.09, 0.08, 79.36, 
13013, 4.09, 0.08, 79.37, 
13014, 4.08, 0.08, 79.37, 
13015, 4.08, 0.08, 79.37, 
13016, 4.08, 0.08, 79.38, 
13017, 4.08, 0.08, 79.38, 
13018, 4.09, 0.08, 79.38, 
13019, 4.08, 0.08, 79.38, 
13020, 4.08, 0.08, 79.39, 
13021, 4.09, 0.08, 79.39, 
13022, 4.08, 0.08, 79.39, 
13023, 4.09, 0.08, 79.39, 
13024, 4.09, 0.08, 79.40, 
13025, 4.08, 0.08, 79.40, 
13026, 4.08, 0.08, 79.40, 
13027, 4.08, 0.08, 79.40, 
13028, 4.08, 0.08, 79.41, 
13029, 4.09, 0.08, 79.41, 
13030, 4.08, 0.08, 79.41, 
13031, 4.08, 0.08, 79.42, 
13032, 4.08, 0.08, 79.42, 
13033, 4.09, 0.08, 79.42, 
13034, 4.08, 0.08, 79.42, 
13035, 4.08, 0.08, 79.43, 
13036, 4.08, 0.08, 79.43, 
13037, 4.08, 0.08, 79.43, 
13038, 4.08, 0.08, 79.43, 
13039, 4.08, 0.08, 79.44, 
13040, 4.08, 0.08, 79.44, 
13041, 4.08, 0.07, 79.44, 
13042, 4.08, 0.08, 79.44, 
13043, 4.08, 0.08, 79.45, 
13044, 4.08, 0.08, 79.45, 
13045, 4.08, 0.08, 79.45, 
13046, 4.09, 0.08, 79.45, 
13047, 4.08, 0.08, 79.46, 
13048, 4.08, 0.08, 79.46, 
13049, 4.09, 0.08, 79.46, 
13050, 4.09, 0.08, 79.47, 
13051, 4.08, 0.08, 79.47, 
13052, 4.08, 0.08, 79.47, 
13053, 4.08, 0.08, 79.47, 
13054, 4.08, 0.08, 79.48, 
13055, 4.08, 0.08, 79.48, 
13056, 4.08, 0.08, 79.48, 
13057, 4.09, 0.08, 79.48, 
13058, 4.08, 0.08, 79.49, 
13059, 4.08, 0.08, 79.49, 
13060, 4.08, 0.08, 79.49, 
13061, 4.08, 0.08, 79.49, 
13062, 4.08, 0.08, 79.50, 
13063, 4.08, 0.08, 79.50, 
13064, 4.09, 0.08, 79.50, 
13065, 4.08, 0.08, 79.50, 
13066, 4.08, 0.08, 79.51, 
13067, 4.09, 0.08, 79.51, 
13068, 4.08, 0.08, 79.51, 
13069, 4.09, 0.08, 79.52, 
13070, 4.09, 0.07, 79.52, 
13071, 4.08, 0.08, 79.52, 
13072, 4.08, 0.08, 79.52, 
13073, 4.09, 0.08, 79.53, 
13074, 4.09, 0.07, 79.53, 
13075, 4.08, 0.08, 79.53, 
13076, 4.08, 0.08, 79.53, 
13077, 4.08, 0.07, 79.54, 
13078, 4.08, 0.07, 79.54, 
13079, 4.08, 0.08, 79.54, 
13080, 4.08, 0.07, 79.54, 
13081, 4.08, 0.08, 79.55, 
13082, 4.08, 0.08, 79.55, 
13083, 4.09, 0.07, 79.55, 
13084, 4.08, 0.07, 79.55, 
13085, 4.09, 0.07, 79.56, 
13086, 4.08, 0.08, 79.56, 
13087, 4.08, 0.08, 79.56, 
13088, 4.08, 0.08, 79.56, 
13089, 4.08, 0.08, 79.57, 
13090, 4.08, 0.07, 79.57, 
13091, 4.09, 0.08, 79.57, 
13092, 4.09, 0.08, 79.58, 
13093, 4.09, 0.07, 79.58, 
13094, 4.08, 0.07, 79.58, 
13095, 4.08, 0.08, 79.58, 
13096, 4.08, 0.08, 79.59, 
13097, 4.08, 0.08, 79.59, 
13098, 4.09, 0.07, 79.59, 
13099, 4.09, 0.07, 79.59, 
13100, 4.09, 0.07, 79.60, 
13101, 4.09, 0.08, 79.60, 
13102, 4.09, 0.07, 79.60, 
13103, 4.09, 0.07, 79.60, 
13104, 4.09, 0.07, 79.61, 
13105, 4.08, 0.08, 79.61, 
13106, 4.09, 0.07, 79.61, 
13107, 4.08, 0.07, 79.61, 
13108, 4.09, 0.07, 79.62, 
13109, 4.08, 0.07, 79.62, 
13110, 4.09, 0.07, 79.62, 
13111, 4.09, 0.08, 79.62, 
13112, 4.09, 0.07, 79.63, 
13113, 4.09, 0.07, 79.63, 
13114, 4.08, 0.07, 79.63, 
13115, 4.09, 0.08, 79.63, 
13116, 4.09, 0.07, 79.64, 
13117, 4.09, 0.08, 79.64, 
13118, 4.09, 0.07, 79.64, 
13119, 4.09, 0.07, 79.65, 
13120, 4.09, 0.07, 79.65, 
13121, 4.08, 0.07, 79.65, 
13122, 4.08, 0.08, 79.65, 
13123, 4.08, 0.07, 79.66, 
13124, 4.09, 0.07, 79.66, 
13125, 4.09, 0.07, 79.66, 
13126, 4.09, 0.07, 79.66, 
13127, 4.09, 0.07, 79.67, 
13128, 4.08, 0.08, 79.67, 
13129, 4.09, 0.07, 79.67, 
13130, 4.09, 0.07, 79.67, 
13131, 4.08, 0.07, 79.68, 
13132, 4.08, 0.07, 79.68, 
13133, 4.09, 0.07, 79.68, 
13134, 4.09, 0.08, 79.68, 
13135, 4.09, 0.07, 79.69, 
13136, 4.08, 0.07, 79.69, 
13137, 4.09, 0.07, 79.69, 
13138, 4.09, 0.07, 79.69, 
13139, 4.09, 0.07, 79.70, 
13140, 4.09, 0.07, 79.70, 
13141, 4.09, 0.07, 79.70, 
13142, 4.09, 0.07, 79.70, 
13143, 4.09, 0.07, 79.71, 
13144, 4.09, 0.07, 79.71, 
13145, 4.09, 0.07, 79.71, 
13146, 4.09, 0.07, 79.71, 
13147, 4.09, 0.08, 79.72, 
13148, 4.08, 0.07, 79.72, 
13149, 4.09, 0.07, 79.72, 
13150, 4.09, 0.07, 79.73, 
13151, 4.09, 0.07, 79.73, 
13152, 4.09, 0.07, 79.73, 
13153, 4.09, 0.07, 79.73, 
13154, 4.09, 0.07, 79.74, 
13155, 4.09, 0.07, 79.74, 
13156, 4.09, 0.07, 79.74, 
13157, 4.09, 0.07, 79.74, 
13158, 4.09, 0.07, 79.75, 
13159, 4.08, 0.07, 79.75, 
13160, 4.09, 0.07, 79.75, 
13161, 4.08, 0.07, 79.75, 
13162, 4.09, 0.07, 79.76, 
13163, 4.09, 0.07, 79.76, 
13164, 4.09, 0.07, 79.76, 
13165, 4.09, 0.07, 79.76, 
13166, 4.08, 0.07, 79.77, 
13167, 4.09, 0.07, 79.77, 
13168, 4.09, 0.07, 79.77, 
13169, 4.08, 0.07, 79.77, 
13170, 4.09, 0.07, 79.78, 
13171, 4.08, 0.07, 79.78, 
13172, 4.08, 0.07, 79.78, 
13173, 4.09, 0.07, 79.78, 
13174, 4.09, 0.07, 79.79, 
13175, 4.10, 0.07, 79.79, 
13176, 4.08, 0.07, 79.79, 
13177, 4.09, 0.07, 79.79, 
13178, 4.09, 0.07, 79.80, 
13179, 4.09, 0.07, 79.80, 
13180, 4.09, 0.07, 79.80, 
13181, 4.09, 0.07, 79.80, 
13182, 4.09, 0.07, 79.81, 
13183, 4.09, 0.07, 79.81, 
13184, 4.08, 0.07, 79.81, 
13185, 4.09, 0.07, 79.81, 
13186, 4.09, 0.07, 79.82, 
13187, 4.09, 0.07, 79.82, 
13188, 4.09, 0.07, 79.82, 
13189, 4.09, 0.07, 79.82, 
13190, 4.09, 0.07, 79.83, 
13191, 4.09, 0.07, 79.83, 
13192, 4.09, 0.07, 79.83, 
13193, 4.09, 0.07, 79.84, 
13194, 4.09, 0.07, 79.84, 
13195, 4.09, 0.07, 79.84, 
13196, 4.09, 0.07, 79.84, 
13197, 4.08, 0.07, 79.85, 
13198, 4.09, 0.07, 79.85, 
13199, 4.09, 0.07, 79.85, 
13200, 4.09, 0.07, 79.85, 
13201, 4.09, 0.07, 79.86, 
13202, 4.09, 0.07, 79.86, 
13203, 4.09, 0.07, 79.86, 
13204, 4.09, 0.07, 79.86, 
13205, 4.09, 0.07, 79.87, 
13206, 4.09, 0.07, 79.87, 
13207, 4.10, 0.07, 79.87, 
13208, 4.09, 0.07, 79.87, 
13209, 4.09, 0.07, 79.88, 
13210, 4.08, 0.07, 79.88, 
13211, 4.09, 0.07, 79.88, 
13212, 4.09, 0.07, 79.88, 
13213, 4.09, 0.07, 79.89, 
13214, 4.10, 0.07, 79.89, 
13215, 4.09, 0.07, 79.89, 
13216, 4.09, 0.07, 79.89, 
13217, 4.09, 0.07, 79.90, 
13218, 4.09, 0.07, 79.90, 
13219, 4.09, 0.07, 79.90, 
13220, 4.09, 0.07, 79.90, 
13221, 4.09, 0.07, 79.91, 
13222, 4.08, 0.07, 79.91, 
13223, 4.09, 0.07, 79.91, 
13224, 4.09, 0.07, 79.91, 
13225, 4.09, 0.07, 79.92, 
13226, 4.09, 0.07, 79.92, 
13227, 4.09, 0.07, 79.92, 
13228, 4.09, 0.07, 79.92, 
13229, 4.09, 0.07, 79.93, 
13230, 4.09, 0.07, 79.93, 
13231, 4.09, 0.07, 79.93, 
13232, 4.09, 0.07, 79.93, 
13233, 4.09, 0.07, 79.94, 
13234, 4.10, 0.07, 79.94, 
13235, 4.09, 0.07, 79.94, 
13236, 4.09, 0.07, 79.94, 
13237, 4.09, 0.07, 79.95, 
13238, 4.09, 0.07, 79.95, 
13239, 4.09, 0.07, 79.95, 
13240, 4.09, 0.07, 79.95, 
13241, 4.09, 0.07, 79.96, 
13242, 4.10, 0.07, 79.96, 
13243, 4.10, 0.07, 79.96, 
13244, 4.09, 0.07, 79.96, 
13245, 4.08, 0.07, 79.97, 
13246, 4.09, 0.07, 79.97, 
13247, 4.09, 0.07, 79.97, 
13248, 4.09, 0.07, 79.97, 
13249, 4.09, 0.07, 79.98, 
13250, 4.09, 0.07, 79.98, 
13251, 4.09, 0.07, 79.98, 
13252, 4.09, 0.07, 79.98, 
13253, 4.09, 0.07, 79.99, 
13254, 4.09, 0.07, 79.99, 
13255, 4.10, 0.07, 79.99, 
13256, 4.09, 0.07, 79.99, 
13257, 4.09, 0.07, 80.00, 
13258, 4.08, 0.07, 80.00, 
13259, 4.09, 0.07, 80.00, 
13260, 4.09, 0.07, 80.00, 
13261, 4.09, 0.07, 80.01, 
13262, 4.09, 0.07, 80.01, 
13263, 4.09, 0.07, 80.01, 
13264, 4.09, 0.07, 80.01, 
13265, 4.09, 0.07, 80.02, 
13266, 4.09, 0.07, 80.02, 
13267, 4.09, 0.07, 80.02, 
13268, 4.09, 0.07, 80.02, 
13269, 4.09, 0.07, 80.03, 
13270, 4.10, 0.07, 80.03, 
13271, 4.10, 0.07, 80.03, 
13272, 4.09, 0.07, 80.03, 
13273, 4.10, 0.07, 80.04, 
13274, 4.09, 0.07, 80.04, 
13275, 4.10, 0.07, 80.04, 
13276, 4.09, 0.07, 80.04, 
13277, 4.09, 0.07, 80.05, 
13278, 4.09, 0.07, 80.05, 
13279, 4.09, 0.07, 80.05, 
13280, 4.09, 0.07, 80.05, 
13281, 4.09, 0.07, 80.06, 
13282, 4.09, 0.07, 80.06, 
13283, 4.09, 0.07, 80.06, 
13284, 4.09, 0.07, 80.06, 
13285, 4.09, 0.07, 80.07, 
13286, 4.10, 0.07, 80.07, 
13287, 4.09, 0.07, 80.07, 
13288, 4.08, 0.07, 80.07, 
13289, 4.09, 0.07, 80.08, 
13290, 4.10, 0.07, 80.08, 
13291, 4.10, 0.07, 80.08, 
13292, 4.09, 0.07, 80.08, 
13293, 4.09, 0.07, 80.09, 
13294, 4.10, 0.07, 80.09, 
13295, 4.10, 0.07, 80.09, 
13296, 4.09, 0.07, 80.09, 
13297, 4.08, 0.07, 80.10, 
13298, 4.09, 0.07, 80.10, 
13299, 4.10, 0.07, 80.10, 
13300, 4.09, 0.07, 80.10, 
13301, 4.09, 0.07, 80.11, 
13302, 4.09, 0.07, 80.11, 
13303, 4.09, 0.07, 80.11, 
13304, 4.10, 0.07, 80.11, 
13305, 4.10, 0.07, 80.12, 
13306, 4.09, 0.07, 80.12, 
13307, 4.10, 0.07, 80.12, 
13308, 4.09, 0.07, 80.12, 
13309, 4.09, 0.07, 80.13, 
13310, 4.09, 0.07, 80.13, 
13311, 4.09, 0.07, 80.13, 
13312, 4.09, 0.07, 80.13, 
13313, 4.09, 0.07, 80.14, 
13314, 4.10, 0.07, 80.14, 
13315, 4.09, 0.07, 80.14, 
13316, 4.10, 0.07, 80.14, 
13317, 4.09, 0.07, 80.15, 
13318, 4.09, 0.07, 80.15, 
13319, 4.09, 0.07, 80.15, 
13320, 4.09, 0.07, 80.15, 
13321, 4.09, 0.07, 80.16, 
13322, 4.09, 0.07, 80.16, 
13323, 4.09, 0.07, 80.16, 
13324, 4.09, 0.07, 80.16, 
13325, 4.09, 0.07, 80.17, 
13326, 4.10, 0.07, 80.17, 
13327, 4.10, 0.07, 80.17, 
13328, 4.09, 0.07, 80.17, 
13329, 4.09, 0.07, 80.18, 
13330, 4.09, 0.07, 80.18, 
13331, 4.09, 0.07, 80.18, 
13332, 4.10, 0.07, 80.18, 
13333, 4.09, 0.07, 80.18, 
13334, 4.09, 0.07, 80.19, 
13335, 4.09, 0.07, 80.19, 
13336, 4.09, 0.07, 80.19, 
13337, 4.10, 0.07, 80.19, 
13338, 4.09, 0.07, 80.20, 
13339, 4.09, 0.07, 80.20, 
13340, 4.09, 0.07, 80.20, 
13341, 4.09, 0.07, 80.20, 
13342, 4.09, 0.07, 80.21, 
13343, 4.09, 0.07, 80.21, 
13344, 4.09, 0.07, 80.21, 
13345, 4.09, 0.07, 80.21, 
13346, 4.09, 0.07, 80.22, 
13347, 4.09, 0.07, 80.22, 
13348, 4.09, 0.07, 80.22, 
13349, 4.09, 0.07, 80.22, 
13350, 4.09, 0.07, 80.23, 
13351, 4.09, 0.07, 80.23, 
13352, 4.09, 0.07, 80.23, 
13353, 4.09, 0.07, 80.23, 
13354, 4.09, 0.07, 80.24, 
13355, 4.09, 0.07, 80.24, 
13356, 4.09, 0.07, 80.24, 
13357, 4.09, 0.07, 80.24, 
13358, 4.10, 0.07, 80.25, 
13359, 4.09, 0.07, 80.25, 
13360, 4.09, 0.07, 80.25, 
13361, 4.10, 0.07, 80.25, 
13362, 4.09, 0.07, 80.26, 
13363, 4.09, 0.07, 80.26, 
13364, 4.09, 0.07, 80.26, 
13365, 4.09, 0.07, 80.26, 
13366, 4.09, 0.07, 80.27, 
13367, 4.09, 0.07, 80.27, 
13368, 4.09, 0.07, 80.27, 
13369, 4.09, 0.07, 80.27, 
13370, 4.08, 0.07, 80.28, 
13371, 4.09, 0.07, 80.28, 
13372, 4.09, 0.07, 80.28, 
13373, 4.09, 0.07, 80.28, 
13374, 4.09, 0.07, 80.28, 
13375, 4.09, 0.07, 80.29, 
13376, 4.09, 0.07, 80.29, 
13377, 4.09, 0.07, 80.29, 
13378, 4.09, 0.07, 80.29, 
13379, 4.10, 0.07, 80.30, 
13380, 4.09, 0.07, 80.30, 
13381, 4.09, 0.07, 80.30, 
13382, 4.09, 0.07, 80.30, 
13383, 4.09, 0.07, 80.31, 
13384, 4.10, 0.07, 80.31, 
13385, 4.09, 0.07, 80.31, 
13386, 4.09, 0.07, 80.31, 
13387, 4.09, 0.07, 80.32, 
13388, 4.09, 0.07, 80.32, 
13389, 4.09, 0.07, 80.32, 
13390, 4.09, 0.07, 80.32, 
13391, 4.09, 0.07, 80.33, 
13392, 4.10, 0.07, 80.33, 
13393, 4.09, 0.07, 80.33, 
13394, 4.10, 0.07, 80.33, 
13395, 4.09, 0.07, 80.34, 
13396, 4.09, 0.07, 80.34, 
13397, 4.09, 0.07, 80.34, 
13398, 4.09, 0.07, 80.34, 
13399, 4.09, 0.07, 80.35, 
13400, 4.09, 0.07, 80.35, 
13401, 4.09, 0.07, 80.35, 
13402, 4.09, 0.07, 80.35, 
13403, 4.09, 0.07, 80.35, 
13404, 4.09, 0.07, 80.36, 
13405, 4.09, 0.07, 80.36, 
13406, 4.10, 0.07, 80.36, 
13407, 4.09, 0.07, 80.36, 
13408, 4.10, 0.07, 80.37, 
13409, 4.09, 0.07, 80.37, 
13410, 4.09, 0.07, 80.37, 
13411, 4.09, 0.07, 80.37, 
13412, 4.09, 0.07, 80.38, 
13413, 4.09, 0.07, 80.38, 
13414, 4.09, 0.07, 80.38, 
13415, 4.09, 0.07, 80.38, 
13416, 4.09, 0.07, 80.39, 
13417, 4.10, 0.07, 80.39, 
13418, 4.09, 0.07, 80.39, 
13419, 4.09, 0.07, 80.39, 
13420, 4.09, 0.07, 80.40, 
13421, 4.10, 0.07, 80.40, 
13422, 4.09, 0.07, 80.40, 
13423, 4.10, 0.07, 80.40, 
13424, 4.10, 0.07, 80.41, 
13425, 4.10, 0.07, 80.41, 
13426, 4.09, 0.07, 80.41, 
13427, 4.10, 0.07, 80.41, 
13428, 4.09, 0.07, 80.41, 
13429, 4.10, 0.07, 80.42, 
13430, 4.10, 0.07, 80.42, 
13431, 4.10, 0.07, 80.42, 
13432, 4.10, 0.07, 80.42, 
13433, 4.10, 0.07, 80.43, 
13434, 4.10, 0.07, 80.43, 
13435, 4.09, 0.07, 80.43, 
13436, 4.10, 0.07, 80.43, 
13437, 4.10, 0.07, 80.44, 
13438, 4.09, 0.07, 80.44, 
13439, 4.09, 0.07, 80.44, 
13440, 4.10, 0.07, 80.44, 
13441, 4.10, 0.07, 80.45, 
13442, 4.10, 0.07, 80.45, 
13443, 4.09, 0.07, 80.45, 
13444, 4.09, 0.07, 80.45, 
13445, 4.10, 0.07, 80.46, 
13446, 4.09, 0.07, 80.46, 
13447, 4.10, 0.07, 80.46, 
13448, 4.10, 0.07, 80.46, 
13449, 4.10, 0.07, 80.46, 
13450, 4.10, 0.07, 80.47, 
13451, 4.10, 0.07, 80.47, 
13452, 4.10, 0.07, 80.47, 
13453, 4.10, 0.07, 80.47, 
13454, 4.10, 0.07, 80.48, 
13455, 4.09, 0.07, 80.48, 
13456, 4.10, 0.07, 80.48, 
13457, 4.09, 0.07, 80.48, 
13458, 4.10, 0.07, 80.49, 
13459, 4.10, 0.07, 80.49, 
13460, 4.10, 0.07, 80.49, 
13461, 4.09, 0.07, 80.49, 
13462, 4.10, 0.07, 80.50, 
13463, 4.10, 0.07, 80.50, 
13464, 4.10, 0.07, 80.50, 
13465, 4.09, 0.07, 80.50, 
13466, 4.10, 0.07, 80.51, 
13467, 4.10, 0.07, 80.51, 
13468, 4.10, 0.07, 80.51, 
13469, 4.10, 0.07, 80.51, 
13470, 4.10, 0.07, 80.51, 
13471, 4.10, 0.07, 80.52, 
13472, 4.10, 0.07, 80.52, 
13473, 4.10, 0.07, 80.52, 
13474, 4.10, 0.07, 80.52, 
13475, 4.10, 0.07, 80.53, 
13476, 4.09, 0.07, 80.53, 
13477, 4.10, 0.07, 80.53, 
13478, 4.09, 0.07, 80.53, 
13479, 4.10, 0.07, 80.54, 
13480, 4.10, 0.07, 80.54, 
13481, 4.10, 0.07, 80.54, 
13482, 4.10, 0.07, 80.54, 
13483, 4.10, 0.07, 80.55, 
13484, 4.10, 0.07, 80.55, 
13485, 4.10, 0.07, 80.55, 
13486, 4.10, 0.07, 80.55, 
13487, 4.10, 0.07, 80.55, 
13488, 4.10, 0.07, 80.56, 
13489, 4.10, 0.07, 80.56, 
13490, 4.10, 0.07, 80.56, 
13491, 4.09, 0.07, 80.56, 
13492, 4.10, 0.07, 80.57, 
13493, 4.10, 0.07, 80.57, 
13494, 4.09, 0.07, 80.57, 
13495, 4.10, 0.07, 80.57, 
13496, 4.10, 0.07, 80.58, 
13497, 4.10, 0.07, 80.58, 
13498, 4.10, 0.07, 80.58, 
13499, 4.10, 0.07, 80.58, 
13500, 4.10, 0.07, 80.59, 
13501, 4.10, 0.07, 80.59, 
13502, 4.10, 0.07, 80.59, 
13503, 4.10, 0.07, 80.59, 
13504, 4.10, 0.07, 80.59, 
13505, 4.09, 0.07, 80.60, 
13506, 4.10, 0.07, 80.60, 
13507, 4.10, 0.07, 80.60, 
13508, 4.09, 0.07, 80.60, 
13509, 4.10, 0.07, 80.61, 
13510, 4.10, 0.07, 80.61, 
13511, 4.10, 0.07, 80.61, 
13512, 4.10, 0.07, 80.61, 
13513, 4.09, 0.07, 80.62, 
13514, 4.10, 0.07, 80.62, 
13515, 4.09, 0.07, 80.62, 
13516, 4.10, 0.07, 80.62, 
13517, 4.10, 0.07, 80.63, 
13518, 4.09, 0.07, 80.63, 
13519, 4.09, 0.07, 80.63, 
13520, 4.09, 0.07, 80.63, 
13521, 4.09, 0.07, 80.63, 
13522, 4.10, 0.07, 80.64, 
13523, 4.10, 0.07, 80.64, 
13524, 4.10, 0.07, 80.64, 
13525, 4.09, 0.07, 80.64, 
13526, 4.10, 0.07, 80.65, 
13527, 4.10, 0.07, 80.65, 
13528, 4.10, 0.07, 80.65, 
13529, 4.10, 0.07, 80.65, 
13530, 4.10, 0.07, 80.66, 
13531, 4.10, 0.07, 80.66, 
13532, 4.10, 0.07, 80.66, 
13533, 4.10, 0.07, 80.66, 
13534, 4.09, 0.07, 80.67, 
13535, 4.09, 0.07, 80.67, 
13536, 4.10, 0.07, 80.67, 
13537, 4.10, 0.07, 80.67, 
13538, 4.10, 0.07, 80.67, 
13539, 4.09, 0.07, 80.68, 
13540, 4.10, 0.07, 80.68, 
13541, 4.10, 0.07, 80.68, 
13542, 4.10, 0.07, 80.68, 
13543, 4.09, 0.07, 80.69, 
13544, 4.09, 0.07, 80.69, 
13545, 4.10, 0.07, 80.69, 
13546, 4.10, 0.07, 80.69, 
13547, 4.10, 0.07, 80.70, 
13548, 4.10, 0.07, 80.70, 
13549, 4.10, 0.07, 80.70, 
13550, 4.10, 0.07, 80.70, 
13551, 4.10, 0.07, 80.70, 
13552, 4.10, 0.07, 80.71, 
13553, 4.10, 0.07, 80.71, 
13554, 4.10, 0.07, 80.71, 
13555, 4.10, 0.07, 80.71, 
13556, 4.10, 0.07, 80.72, 
13557, 4.10, 0.07, 80.72, 
13558, 4.10, 0.07, 80.72, 
13559, 4.10, 0.07, 80.72, 
13560, 4.10, 0.07, 80.73, 
13561, 4.10, 0.07, 80.73, 
13562, 4.10, 0.07, 80.73, 
13563, 4.10, 0.07, 80.73, 
13564, 4.09, 0.07, 80.73, 
13565, 4.10, 0.07, 80.74, 
13566, 4.10, 0.07, 80.74, 
13567, 4.10, 0.07, 80.74, 
13568, 4.10, 0.07, 80.74, 
13569, 4.10, 0.07, 80.75, 
13570, 4.10, 0.07, 80.75, 
13571, 4.10, 0.07, 80.75, 
13572, 4.10, 0.07, 80.75, 
13573, 4.10, 0.07, 80.76, 
13574, 4.10, 0.07, 80.76, 
13575, 4.10, 0.07, 80.76, 
13576, 4.09, 0.07, 80.76, 
13577, 4.10, 0.07, 80.76, 
13578, 4.10, 0.07, 80.77, 
13579, 4.10, 0.07, 80.77, 
13580, 4.10, 0.07, 80.77, 
13581, 4.10, 0.07, 80.77, 
13582, 4.10, 0.07, 80.78, 
13583, 4.10, 0.07, 80.78, 
13584, 4.10, 0.07, 80.78, 
13585, 4.10, 0.07, 80.78, 
13586, 4.10, 0.07, 80.79, 
13587, 4.09, 0.07, 80.79, 
13588, 4.09, 0.07, 80.79, 
13589, 4.10, 0.07, 80.79, 
13590, 4.10, 0.07, 80.79, 
13591, 4.10, 0.07, 80.80, 
13592, 4.10, 0.07, 80.80, 
13593, 4.10, 0.07, 80.80, 
13594, 4.10, 0.07, 80.80, 
13595, 4.10, 0.07, 80.81, 
13596, 4.09, 0.07, 80.81, 
13597, 4.10, 0.07, 80.81, 
13598, 4.10, 0.07, 80.81, 
13599, 4.10, 0.07, 80.82, 
13600, 4.11, 0.07, 80.82, 
13601, 4.10, 0.07, 80.82, 
13602, 4.10, 0.07, 80.82, 
13603, 4.10, 0.07, 80.82, 
13604, 4.10, 0.07, 80.83, 
13605, 4.10, 0.07, 80.83, 
13606, 4.10, 0.07, 80.83, 
13607, 4.10, 0.07, 80.83, 
13608, 4.09, 0.07, 80.84, 
13609, 4.09, 0.07, 80.84, 
13610, 4.10, 0.07, 80.84, 
13611, 4.10, 0.07, 80.84, 
13612, 4.09, 0.07, 80.85, 
13613, 4.10, 0.07, 80.85, 
13614, 4.10, 0.07, 80.85, 
13615, 4.10, 0.07, 80.85, 
13616, 4.10, 0.07, 80.85, 
13617, 4.10, 0.07, 80.86, 
13618, 4.10, 0.07, 80.86, 
13619, 4.10, 0.07, 80.86, 
13620, 4.10, 0.07, 80.86, 
13621, 4.10, 0.07, 80.87, 
13622, 4.10, 0.07, 80.87, 
13623, 4.10, 0.07, 80.87, 
13624, 4.09, 0.07, 80.87, 
13625, 4.10, 0.07, 80.87, 
13626, 4.09, 0.07, 80.88, 
13627, 4.10, 0.07, 80.88, 
13628, 4.10, 0.07, 80.88, 
13629, 4.10, 0.07, 80.88, 
13630, 4.09, 0.07, 80.89, 
13631, 4.10, 0.07, 80.89, 
13632, 4.10, 0.06, 80.89, 
13633, 4.10, 0.07, 80.89, 
13634, 4.10, 0.07, 80.90, 
13635, 4.10, 0.07, 80.90, 
13636, 4.10, 0.07, 80.90, 
13637, 4.09, 0.07, 80.90, 
13638, 4.09, 0.07, 80.90, 
13639, 4.11, 0.07, 80.91, 
13640, 4.10, 0.07, 80.91, 
13641, 4.11, 0.07, 80.91, 
13642, 4.11, 0.07, 80.91, 
13643, 4.11, 0.07, 80.92, 
13644, 4.10, 0.07, 80.92, 
13645, 4.10, 0.07, 80.92, 
13646, 4.10, 0.06, 80.92, 
13647, 4.10, 0.07, 80.93, 
13648, 4.10, 0.07, 80.93, 
13649, 4.10, 0.07, 80.93, 
13650, 4.10, 0.06, 80.93, 
13651, 4.10, 0.07, 80.93, 
13652, 4.10, 0.07, 80.94, 
13653, 4.10, 0.06, 80.94, 
13654, 4.10, 0.06, 80.94, 
13655, 4.10, 0.06, 80.94, 
13656, 4.10, 0.07, 80.95, 
13657, 4.10, 0.07, 80.95, 
13658, 4.10, 0.06, 80.95, 
13659, 4.10, 0.06, 80.95, 
13660, 4.10, 0.07, 80.95, 
13661, 4.10, 0.07, 80.96, 
13662, 4.11, 0.06, 80.96, 
13663, 4.11, 0.07, 80.96, 
13664, 4.10, 0.06, 80.96, 
13665, 4.11, 0.06, 80.97, 
13666, 4.10, 0.06, 80.97, 
13667, 4.10, 0.06, 80.97, 
13668, 4.10, 0.06, 80.97, 
13669, 4.10, 0.07, 80.97, 
13670, 4.10, 0.07, 80.98, 
13671, 4.10, 0.06, 80.98, 
13672, 4.10, 0.07, 80.98, 
13673, 4.09, 0.06, 80.98, 
13674, 4.11, 0.06, 80.99, 
13675, 4.10, 0.06, 80.99, 
13676, 4.10, 0.07, 80.99, 
13677, 4.11, 0.07, 80.99, 
13678, 4.09, 0.07, 81.00, 
13679, 4.10, 0.07, 81.00, 
13680, 4.10, 0.06, 81.00, 
13681, 4.10, 0.06, 81.00, 
13682, 4.10, 0.06, 81.00, 
13683, 4.10, 0.06, 81.01, 
13684, 4.10, 0.06, 81.01, 
13685, 4.10, 0.06, 81.01, 
13686, 4.10, 0.06, 81.01, 
13687, 4.11, 0.06, 81.02, 
13688, 4.10, 0.06, 81.02, 
13689, 4.10, 0.07, 81.02, 
13690, 4.10, 0.06, 81.02, 
13691, 4.10, 0.07, 81.02, 
13692, 4.10, 0.06, 81.03, 
13693, 4.10, 0.06, 81.03, 
13694, 4.10, 0.06, 81.03, 
13695, 4.11, 0.06, 81.03, 
13696, 4.10, 0.06, 81.04, 
13697, 4.10, 0.06, 81.04, 
13698, 4.10, 0.06, 81.04, 
13699, 4.10, 0.06, 81.04, 
13700, 4.10, 0.06, 81.04, 
13701, 4.10, 0.06, 81.05, 
13702, 4.10, 0.06, 81.05, 
13703, 4.10, 0.07, 81.05, 
13704, 4.10, 0.06, 81.05, 
13705, 4.10, 0.07, 81.06, 
13706, 4.10, 0.06, 81.06, 
13707, 4.10, 0.06, 81.06, 
13708, 4.10, 0.06, 81.06, 
13709, 4.10, 0.06, 81.06, 
13710, 4.10, 0.06, 81.07, 
13711, 4.10, 0.06, 81.07, 
13712, 4.10, 0.06, 81.07, 
13713, 4.10, 0.06, 81.07, 
13714, 4.10, 0.06, 81.08, 
13715, 4.11, 0.06, 81.08, 
13716, 4.10, 0.06, 81.08, 
13717, 4.10, 0.06, 81.08, 
13718, 4.10, 0.06, 81.08, 
13719, 4.10, 0.06, 81.09, 
13720, 4.10, 0.06, 81.09, 
13721, 4.10, 0.06, 81.09, 
13722, 4.10, 0.06, 81.09, 
13723, 4.10, 0.06, 81.10, 
13724, 4.10, 0.06, 81.10, 
13725, 4.10, 0.06, 81.10, 
13726, 4.10, 0.06, 81.10, 
13727, 4.10, 0.06, 81.10, 
13728, 4.10, 0.06, 81.11, 
13729, 4.11, 0.06, 81.11, 
13730, 4.10, 0.06, 81.11, 
13731, 4.10, 0.06, 81.11, 
13732, 4.10, 0.06, 81.12, 
13733, 4.11, 0.06, 81.12, 
13734, 4.10, 0.06, 81.12, 
13735, 4.11, 0.06, 81.12, 
13736, 4.10, 0.06, 81.12, 
13737, 4.11, 0.06, 81.13, 
13738, 4.10, 0.06, 81.13, 
13739, 4.10, 0.06, 81.13, 
13740, 4.10, 0.06, 81.13, 
13741, 4.11, 0.06, 81.14, 
13742, 4.10, 0.06, 81.14, 
13743, 4.10, 0.06, 81.14, 
13744, 4.10, 0.06, 81.14, 
13745, 4.10, 0.06, 81.14, 
13746, 4.10, 0.06, 81.15, 
13747, 4.10, 0.06, 81.15, 
13748, 4.10, 0.06, 81.15, 
13749, 4.11, 0.06, 81.15, 
13750, 4.10, 0.06, 81.16, 
13751, 4.10, 0.06, 81.16, 
13752, 4.10, 0.06, 81.16, 
13753, 4.10, 0.06, 81.16, 
13754, 4.10, 0.06, 81.16, 
13755, 4.10, 0.06, 81.17, 
13756, 4.10, 0.06, 81.17, 
13757, 4.10, 0.06, 81.17, 
13758, 4.10, 0.06, 81.17, 
13759, 4.10, 0.06, 81.18, 
13760, 4.10, 0.06, 81.18, 
13761, 4.11, 0.06, 81.18, 
13762, 4.10, 0.06, 81.18, 
13763, 4.10, 0.06, 81.18, 
13764, 4.10, 0.06, 81.19, 
13765, 4.11, 0.06, 81.19, 
13766, 4.10, 0.06, 81.19, 
13767, 4.10, 0.06, 81.19, 
13768, 4.10, 0.06, 81.20, 
13769, 4.11, 0.06, 81.20, 
13770, 4.10, 0.06, 81.20, 
13771, 4.10, 0.06, 81.20, 
13772, 4.10, 0.06, 81.20, 
13773, 4.11, 0.06, 81.21, 
13774, 4.10, 0.06, 81.21, 
13775, 4.11, 0.06, 81.21, 
13776, 4.10, 0.06, 81.21, 
13777, 4.10, 0.06, 81.22, 
13778, 4.10, 0.06, 81.22, 
13779, 4.10, 0.06, 81.22, 
13780, 4.10, 0.06, 81.22, 
13781, 4.11, 0.06, 81.22, 
13782, 4.10, 0.06, 81.23, 
13783, 4.10, 0.06, 81.23, 
13784, 4.11, 0.06, 81.23, 
13785, 4.11, 0.06, 81.23, 
13786, 4.10, 0.06, 81.23, 
13787, 4.10, 0.06, 81.24, 
13788, 4.10, 0.06, 81.24, 
13789, 4.10, 0.06, 81.24, 
13790, 4.11, 0.06, 81.24, 
13791, 4.10, 0.06, 81.25, 
13792, 4.11, 0.06, 81.25, 
13793, 4.10, 0.06, 81.25, 
13794, 4.10, 0.06, 81.25, 
13795, 4.11, 0.06, 81.25, 
13796, 4.11, 0.06, 81.26, 
13797, 4.10, 0.06, 81.26, 
13798, 4.11, 0.06, 81.26, 
13799, 4.10, 0.06, 81.26, 
13800, 4.11, 0.06, 81.27, 
13801, 4.11, 0.06, 81.27, 
13802, 4.10, 0.06, 81.27, 
13803, 4.10, 0.06, 81.27, 
13804, 4.10, 0.06, 81.27, 
13805, 4.11, 0.06, 81.28, 
13806, 4.10, 0.06, 81.28, 
13807, 4.11, 0.06, 81.28, 
13808, 4.10, 0.06, 81.28, 
13809, 4.11, 0.06, 81.28, 
13810, 4.10, 0.06, 81.29, 
13811, 4.11, 0.06, 81.29, 
13812, 4.11, 0.06, 81.29, 
13813, 4.11, 0.06, 81.29, 
13814, 4.11, 0.06, 81.30, 
13815, 4.11, 0.06, 81.30, 
13816, 4.11, 0.06, 81.30, 
13817, 4.11, 0.06, 81.30, 
13818, 4.10, 0.06, 81.30, 
13819, 4.11, 0.06, 81.31, 
13820, 4.11, 0.06, 81.31, 
13821, 4.11, 0.06, 81.31, 
13822, 4.11, 0.06, 81.31, 
13823, 4.11, 0.06, 81.32, 
13824, 4.11, 0.06, 81.32, 
13825, 4.10, 0.06, 81.32, 
13826, 4.11, 0.06, 81.32, 
13827, 4.11, 0.06, 81.32, 
13828, 4.11, 0.06, 81.33, 
13829, 4.10, 0.06, 81.33, 
13830, 4.10, 0.06, 81.33, 
13831, 4.10, 0.06, 81.33, 
13832, 4.10, 0.06, 81.33, 
13833, 4.11, 0.06, 81.34, 
13834, 4.11, 0.06, 81.34, 
13835, 4.10, 0.06, 81.34, 
13836, 4.11, 0.06, 81.34, 
13837, 4.10, 0.06, 81.35, 
13838, 4.11, 0.06, 81.35, 
13839, 4.11, 0.06, 81.35, 
13840, 4.10, 0.06, 81.35, 
13841, 4.11, 0.06, 81.35, 
13842, 4.10, 0.06, 81.36, 
13843, 4.11, 0.06, 81.36, 
13844, 4.11, 0.06, 81.36, 
13845, 4.11, 0.06, 81.36, 
13846, 4.11, 0.06, 81.37, 
13847, 4.11, 0.06, 81.37, 
13848, 4.11, 0.06, 81.37, 
13849, 4.11, 0.06, 81.37, 
13850, 4.11, 0.06, 81.37, 
13851, 4.11, 0.06, 81.38, 
13852, 4.11, 0.06, 81.38, 
13853, 4.11, 0.06, 81.38, 
13854, 4.10, 0.06, 81.38, 
13855, 4.10, 0.06, 81.38, 
13856, 4.11, 0.06, 81.39, 
13857, 4.11, 0.06, 81.39, 
13858, 4.11, 0.06, 81.39, 
13859, 4.11, 0.06, 81.39, 
13860, 4.11, 0.06, 81.40, 
13861, 4.11, 0.06, 81.40, 
13862, 4.11, 0.06, 81.40, 
13863, 4.11, 0.06, 81.40, 
13864, 4.10, 0.06, 81.40, 
13865, 4.11, 0.06, 81.41, 
13866, 4.10, 0.06, 81.41, 
13867, 4.11, 0.06, 81.41, 
13868, 4.11, 0.06, 81.41, 
13869, 4.11, 0.06, 81.41, 
13870, 4.11, 0.06, 81.42, 
13871, 4.10, 0.06, 81.42, 
13872, 4.11, 0.06, 81.42, 
13873, 4.11, 0.06, 81.42, 
13874, 4.10, 0.06, 81.43, 
13875, 4.10, 0.06, 81.43, 
13876, 4.10, 0.06, 81.43, 
13877, 4.10, 0.06, 81.43, 
13878, 4.10, 0.06, 81.43, 
13879, 4.11, 0.06, 81.44, 
13880, 4.10, 0.06, 81.44, 
13881, 4.11, 0.06, 81.44, 
13882, 4.10, 0.06, 81.44, 
13883, 4.11, 0.06, 81.44, 
13884, 4.11, 0.06, 81.45, 
13885, 4.11, 0.06, 81.45, 
13886, 4.11, 0.06, 81.45, 
13887, 4.11, 0.06, 81.45, 
13888, 4.11, 0.06, 81.46, 
13889, 4.10, 0.06, 81.46, 
13890, 4.11, 0.06, 81.46, 
13891, 4.11, 0.06, 81.46, 
13892, 4.11, 0.06, 81.46, 
13893, 4.11, 0.06, 81.47, 
13894, 4.10, 0.06, 81.47, 
13895, 4.11, 0.06, 81.47, 
13896, 4.11, 0.06, 81.47, 
13897, 4.11, 0.06, 81.47, 
13898, 4.10, 0.06, 81.48, 
13899, 4.11, 0.06, 81.48, 
13900, 4.10, 0.06, 81.48, 
13901, 4.11, 0.06, 81.48, 
13902, 4.10, 0.06, 81.48, 
13903, 4.11, 0.06, 81.49, 
13904, 4.11, 0.06, 81.49, 
13905, 4.11, 0.06, 81.49, 
13906, 4.11, 0.06, 81.49, 
13907, 4.12, 0.06, 81.50, 
13908, 4.11, 0.06, 81.50, 
13909, 4.10, 0.06, 81.50, 
13910, 4.10, 0.06, 81.50, 
13911, 4.11, 0.06, 81.50, 
13912, 4.11, 0.06, 81.51, 
13913, 4.10, 0.06, 81.51, 
13914, 4.11, 0.06, 81.51, 
13915, 4.11, 0.06, 81.51, 
13916, 4.11, 0.06, 81.51, 
13917, 4.10, 0.06, 81.52, 
13918, 4.11, 0.06, 81.52, 
13919, 4.10, 0.06, 81.52, 
13920, 4.11, 0.06, 81.52, 
13921, 4.10, 0.06, 81.52, 
13922, 4.11, 0.06, 81.53, 
13923, 4.11, 0.06, 81.53, 
13924, 4.11, 0.06, 81.53, 
13925, 4.11, 0.06, 81.53, 
13926, 4.11, 0.06, 81.54, 
13927, 4.11, 0.06, 81.54, 
13928, 4.11, 0.06, 81.54, 
13929, 4.11, 0.06, 81.54, 
13930, 4.11, 0.06, 81.54, 
13931, 4.11, 0.06, 81.55, 
13932, 4.11, 0.06, 81.55, 
13933, 4.11, 0.06, 81.55, 
13934, 4.10, 0.06, 81.55, 
13935, 4.11, 0.06, 81.55, 
13936, 4.11, 0.06, 81.56, 
13937, 4.11, 0.06, 81.56, 
13938, 4.10, 0.06, 81.56, 
13939, 4.11, 0.06, 81.56, 
13940, 4.11, 0.06, 81.56, 
13941, 4.11, 0.06, 81.57, 
13942, 4.11, 0.06, 81.57, 
13943, 4.11, 0.06, 81.57, 
13944, 4.10, 0.06, 81.57, 
13945, 4.11, 0.06, 81.58, 
13946, 4.10, 0.06, 81.58, 
13947, 4.10, 0.06, 81.58, 
13948, 4.11, 0.06, 81.58, 
13949, 4.10, 0.06, 81.58, 
13950, 4.11, 0.06, 81.59, 
13951, 4.11, 0.06, 81.59, 
13952, 4.11, 0.06, 81.59, 
13953, 4.11, 0.06, 81.59, 
13954, 4.10, 0.06, 81.59, 
13955, 4.11, 0.06, 81.60, 
13956, 4.11, 0.06, 81.60, 
13957, 4.11, 0.06, 81.60, 
13958, 4.10, 0.06, 81.60, 
13959, 4.11, 0.06, 81.60, 
13960, 4.10, 0.06, 81.61, 
13961, 4.11, 0.06, 81.61, 
13962, 4.11, 0.06, 81.61, 
13963, 4.11, 0.06, 81.61, 
13964, 4.10, 0.06, 81.62, 
13965, 4.11, 0.06, 81.62, 
13966, 4.11, 0.06, 81.62, 
13967, 4.11, 0.06, 81.62, 
13968, 4.11, 0.06, 81.62, 
13969, 4.11, 0.06, 81.63, 
13970, 4.11, 0.06, 81.63, 
13971, 4.11, 0.06, 81.63, 
13972, 4.10, 0.06, 81.63, 
13973, 4.11, 0.06, 81.63, 
13974, 4.10, 0.06, 81.64, 
13975, 4.10, 0.06, 81.64, 
13976, 4.11, 0.06, 81.64, 
13977, 4.11, 0.06, 81.64, 
13978, 4.11, 0.06, 81.64, 
13979, 4.10, 0.06, 81.65, 
13980, 4.10, 0.06, 81.65, 
13981, 4.10, 0.06, 81.65, 
13982, 4.11, 0.06, 81.65, 
13983, 4.11, 0.06, 81.65, 
13984, 4.10, 0.06, 81.66, 
13985, 4.11, 0.06, 81.66, 
13986, 4.11, 0.06, 81.66, 
13987, 4.11, 0.06, 81.66, 
13988, 4.10, 0.06, 81.67, 
13989, 4.11, 0.06, 81.67, 
13990, 4.11, 0.06, 81.67, 
13991, 4.11, 0.06, 81.67, 
13992, 4.11, 0.06, 81.67, 
13993, 4.11, 0.06, 81.68, 
13994, 4.11, 0.06, 81.68, 
13995, 4.11, 0.06, 81.68, 
13996, 4.11, 0.06, 81.68, 
13997, 4.11, 0.06, 81.68, 
13998, 4.11, 0.06, 81.69, 
13999, 4.10, 0.06, 81.69, 
14000, 4.12, 0.06, 81.69, 
14001, 4.11, 0.06, 81.69, 
14002, 4.12, 0.06, 81.69, 
14003, 4.11, 0.06, 81.70, 
14004, 4.11, 0.06, 81.70, 
14005, 4.11, 0.06, 81.70, 
14006, 4.11, 0.06, 81.70, 
14007, 4.11, 0.06, 81.70, 
14008, 4.11, 0.06, 81.71, 
14009, 4.11, 0.06, 81.71, 
14010, 4.11, 0.06, 81.71, 
14011, 4.11, 0.06, 81.71, 
14012, 4.11, 0.06, 81.72, 
14013, 4.11, 0.06, 81.72, 
14014, 4.11, 0.06, 81.72, 
14015, 4.11, 0.06, 81.72, 
14016, 4.11, 0.06, 81.72, 
14017, 4.10, 0.06, 81.73, 
14018, 4.11, 0.06, 81.73, 
14019, 4.11, 0.06, 81.73, 
14020, 4.11, 0.06, 81.73, 
14021, 4.11, 0.06, 81.73, 
14022, 4.11, 0.06, 81.74, 
14023, 4.11, 0.06, 81.74, 
14024, 4.11, 0.06, 81.74, 
14025, 4.11, 0.06, 81.74, 
14026, 4.11, 0.06, 81.74, 
14027, 4.11, 0.06, 81.75, 
14028, 4.11, 0.06, 81.75, 
14029, 4.11, 0.06, 81.75, 
14030, 4.12, 0.06, 81.75, 
14031, 4.11, 0.06, 81.75, 
14032, 4.11, 0.06, 81.76, 
14033, 4.11, 0.06, 81.76, 
14034, 4.11, 0.06, 81.76, 
14035, 4.11, 0.06, 81.76, 
14036, 4.11, 0.06, 81.76, 
14037, 4.11, 0.06, 81.77, 
14038, 4.11, 0.06, 81.77, 
14039, 4.11, 0.06, 81.77, 
14040, 4.11, 0.06, 81.77, 
14041, 4.11, 0.06, 81.77, 
14042, 4.11, 0.06, 81.78, 
14043, 4.11, 0.06, 81.78, 
14044, 4.11, 0.06, 81.78, 
14045, 4.11, 0.06, 81.78, 
14046, 4.11, 0.06, 81.78, 
14047, 4.11, 0.06, 81.79, 
14048, 4.11, 0.06, 81.79, 
14049, 4.11, 0.06, 81.79, 
14050, 4.11, 0.06, 81.79, 
14051, 4.11, 0.06, 81.80, 
14052, 4.11, 0.06, 81.80, 
14053, 4.11, 0.06, 81.80, 
14054, 4.11, 0.06, 81.80, 
14055, 4.12, 0.06, 81.80, 
14056, 4.11, 0.06, 81.81, 
14057, 4.11, 0.06, 81.81, 
14058, 4.10, 0.06, 81.81, 
14059, 4.11, 0.06, 81.81, 
14060, 4.11, 0.06, 81.81, 
14061, 4.11, 0.06, 81.82, 
14062, 4.11, 0.06, 81.82, 
14063, 4.11, 0.06, 81.82, 
14064, 4.11, 0.06, 81.82, 
14065, 4.11, 0.06, 81.82, 
14066, 4.11, 0.06, 81.83, 
14067, 4.11, 0.06, 81.83, 
14068, 4.11, 0.06, 81.83, 
14069, 4.11, 0.06, 81.83, 
14070, 4.11, 0.06, 81.83, 
14071, 4.11, 0.06, 81.84, 
14072, 4.11, 0.06, 81.84, 
14073, 4.11, 0.06, 81.84, 
14074, 4.11, 0.06, 81.84, 
14075, 4.11, 0.06, 81.84, 
14076, 4.11, 0.06, 81.85, 
14077, 4.11, 0.06, 81.85, 
14078, 4.11, 0.06, 81.85, 
14079, 4.11, 0.06, 81.85, 
14080, 4.11, 0.06, 81.85, 
14081, 4.11, 0.06, 81.86, 
14082, 4.12, 0.06, 81.86, 
14083, 4.11, 0.06, 81.86, 
14084, 4.11, 0.06, 81.86, 
14085, 4.11, 0.06, 81.86, 
14086, 4.11, 0.06, 81.87, 
14087, 4.12, 0.06, 81.87, 
14088, 4.12, 0.06, 81.87, 
14089, 4.11, 0.06, 81.87, 
14090, 4.11, 0.06, 81.87, 
14091, 4.11, 0.06, 81.88, 
14092, 4.11, 0.06, 81.88, 
14093, 4.11, 0.06, 81.88, 
14094, 4.11, 0.06, 81.88, 
14095, 4.11, 0.06, 81.88, 
14096, 4.12, 0.06, 81.89, 
14097, 4.11, 0.06, 81.89, 
14098, 4.11, 0.06, 81.89, 
14099, 4.11, 0.06, 81.89, 
14100, 4.11, 0.06, 81.89, 
14101, 4.11, 0.06, 81.90, 
14102, 4.11, 0.06, 81.90, 
14103, 4.11, 0.06, 81.90, 
14104, 4.11, 0.06, 81.90, 
14105, 4.12, 0.06, 81.90, 
14106, 4.11, 0.06, 81.91, 
14107, 4.11, 0.06, 81.91, 
14108, 4.11, 0.06, 81.91, 
14109, 4.11, 0.06, 81.91, 
14110, 4.11, 0.06, 81.91, 
14111, 4.11, 0.06, 81.92, 
14112, 4.11, 0.06, 81.92, 
14113, 4.11, 0.06, 81.92, 
14114, 4.11, 0.06, 81.92, 
14115, 4.11, 0.06, 81.93, 
14116, 4.12, 0.06, 81.93, 
14117, 4.11, 0.06, 81.93, 
14118, 4.11, 0.06, 81.93, 
14119, 4.11, 0.06, 81.93, 
14120, 4.11, 0.06, 81.94, 
14121, 4.11, 0.06, 81.94, 
14122, 4.11, 0.06, 81.94, 
14123, 4.11, 0.06, 81.94, 
14124, 4.11, 0.06, 81.94, 
14125, 4.11, 0.06, 81.95, 
14126, 4.11, 0.06, 81.95, 
14127, 4.11, 0.06, 81.95, 
14128, 4.11, 0.06, 81.95, 
14129, 4.11, 0.06, 81.95, 
14130, 4.11, 0.06, 81.96, 
14131, 4.11, 0.06, 81.96, 
14132, 4.11, 0.06, 81.96, 
14133, 4.11, 0.06, 81.96, 
14134, 4.11, 0.06, 81.96, 
14135, 4.11, 0.06, 81.97, 
14136, 4.11, 0.06, 81.97, 
14137, 4.11, 0.06, 81.97, 
14138, 4.11, 0.06, 81.97, 
14139, 4.11, 0.06, 81.97, 
14140, 4.11, 0.06, 81.98, 
14141, 4.11, 0.06, 81.98, 
14142, 4.11, 0.06, 81.98, 
14143, 4.11, 0.06, 81.98, 
14144, 4.11, 0.06, 81.98, 
14145, 4.11, 0.06, 81.99, 
14146, 4.11, 0.06, 81.99, 
14147, 4.11, 0.06, 81.99, 
14148, 4.11, 0.06, 81.99, 
14149, 4.11, 0.06, 81.99, 
14150, 4.11, 0.06, 82.00, 
14151, 4.11, 0.06, 82.00, 
14152, 4.11, 0.06, 82.00, 
14153, 4.11, 0.06, 82.00, 
14154, 4.11, 0.06, 82.00, 
14155, 4.11, 0.06, 82.01, 
14156, 4.11, 0.06, 82.01, 
14157, 4.11, 0.06, 82.01, 
14158, 4.11, 0.06, 82.01, 
14159, 4.11, 0.06, 82.01, 
14160, 4.11, 0.06, 82.02, 
14161, 4.12, 0.06, 82.02, 
14162, 4.11, 0.06, 82.02, 
14163, 4.11, 0.06, 82.02, 
14164, 4.11, 0.06, 82.02, 
14165, 4.11, 0.06, 82.03, 
14166, 4.11, 0.06, 82.03, 
14167, 4.11, 0.06, 82.03, 
14168, 4.12, 0.06, 82.03, 
14169, 4.12, 0.06, 82.03, 
14170, 4.11, 0.06, 82.04, 
14171, 4.11, 0.06, 82.04, 
14172, 4.11, 0.06, 82.04, 
14173, 4.11, 0.06, 82.04, 
14174, 4.11, 0.06, 82.04, 
14175, 4.12, 0.06, 82.05, 
14176, 4.12, 0.06, 82.05, 
14177, 4.11, 0.06, 82.05, 
14178, 4.11, 0.06, 82.05, 
14179, 4.11, 0.06, 82.05, 
14180, 4.11, 0.06, 82.05, 
14181, 4.11, 0.06, 82.06, 
14182, 4.11, 0.06, 82.06, 
14183, 4.12, 0.06, 82.06, 
14184, 4.12, 0.06, 82.06, 
14185, 4.12, 0.06, 82.06, 
14186, 4.12, 0.06, 82.07, 
14187, 4.12, 0.06, 82.07, 
14188, 4.11, 0.06, 82.07, 
14189, 4.11, 0.06, 82.07, 
14190, 4.12, 0.06, 82.07, 
14191, 4.11, 0.06, 82.08, 
14192, 4.11, 0.06, 82.08, 
14193, 4.12, 0.06, 82.08, 
14194, 4.11, 0.06, 82.08, 
14195, 4.11, 0.06, 82.08, 
14196, 4.11, 0.06, 82.09, 
14197, 4.11, 0.06, 82.09, 
14198, 4.11, 0.06, 82.09, 
14199, 4.11, 0.06, 82.09, 
14200, 4.11, 0.06, 82.09, 
14201, 4.12, 0.06, 82.10, 
14202, 4.12, 0.06, 82.10, 
14203, 4.11, 0.06, 82.10, 
14204, 4.12, 0.06, 82.10, 
14205, 4.12, 0.06, 82.10, 
14206, 4.11, 0.06, 82.11, 
14207, 4.11, 0.06, 82.11, 
14208, 4.12, 0.06, 82.11, 
14209, 4.12, 0.06, 82.11, 
14210, 4.11, 0.06, 82.11, 
14211, 4.11, 0.06, 82.12, 
14212, 4.12, 0.06, 82.12, 
14213, 4.11, 0.06, 82.12, 
14214, 4.11, 0.06, 82.12, 
14215, 4.12, 0.06, 82.12, 
14216, 4.12, 0.06, 82.13, 
14217, 4.12, 0.06, 82.13, 
14218, 4.12, 0.06, 82.13, 
14219, 4.12, 0.06, 82.13, 
14220, 4.12, 0.06, 82.13, 
14221, 4.11, 0.06, 82.14, 
14222, 4.11, 0.06, 82.14, 
14223, 4.11, 0.06, 82.14, 
14224, 4.11, 0.06, 82.14, 
14225, 4.11, 0.06, 82.14, 
14226, 4.12, 0.06, 82.15, 
14227, 4.11, 0.06, 82.15, 
14228, 4.11, 0.06, 82.15, 
14229, 4.12, 0.06, 82.15, 
14230, 4.12, 0.06, 82.15, 
14231, 4.12, 0.06, 82.16, 
14232, 4.12, 0.06, 82.16, 
14233, 4.12, 0.06, 82.16, 
14234, 4.11, 0.06, 82.16, 
14235, 4.11, 0.06, 82.16, 
14236, 4.11, 0.06, 82.17, 
14237, 4.12, 0.06, 82.17, 
14238, 4.12, 0.06, 82.17, 
14239, 4.12, 0.06, 82.17, 
14240, 4.11, 0.06, 82.17, 
14241, 4.11, 0.06, 82.17, 
14242, 4.11, 0.06, 82.18, 
14243, 4.12, 0.06, 82.18, 
14244, 4.12, 0.06, 82.18, 
14245, 4.12, 0.06, 82.18, 
14246, 4.12, 0.06, 82.18, 
14247, 4.12, 0.06, 82.19, 
14248, 4.11, 0.06, 82.19, 
14249, 4.12, 0.06, 82.19, 
14250, 4.12, 0.06, 82.19, 
14251, 4.12, 0.06, 82.19, 
14252, 4.12, 0.06, 82.20, 
14253, 4.11, 0.06, 82.20, 
14254, 4.11, 0.06, 82.20, 
14255, 4.11, 0.06, 82.20, 
14256, 4.12, 0.06, 82.20, 
14257, 4.11, 0.06, 82.21, 
14258, 4.11, 0.06, 82.21, 
14259, 4.11, 0.06, 82.21, 
14260, 4.11, 0.06, 82.21, 
14261, 4.12, 0.06, 82.21, 
14262, 4.11, 0.06, 82.22, 
14263, 4.11, 0.06, 82.22, 
14264, 4.12, 0.06, 82.22, 
14265, 4.12, 0.06, 82.22, 
14266, 4.11, 0.06, 82.22, 
14267, 4.12, 0.06, 82.23, 
14268, 4.11, 0.06, 82.23, 
14269, 4.11, 0.06, 82.23, 
14270, 4.12, 0.06, 82.23, 
14271, 4.11, 0.06, 82.23, 
14272, 4.12, 0.06, 82.24, 
14273, 4.11, 0.06, 82.24, 
14274, 4.12, 0.05, 82.24, 
14275, 4.11, 0.06, 82.24, 
14276, 4.12, 0.06, 82.24, 
14277, 4.11, 0.06, 82.24, 
14278, 4.12, 0.06, 82.25, 
14279, 4.11, 0.06, 82.25, 
14280, 4.12, 0.06, 82.25, 
14281, 4.12, 0.06, 82.25, 
14282, 4.11, 0.05, 82.25, 
14283, 4.12, 0.06, 82.26, 
14284, 4.11, 0.06, 82.26, 
14285, 4.12, 0.05, 82.26, 
14286, 4.11, 0.06, 82.26, 
14287, 4.12, 0.06, 82.26, 
14288, 4.11, 0.06, 82.27, 
14289, 4.12, 0.06, 82.27, 
14290, 4.11, 0.06, 82.27, 
14291, 4.11, 0.06, 82.27, 
14292, 4.11, 0.05, 82.27, 
14293, 4.12, 0.05, 82.28, 
14294, 4.12, 0.06, 82.28, 
14295, 4.11, 0.06, 82.28, 
14296, 4.12, 0.06, 82.28, 
14297, 4.12, 0.06, 82.28, 
14298, 4.12, 0.06, 82.29, 
14299, 4.12, 0.06, 82.29, 
14300, 4.12, 0.06, 82.29, 
14301, 4.12, 0.05, 82.29, 
14302, 4.11, 0.05, 82.29, 
14303, 4.12, 0.06, 82.30, 
14304, 4.11, 0.06, 82.30, 
14305, 4.11, 0.06, 82.30, 
14306, 4.11, 0.05, 82.30, 
14307, 4.12, 0.05, 82.30, 
14308, 4.11, 0.06, 82.30, 
14309, 4.12, 0.06, 82.31, 
14310, 4.12, 0.06, 82.31, 
14311, 4.11, 0.05, 82.31, 
14312, 4.11, 0.06, 82.31, 
14313, 4.12, 0.06, 82.31, 
14314, 4.11, 0.06, 82.32, 
14315, 4.11, 0.05, 82.32, 
14316, 4.11, 0.05, 82.32, 
14317, 4.12, 0.05, 82.32, 
14318, 4.12, 0.06, 82.32, 
14319, 4.11, 0.06, 82.33, 
14320, 4.12, 0.06, 82.33, 
14321, 4.11, 0.06, 82.33, 
14322, 4.12, 0.06, 82.33, 
14323, 4.11, 0.06, 82.33, 
14324, 4.12, 0.06, 82.34, 
14325, 4.12, 0.06, 82.34, 
14326, 4.12, 0.05, 82.34, 
14327, 4.12, 0.06, 82.34, 
14328, 4.12, 0.06, 82.34, 
14329, 4.12, 0.06, 82.34, 
14330, 4.12, 0.05, 82.35, 
14331, 4.11, 0.06, 82.35, 
14332, 4.12, 0.05, 82.35, 
14333, 4.12, 0.06, 82.35, 
14334, 4.11, 0.06, 82.35, 
14335, 4.11, 0.05, 82.36, 
14336, 4.12, 0.05, 82.36, 
14337, 4.12, 0.06, 82.36, 
14338, 4.12, 0.06, 82.36, 
14339, 4.12, 0.05, 82.36, 
14340, 4.12, 0.05, 82.37, 
14341, 4.12, 0.05, 82.37, 
14342, 4.12, 0.05, 82.37, 
14343, 4.12, 0.05, 82.37, 
14344, 4.12, 0.05, 82.37, 
14345, 4.11, 0.05, 82.38, 
14346, 4.12, 0.05, 82.38, 
14347, 4.11, 0.06, 82.38, 
14348, 4.11, 0.05, 82.38, 
14349, 4.12, 0.05, 82.38, 
14350, 4.12, 0.06, 82.38, 
14351, 4.12, 0.05, 82.39, 
14352, 4.11, 0.05, 82.39, 
14353, 4.12, 0.05, 82.39, 
14354, 4.12, 0.05, 82.39, 
14355, 4.11, 0.05, 82.39, 
14356, 4.12, 0.05, 82.40, 
14357, 4.12, 0.05, 82.40, 
14358, 4.12, 0.06, 82.40, 
14359, 4.11, 0.05, 82.40, 
14360, 4.11, 0.05, 82.40, 
14361, 4.11, 0.05, 82.41, 
14362, 4.11, 0.05, 82.41, 
14363, 4.12, 0.05, 82.41, 
14364, 4.11, 0.05, 82.41, 
14365, 4.12, 0.05, 82.41, 
14366, 4.11, 0.05, 82.42, 
14367, 4.11, 0.05, 82.42, 
14368, 4.12, 0.05, 82.42, 
14369, 4.12, 0.05, 82.42, 
14370, 4.12, 0.05, 82.42, 
14371, 4.12, 0.05, 82.42, 
14372, 4.12, 0.05, 82.43, 
14373, 4.12, 0.05, 82.43, 
14374, 4.11, 0.05, 82.43, 
14375, 4.12, 0.05, 82.43, 
14376, 4.12, 0.05, 82.43, 
14377, 4.12, 0.05, 82.44, 
14378, 4.12, 0.05, 82.44, 
14379, 4.11, 0.05, 82.44, 
14380, 4.12, 0.05, 82.44, 
14381, 4.11, 0.05, 82.44, 
14382, 4.12, 0.05, 82.45, 
14383, 4.12, 0.05, 82.45, 
14384, 4.12, 0.05, 82.45, 
14385, 4.12, 0.05, 82.45, 
14386, 4.12, 0.05, 82.45, 
14387, 4.12, 0.05, 82.45, 
14388, 4.11, 0.05, 82.46, 
14389, 4.12, 0.05, 82.46, 
14390, 4.12, 0.05, 82.46, 
14391, 4.11, 0.05, 82.46, 
14392, 4.12, 0.05, 82.46, 
14393, 4.12, 0.05, 82.47, 
14394, 4.11, 0.05, 82.47, 
14395, 4.12, 0.05, 82.47, 
14396, 4.12, 0.05, 82.47, 
14397, 4.12, 0.05, 82.47, 
14398, 4.12, 0.05, 82.48, 
14399, 4.11, 0.05, 82.48, 
14400, 4.12, 0.05, 82.48, 
14401, 4.12, 0.05, 82.48, 
14402, 4.12, 0.05, 82.48, 
14403, 4.12, 0.05, 82.48, 
14404, 4.12, 0.05, 82.49, 
14405, 4.12, 0.05, 82.49, 
14406, 4.12, 0.05, 82.49, 
14407, 4.11, 0.05, 82.49, 
14408, 4.12, 0.05, 82.49, 
14409, 4.11, 0.05, 82.50, 
14410, 4.12, 0.05, 82.50, 
14411, 4.12, 0.05, 82.50, 
14412, 4.11, 0.05, 82.50, 
14413, 4.11, 0.05, 82.50, 
14414, 4.12, 0.05, 82.51, 
14415, 4.12, 0.05, 82.51, 
14416, 4.12, 0.05, 82.51, 
14417, 4.12, 0.05, 82.51, 
14418, 4.12, 0.05, 82.51, 
14419, 4.12, 0.05, 82.51, 
14420, 4.11, 0.05, 82.52, 
14421, 4.11, 0.05, 82.52, 
14422, 4.12, 0.05, 82.52, 
14423, 4.11, 0.05, 82.52, 
14424, 4.12, 0.05, 82.52, 
14425, 4.12, 0.05, 82.53, 
14426, 4.12, 0.05, 82.53, 
14427, 4.12, 0.05, 82.53, 
14428, 4.12, 0.05, 82.53, 
14429, 4.12, 0.05, 82.53, 
14430, 4.12, 0.05, 82.54, 
14431, 4.12, 0.05, 82.54, 
14432, 4.12, 0.05, 82.54, 
14433, 4.12, 0.05, 82.54, 
14434, 4.13, 0.05, 82.54, 
14435, 4.12, 0.05, 82.54, 
14436, 4.12, 0.05, 82.55, 
14437, 4.12, 0.05, 82.55, 
14438, 4.12, 0.05, 82.55, 
14439, 4.11, 0.05, 82.55, 
14440, 4.12, 0.05, 82.55, 
14441, 4.12, 0.05, 82.56, 
14442, 4.12, 0.05, 82.56, 
14443, 4.12, 0.05, 82.56, 
14444, 4.11, 0.05, 82.56, 
14445, 4.12, 0.05, 82.56, 
14446, 4.11, 0.05, 82.57, 
14447, 4.12, 0.05, 82.57, 
14448, 4.11, 0.05, 82.57, 
14449, 4.12, 0.05, 82.57, 
14450, 4.12, 0.05, 82.57, 
14451, 4.12, 0.05, 82.57, 
14452, 4.12, 0.05, 82.58, 
14453, 4.12, 0.05, 82.58, 
14454, 4.12, 0.05, 82.58, 
14455, 4.12, 0.05, 82.58, 
14456, 4.12, 0.05, 82.58, 
14457, 4.12, 0.05, 82.59, 
14458, 4.12, 0.05, 82.59, 
14459, 4.12, 0.05, 82.59, 
14460, 4.12, 0.05, 82.59, 
14461, 4.12, 0.05, 82.59, 
14462, 4.12, 0.05, 82.59, 
14463, 4.12, 0.05, 82.60, 
14464, 4.12, 0.05, 82.60, 
14465, 4.11, 0.05, 82.60, 
14466, 4.11, 0.05, 82.60, 
14467, 4.12, 0.05, 82.60, 
14468, 4.11, 0.05, 82.61, 
14469, 4.12, 0.05, 82.61, 
14470, 4.12, 0.05, 82.61, 
14471, 4.11, 0.05, 82.61, 
14472, 4.12, 0.05, 82.61, 
14473, 4.12, 0.05, 82.62, 
14474, 4.12, 0.05, 82.62, 
14475, 4.12, 0.05, 82.62, 
14476, 4.12, 0.05, 82.62, 
14477, 4.12, 0.05, 82.62, 
14478, 4.12, 0.05, 82.62, 
14479, 4.12, 0.05, 82.63, 
14480, 4.11, 0.05, 82.63, 
14481, 4.12, 0.05, 82.63, 
14482, 4.12, 0.05, 82.63, 
14483, 4.12, 0.05, 82.63, 
14484, 4.12, 0.05, 82.64, 
14485, 4.12, 0.05, 82.64, 
14486, 4.12, 0.05, 82.64, 
14487, 4.12, 0.05, 82.64, 
14488, 4.12, 0.05, 82.64, 
14489, 4.12, 0.05, 82.64, 
14490, 4.12, 0.05, 82.65, 
14491, 4.11, 0.05, 82.65, 
14492, 4.12, 0.05, 82.65, 
14493, 4.12, 0.05, 82.65, 
14494, 4.12, 0.05, 82.65, 
14495, 4.12, 0.05, 82.66, 
14496, 4.12, 0.05, 82.66, 
14497, 4.12, 0.05, 82.66, 
14498, 4.12, 0.05, 82.66, 
14499, 4.12, 0.05, 82.66, 
14500, 4.12, 0.05, 82.66, 
14501, 4.12, 0.05, 82.67, 
14502, 4.12, 0.05, 82.67, 
14503, 4.12, 0.05, 82.67, 
14504, 4.12, 0.05, 82.67, 
14505, 4.12, 0.05, 82.67, 
14506, 4.12, 0.05, 82.68, 
14507, 4.12, 0.05, 82.68, 
14508, 4.12, 0.05, 82.68, 
14509, 4.12, 0.05, 82.68, 
14510, 4.12, 0.05, 82.68, 
14511, 4.12, 0.05, 82.68, 
14512, 4.12, 0.05, 82.69, 
14513, 4.12, 0.05, 82.69, 
14514, 4.12, 0.05, 82.69, 
14515, 4.12, 0.05, 82.69, 
14516, 4.12, 0.05, 82.69, 
14517, 4.12, 0.05, 82.70, 
14518, 4.13, 0.05, 82.70, 
14519, 4.12, 0.05, 82.70, 
14520, 4.11, 0.05, 82.70, 
14521, 4.12, 0.05, 82.70, 
14522, 4.12, 0.05, 82.70, 
14523, 4.12, 0.05, 82.71, 
14524, 4.12, 0.05, 82.71, 
14525, 4.12, 0.05, 82.71, 
14526, 4.12, 0.05, 82.71, 
14527, 4.12, 0.05, 82.71, 
14528, 4.12, 0.05, 82.72, 
14529, 4.12, 0.05, 82.72, 
14530, 4.12, 0.05, 82.72, 
14531, 4.12, 0.05, 82.72, 
14532, 4.12, 0.05, 82.72, 
14533, 4.13, 0.05, 82.72, 
14534, 4.12, 0.05, 82.73, 
14535, 4.12, 0.05, 82.73, 
14536, 4.12, 0.05, 82.73, 
14537, 4.12, 0.05, 82.73, 
14538, 4.12, 0.05, 82.73, 
14539, 4.12, 0.05, 82.74, 
14540, 4.12, 0.05, 82.74, 
14541, 4.12, 0.05, 82.74, 
14542, 4.12, 0.05, 82.74, 
14543, 4.12, 0.05, 82.74, 
14544, 4.12, 0.05, 82.74, 
14545, 4.12, 0.05, 82.75, 
14546, 4.13, 0.05, 82.75, 
14547, 4.12, 0.05, 82.75, 
14548, 4.12, 0.05, 82.75, 
14549, 4.12, 0.05, 82.75, 
14550, 4.12, 0.05, 82.76, 
14551, 4.12, 0.05, 82.76, 
14552, 4.13, 0.05, 82.76, 
14553, 4.12, 0.05, 82.76, 
14554, 4.12, 0.05, 82.76, 
14555, 4.12, 0.05, 82.76, 
14556, 4.12, 0.05, 82.77, 
14557, 4.12, 0.05, 82.77, 
14558, 4.11, 0.05, 82.77, 
14559, 4.12, 0.05, 82.77, 
14560, 4.12, 0.05, 82.77, 
14561, 4.11, 0.05, 82.78, 
14562, 4.12, 0.05, 82.78, 
14563, 4.12, 0.05, 82.78, 
14564, 4.12, 0.05, 82.78, 
14565, 4.12, 0.05, 82.78, 
14566, 4.12, 0.05, 82.78, 
14567, 4.12, 0.05, 82.79, 
14568, 4.12, 0.05, 82.79, 
14569, 4.12, 0.05, 82.79, 
14570, 4.12, 0.05, 82.79, 
14571, 4.12, 0.05, 82.79, 
14572, 4.12, 0.05, 82.79, 
14573, 4.12, 0.05, 82.80, 
14574, 4.12, 0.05, 82.80, 
14575, 4.12, 0.05, 82.80, 
14576, 4.12, 0.05, 82.80, 
14577, 4.13, 0.05, 82.80, 
14578, 4.12, 0.05, 82.81, 
14579, 4.12, 0.05, 82.81, 
14580, 4.12, 0.05, 82.81, 
14581, 4.12, 0.05, 82.81, 
14582, 4.12, 0.05, 82.81, 
14583, 4.12, 0.05, 82.81, 
14584, 4.12, 0.05, 82.82, 
14585, 4.12, 0.05, 82.82, 
14586, 4.12, 0.05, 82.82, 
14587, 4.13, 0.05, 82.82, 
14588, 4.12, 0.05, 82.82, 
14589, 4.12, 0.05, 82.83, 
14590, 4.12, 0.05, 82.83, 
14591, 4.13, 0.05, 82.83, 
14592, 4.12, 0.05, 82.83, 
14593, 4.12, 0.05, 82.83, 
14594, 4.12, 0.05, 82.83, 
14595, 4.13, 0.05, 82.84, 
14596, 4.12, 0.05, 82.84, 
14597, 4.12, 0.05, 82.84, 
14598, 4.12, 0.05, 82.84, 
14599, 4.13, 0.05, 82.84, 
14600, 4.13, 0.05, 82.84, 
14601, 4.12, 0.05, 82.85, 
14602, 4.12, 0.05, 82.85, 
14603, 4.12, 0.05, 82.85, 
14604, 4.13, 0.05, 82.85, 
14605, 4.13, 0.05, 82.85, 
14606, 4.12, 0.05, 82.86, 
14607, 4.12, 0.05, 82.86, 
14608, 4.12, 0.05, 82.86, 
14609, 4.13, 0.05, 82.86, 
14610, 4.12, 0.05, 82.86, 
14611, 4.12, 0.05, 82.86, 
14612, 4.13, 0.05, 82.87, 
14613, 4.12, 0.05, 82.87, 
14614, 4.11, 0.05, 82.87, 
14615, 4.12, 0.05, 82.87, 
14616, 4.12, 0.05, 82.87, 
14617, 4.12, 0.05, 82.87, 
14618, 4.12, 0.05, 82.88, 
14619, 4.12, 0.05, 82.88, 
14620, 4.13, 0.05, 82.88, 
14621, 4.12, 0.05, 82.88, 
14622, 4.13, 0.05, 82.88, 
14623, 4.13, 0.05, 82.89, 
14624, 4.12, 0.05, 82.89, 
14625, 4.12, 0.05, 82.89, 
14626, 4.13, 0.05, 82.89, 
14627, 4.12, 0.05, 82.89, 
14628, 4.12, 0.05, 82.89, 
14629, 4.12, 0.05, 82.90, 
14630, 4.12, 0.05, 82.90, 
14631, 4.12, 0.05, 82.90, 
14632, 4.13, 0.05, 82.90, 
14633, 4.12, 0.05, 82.90, 
14634, 4.12, 0.05, 82.90, 
14635, 4.12, 0.05, 82.91, 
14636, 4.13, 0.05, 82.91, 
14637, 4.12, 0.05, 82.91, 
14638, 4.13, 0.05, 82.91, 
14639, 4.12, 0.05, 82.91, 
14640, 4.12, 0.05, 82.92, 
14641, 4.12, 0.05, 82.92, 
14642, 4.12, 0.05, 82.92, 
14643, 4.12, 0.05, 82.92, 
14644, 4.12, 0.05, 82.92, 
14645, 4.12, 0.05, 82.92, 
14646, 4.12, 0.05, 82.93, 
14647, 4.12, 0.05, 82.93, 
14648, 4.12, 0.05, 82.93, 
14649, 4.13, 0.05, 82.93, 
14650, 4.12, 0.05, 82.93, 
14651, 4.13, 0.05, 82.93, 
14652, 4.12, 0.05, 82.94, 
14653, 4.12, 0.05, 82.94, 
14654, 4.13, 0.05, 82.94, 
14655, 4.12, 0.05, 82.94, 
14656, 4.12, 0.05, 82.94, 
14657, 4.12, 0.05, 82.95, 
14658, 4.13, 0.05, 82.95, 
14659, 4.12, 0.05, 82.95, 
14660, 4.12, 0.05, 82.95, 
14661, 4.12, 0.05, 82.95, 
14662, 4.13, 0.05, 82.95, 
14663, 4.12, 0.05, 82.96, 
14664, 4.13, 0.05, 82.96, 
14665, 4.13, 0.05, 82.96, 
14666, 4.12, 0.05, 82.96, 
14667, 4.13, 0.05, 82.96, 
14668, 4.12, 0.05, 82.96, 
14669, 4.12, 0.05, 82.97, 
14670, 4.13, 0.05, 82.97, 
14671, 4.12, 0.05, 82.97, 
14672, 4.12, 0.05, 82.97, 
14673, 4.12, 0.05, 82.97, 
14674, 4.12, 0.05, 82.98, 
14675, 4.13, 0.05, 82.98, 
14676, 4.12, 0.05, 82.98, 
14677, 4.13, 0.05, 82.98, 
14678, 4.13, 0.05, 82.98, 
14679, 4.13, 0.05, 82.98, 
14680, 4.13, 0.05, 82.99, 
14681, 4.13, 0.05, 82.99, 
14682, 4.12, 0.05, 82.99, 
14683, 4.12, 0.05, 82.99, 
14684, 4.12, 0.05, 82.99, 
14685, 4.12, 0.05, 82.99, 
14686, 4.12, 0.05, 83.00, 
14687, 4.12, 0.05, 83.00, 
14688, 4.13, 0.05, 83.00, 
14689, 4.12, 0.05, 83.00, 
14690, 4.13, 0.05, 83.00, 
14691, 4.13, 0.05, 83.00, 
14692, 4.13, 0.05, 83.01, 
14693, 4.12, 0.05, 83.01, 
14694, 4.12, 0.05, 83.01, 
14695, 4.13, 0.05, 83.01, 
14696, 4.12, 0.05, 83.01, 
14697, 4.13, 0.05, 83.02, 
14698, 4.12, 0.05, 83.02, 
14699, 4.12, 0.05, 83.02, 
14700, 4.13, 0.05, 83.02, 
14701, 4.13, 0.05, 83.02, 
14702, 4.12, 0.05, 83.02, 
14703, 4.13, 0.05, 83.03, 
14704, 4.13, 0.05, 83.03, 
14705, 4.13, 0.05, 83.03, 
14706, 4.12, 0.05, 83.03, 
14707, 4.12, 0.05, 83.03, 
14708, 4.12, 0.05, 83.03, 
14709, 4.13, 0.05, 83.04, 
14710, 4.12, 0.05, 83.04, 
14711, 4.13, 0.05, 83.04, 
14712, 4.13, 0.05, 83.04, 
14713, 4.12, 0.05, 83.04, 
14714, 4.13, 0.05, 83.04, 
14715, 4.13, 0.05, 83.05, 
14716, 4.12, 0.05, 83.05, 
14717, 4.13, 0.05, 83.05, 
14718, 4.13, 0.05, 83.05, 
14719, 4.13, 0.05, 83.05, 
14720, 4.12, 0.05, 83.06, 
14721, 4.13, 0.05, 83.06, 
14722, 4.12, 0.05, 83.06, 
14723, 4.12, 0.05, 83.06, 
14724, 4.12, 0.05, 83.06, 
14725, 4.12, 0.05, 83.06, 
14726, 4.13, 0.05, 83.07, 
14727, 4.12, 0.05, 83.07, 
14728, 4.12, 0.05, 83.07, 
14729, 4.12, 0.05, 83.07, 
14730, 4.13, 0.05, 83.07, 
14731, 4.12, 0.05, 83.07, 
14732, 4.12, 0.05, 83.08, 
14733, 4.13, 0.05, 83.08, 
14734, 4.12, 0.05, 83.08, 
14735, 4.12, 0.05, 83.08, 
14736, 4.13, 0.05, 83.08, 
14737, 4.13, 0.05, 83.08, 
14738, 4.12, 0.05, 83.09, 
14739, 4.13, 0.05, 83.09, 
14740, 4.13, 0.05, 83.09, 
14741, 4.13, 0.05, 83.09, 
14742, 4.12, 0.05, 83.09, 
14743, 4.12, 0.05, 83.09, 
14744, 4.13, 0.05, 83.10, 
14745, 4.12, 0.05, 83.10, 
14746, 4.13, 0.05, 83.10, 
14747, 4.12, 0.05, 83.10, 
14748, 4.12, 0.05, 83.10, 
14749, 4.13, 0.05, 83.10, 
14750, 4.13, 0.05, 83.11, 
14751, 4.12, 0.05, 83.11, 
14752, 4.12, 0.05, 83.11, 
14753, 4.13, 0.05, 83.11, 
14754, 4.13, 0.05, 83.11, 
14755, 4.12, 0.05, 83.11, 
14756, 4.13, 0.05, 83.12, 
14757, 4.13, 0.05, 83.12, 
14758, 4.12, 0.05, 83.12, 
14759, 4.12, 0.05, 83.12, 
14760, 4.12, 0.05, 83.12, 
14761, 4.12, 0.05, 83.13, 
14762, 4.12, 0.05, 83.13, 
14763, 4.12, 0.05, 83.13, 
14764, 4.12, 0.05, 83.13, 
14765, 4.12, 0.05, 83.13, 
14766, 4.13, 0.05, 83.13, 
14767, 4.13, 0.05, 83.14, 
14768, 4.13, 0.05, 83.14, 
14769, 4.13, 0.05, 83.14, 
14770, 4.13, 0.05, 83.14, 
14771, 4.12, 0.05, 83.14, 
14772, 4.12, 0.05, 83.14, 
14773, 4.12, 0.05, 83.15, 
14774, 4.12, 0.05, 83.15, 
14775, 4.12, 0.05, 83.15, 
14776, 4.13, 0.05, 83.15, 
14777, 4.13, 0.05, 83.15, 
14778, 4.12, 0.05, 83.15, 
14779, 4.12, 0.05, 83.16, 
14780, 4.13, 0.05, 83.16, 
14781, 4.13, 0.05, 83.16, 
14782, 4.12, 0.05, 83.16, 
14783, 4.13, 0.05, 83.16, 
14784, 4.13, 0.05, 83.16, 
14785, 4.13, 0.05, 83.17, 
14786, 4.12, 0.05, 83.17, 
14787, 4.13, 0.05, 83.17, 
14788, 4.13, 0.05, 83.17, 
14789, 4.12, 0.05, 83.17, 
14790, 4.13, 0.05, 83.17, 
14791, 4.12, 0.05, 83.18, 
14792, 4.13, 0.05, 83.18, 
14793, 4.13, 0.05, 83.18, 
14794, 4.13, 0.05, 83.18, 
14795, 4.13, 0.05, 83.18, 
14796, 4.13, 0.05, 83.18, 
14797, 4.12, 0.05, 83.19, 
14798, 4.13, 0.05, 83.19, 
14799, 4.13, 0.05, 83.19, 
14800, 4.12, 0.05, 83.19, 
14801, 4.13, 0.05, 83.19, 
14802, 4.13, 0.05, 83.20, 
14803, 4.12, 0.05, 83.20, 
14804, 4.12, 0.05, 83.20, 
14805, 4.12, 0.05, 83.20, 
14806, 4.12, 0.05, 83.20, 
14807, 4.13, 0.05, 83.20, 
14808, 4.12, 0.05, 83.21, 
14809, 4.13, 0.05, 83.21, 
14810, 4.12, 0.05, 83.21, 
14811, 4.13, 0.05, 83.21, 
14812, 4.13, 0.05, 83.21, 
14813, 4.12, 0.05, 83.21, 
14814, 4.12, 0.05, 83.22, 
14815, 4.13, 0.05, 83.22, 
14816, 4.13, 0.05, 83.22, 
14817, 4.13, 0.05, 83.22, 
14818, 4.13, 0.05, 83.22, 
14819, 4.13, 0.05, 83.22, 
14820, 4.12, 0.05, 83.23, 
14821, 4.12, 0.05, 83.23, 
14822, 4.12, 0.05, 83.23, 
14823, 4.12, 0.05, 83.23, 
14824, 4.12, 0.05, 83.23, 
14825, 4.13, 0.05, 83.23, 
14826, 4.13, 0.05, 83.24, 
14827, 4.13, 0.05, 83.24, 
14828, 4.13, 0.05, 83.24, 
14829, 4.13, 0.05, 83.24, 
14830, 4.12, 0.05, 83.24, 
14831, 4.12, 0.05, 83.24, 
14832, 4.13, 0.05, 83.25, 
14833, 4.13, 0.05, 83.25, 
14834, 4.13, 0.05, 83.25, 
14835, 4.12, 0.05, 83.25, 
14836, 4.12, 0.05, 83.25, 
14837, 4.13, 0.05, 83.25, 
14838, 4.12, 0.05, 83.26, 
14839, 4.13, 0.05, 83.26, 
14840, 4.12, 0.05, 83.26, 
14841, 4.12, 0.05, 83.26, 
14842, 4.13, 0.05, 83.26, 
14843, 4.12, 0.05, 83.26, 
14844, 4.13, 0.05, 83.27, 
14845, 4.12, 0.05, 83.27, 
14846, 4.13, 0.05, 83.27, 
14847, 4.12, 0.05, 83.27, 
14848, 4.13, 0.05, 83.27, 
14849, 4.13, 0.05, 83.27, 
14850, 4.13, 0.05, 83.28, 
14851, 4.13, 0.05, 83.28, 
14852, 4.13, 0.05, 83.28, 
14853, 4.13, 0.05, 83.28, 
14854, 4.13, 0.05, 83.28, 
14855, 4.13, 0.05, 83.28, 
14856, 4.12, 0.05, 83.29, 
14857, 4.12, 0.05, 83.29, 
14858, 4.13, 0.05, 83.29, 
14859, 4.12, 0.05, 83.29, 
14860, 4.13, 0.05, 83.29, 
14861, 4.12, 0.05, 83.29, 
14862, 4.13, 0.05, 83.30, 
14863, 4.13, 0.05, 83.30, 
14864, 4.13, 0.05, 83.30, 
14865, 4.12, 0.05, 83.30, 
14866, 4.13, 0.05, 83.30, 
14867, 4.13, 0.05, 83.30, 
14868, 4.13, 0.05, 83.31, 
14869, 4.12, 0.05, 83.31, 
14870, 4.13, 0.05, 83.31, 
14871, 4.13, 0.05, 83.31, 
14872, 4.13, 0.05, 83.31, 
14873, 4.12, 0.05, 83.31, 
14874, 4.12, 0.05, 83.32, 
14875, 4.12, 0.05, 83.32, 
14876, 4.12, 0.05, 83.32, 
14877, 4.12, 0.05, 83.32, 
14878, 4.12, 0.05, 83.32, 
14879, 4.13, 0.05, 83.32, 
14880, 4.12, 0.05, 83.33, 
14881, 4.13, 0.05, 83.33, 
14882, 4.13, 0.05, 83.33, 
14883, 4.12, 0.05, 83.33, 
14884, 4.13, 0.05, 83.33, 
14885, 4.13, 0.05, 83.33, 
14886, 4.13, 0.05, 83.34, 
14887, 4.13, 0.05, 83.34, 
14888, 4.13, 0.05, 83.34, 
14889, 4.12, 0.05, 83.34, 
14890, 4.12, 0.05, 83.34, 
14891, 4.12, 0.05, 83.34, 
14892, 4.13, 0.05, 83.35, 
14893, 4.13, 0.05, 83.35, 
14894, 4.13, 0.05, 83.35, 
14895, 4.12, 0.05, 83.35, 
14896, 4.13, 0.05, 83.35, 
14897, 4.13, 0.05, 83.35, 
14898, 4.13, 0.05, 83.36, 
14899, 4.13, 0.05, 83.36, 
14900, 4.13, 0.05, 83.36, 
14901, 4.13, 0.05, 83.36, 
14902, 4.13, 0.05, 83.36, 
14903, 4.13, 0.05, 83.36, 
14904, 4.13, 0.05, 83.37, 
14905, 4.13, 0.05, 83.37, 
14906, 4.12, 0.05, 83.37, 
14907, 4.13, 0.05, 83.37, 
14908, 4.13, 0.05, 83.37, 
14909, 4.12, 0.05, 83.37, 
14910, 4.13, 0.05, 83.38, 
14911, 4.13, 0.05, 83.38, 
14912, 4.12, 0.05, 83.38, 
14913, 4.13, 0.05, 83.38, 
14914, 4.13, 0.05, 83.38, 
14915, 4.13, 0.05, 83.38, 
14916, 4.13, 0.05, 83.39, 
14917, 4.13, 0.05, 83.39, 
14918, 4.13, 0.05, 83.39, 
14919, 4.13, 0.05, 83.39, 
14920, 4.13, 0.05, 83.39, 
14921, 4.13, 0.05, 83.39, 
14922, 4.12, 0.05, 83.40, 
14923, 4.13, 0.05, 83.40, 
14924, 4.12, 0.05, 83.40, 
14925, 4.13, 0.05, 83.40, 
14926, 4.13, 0.05, 83.40, 
14927, 4.13, 0.05, 83.40, 
14928, 4.13, 0.05, 83.41, 
14929, 4.13, 0.05, 83.41, 
14930, 4.12, 0.05, 83.41, 
14931, 4.13, 0.05, 83.41, 
14932, 4.13, 0.05, 83.41, 
14933, 4.12, 0.05, 83.41, 
14934, 4.13, 0.05, 83.42, 
14935, 4.13, 0.05, 83.42, 
14936, 4.13, 0.05, 83.42, 
14937, 4.13, 0.05, 83.42, 
14938, 4.13, 0.05, 83.42, 
14939, 4.13, 0.05, 83.42, 
14940, 4.12, 0.05, 83.43, 
14941, 4.14, 0.05, 83.43, 
14942, 4.13, 0.05, 83.43, 
14943, 4.12, 0.05, 83.43, 
14944, 4.12, 0.05, 83.43, 
14945, 4.13, 0.05, 83.43, 
14946, 4.13, 0.05, 83.44, 
14947, 4.13, 0.05, 83.44, 
14948, 4.13, 0.05, 83.44, 
14949, 4.13, 0.05, 83.44, 
14950, 4.13, 0.05, 83.44, 
14951, 4.13, 0.05, 83.44, 
14952, 4.12, 0.05, 83.45, 
14953, 4.13, 0.05, 83.45, 
14954, 4.13, 0.05, 83.45, 
14955, 4.13, 0.05, 83.45, 
14956, 4.13, 0.05, 83.45, 
14957, 4.13, 0.05, 83.45, 
14958, 4.12, 0.05, 83.46, 
14959, 4.13, 0.05, 83.46, 
14960, 4.13, 0.05, 83.46, 
14961, 4.13, 0.05, 83.46, 
14962, 4.13, 0.05, 83.46, 
14963, 4.12, 0.05, 83.46, 
14964, 4.12, 0.05, 83.47, 
14965, 4.13, 0.05, 83.47, 
14966, 4.13, 0.05, 83.47, 
14967, 4.13, 0.05, 83.47, 
14968, 4.13, 0.05, 83.47, 
14969, 4.13, 0.05, 83.47, 
14970, 4.13, 0.05, 83.48, 
14971, 4.13, 0.05, 83.48, 
14972, 4.12, 0.05, 83.48, 
14973, 4.13, 0.05, 83.48, 
14974, 4.12, 0.05, 83.48, 
14975, 4.13, 0.05, 83.48, 
14976, 4.13, 0.05, 83.48, 
14977, 4.14, 0.05, 83.49, 
14978, 4.13, 0.05, 83.49, 
14979, 4.13, 0.05, 83.49, 
14980, 4.13, 0.05, 83.49, 
14981, 4.13, 0.05, 83.49, 
14982, 4.13, 0.05, 83.49, 
14983, 4.13, 0.05, 83.50, 
14984, 4.13, 0.05, 83.50, 
14985, 4.13, 0.05, 83.50, 
14986, 4.13, 0.05, 83.50, 
14987, 4.13, 0.05, 83.50, 
14988, 4.13, 0.05, 83.50, 
14989, 4.13, 0.05, 83.51, 
14990, 4.13, 0.05, 83.51, 
14991, 4.13, 0.05, 83.51, 
14992, 4.13, 0.05, 83.51, 
14993, 4.13, 0.05, 83.51, 
14994, 4.13, 0.05, 83.51, 
14995, 4.13, 0.05, 83.52, 
14996, 4.13, 0.05, 83.52, 
14997, 4.13, 0.05, 83.52, 
14998, 4.12, 0.05, 83.52, 
14999, 4.13, 0.05, 83.52, 
15000, 4.13, 0.05, 83.52, 
15001, 4.13, 0.05, 83.53, 
15002, 4.13, 0.05, 83.53, 
15003, 4.13, 0.05, 83.53, 
15004, 4.13, 0.05, 83.53, 
15005, 4.13, 0.05, 83.53, 
15006, 4.13, 0.05, 83.53, 
15007, 4.13, 0.05, 83.53, 
15008, 4.13, 0.05, 83.54, 
15009, 4.13, 0.05, 83.54, 
15010, 4.13, 0.05, 83.54, 
15011, 4.12, 0.05, 83.54, 
15012, 4.13, 0.05, 83.54, 
15013, 4.13, 0.05, 83.54, 
15014, 4.13, 0.05, 83.55, 
15015, 4.13, 0.05, 83.55, 
15016, 4.13, 0.05, 83.55, 
15017, 4.13, 0.05, 83.55, 
15018, 4.13, 0.05, 83.55, 
15019, 4.13, 0.05, 83.55, 
15020, 4.13, 0.05, 83.56, 
15021, 4.13, 0.05, 83.56, 
15022, 4.13, 0.05, 83.56, 
15023, 4.13, 0.05, 83.56, 
15024, 4.13, 0.05, 83.56, 
15025, 4.13, 0.05, 83.56, 
15026, 4.13, 0.05, 83.57, 
15027, 4.13, 0.05, 83.57, 
15028, 4.13, 0.05, 83.57, 
15029, 4.13, 0.05, 83.57, 
15030, 4.13, 0.05, 83.57, 
15031, 4.13, 0.05, 83.57, 
15032, 4.13, 0.05, 83.58, 
15033, 4.13, 0.05, 83.58, 
15034, 4.13, 0.05, 83.58, 
15035, 4.13, 0.05, 83.58, 
15036, 4.13, 0.05, 83.58, 
15037, 4.12, 0.05, 83.58, 
15038, 4.13, 0.05, 83.58, 
15039, 4.13, 0.05, 83.59, 
15040, 4.13, 0.05, 83.59, 
15041, 4.13, 0.05, 83.59, 
15042, 4.13, 0.05, 83.59, 
15043, 4.13, 0.05, 83.59, 
15044, 4.13, 0.05, 83.59, 
15045, 4.13, 0.05, 83.60, 
15046, 4.13, 0.05, 83.60, 
15047, 4.12, 0.05, 83.60, 
15048, 4.13, 0.05, 83.60, 
15049, 4.13, 0.05, 83.60, 
15050, 4.13, 0.05, 83.60, 
15051, 4.13, 0.05, 83.61, 
15052, 4.13, 0.05, 83.61, 
15053, 4.13, 0.05, 83.61, 
15054, 4.13, 0.05, 83.61, 
15055, 4.13, 0.05, 83.61, 
15056, 4.13, 0.05, 83.61, 
15057, 4.13, 0.05, 83.62, 
15058, 4.13, 0.05, 83.62, 
15059, 4.14, 0.05, 83.62, 
15060, 4.13, 0.05, 83.62, 
15061, 4.13, 0.05, 83.62, 
15062, 4.13, 0.05, 83.62, 
15063, 4.13, 0.05, 83.62, 
15064, 4.13, 0.05, 83.63, 
15065, 4.13, 0.05, 83.63, 
15066, 4.13, 0.05, 83.63, 
15067, 4.13, 0.05, 83.63, 
15068, 4.13, 0.05, 83.63, 
15069, 4.13, 0.05, 83.63, 
15070, 4.13, 0.05, 83.64, 
15071, 4.13, 0.05, 83.64, 
15072, 4.13, 0.05, 83.64, 
15073, 4.13, 0.05, 83.64, 
15074, 4.13, 0.05, 83.64, 
15075, 4.13, 0.05, 83.64, 
15076, 4.13, 0.05, 83.65, 
15077, 4.13, 0.05, 83.65, 
15078, 4.13, 0.05, 83.65, 
15079, 4.13, 0.05, 83.65, 
15080, 4.13, 0.05, 83.65, 
15081, 4.13, 0.05, 83.65, 
15082, 4.13, 0.05, 83.65, 
15083, 4.13, 0.05, 83.66, 
15084, 4.13, 0.05, 83.66, 
15085, 4.13, 0.05, 83.66, 
15086, 4.13, 0.05, 83.66, 
15087, 4.13, 0.05, 83.66, 
15088, 4.13, 0.05, 83.66, 
15089, 4.13, 0.05, 83.67, 
15090, 4.13, 0.05, 83.67, 
15091, 4.13, 0.05, 83.67, 
15092, 4.13, 0.05, 83.67, 
15093, 4.13, 0.05, 83.67, 
15094, 4.13, 0.05, 83.67, 
15095, 4.13, 0.05, 83.68, 
15096, 4.13, 0.05, 83.68, 
15097, 4.13, 0.04, 83.68, 
15098, 4.13, 0.05, 83.68, 
15099, 4.14, 0.04, 83.68, 
15100, 4.13, 0.04, 83.68, 
15101, 4.13, 0.05, 83.68, 
15102, 4.13, 0.05, 83.69, 
15103, 4.13, 0.05, 83.69, 
15104, 4.13, 0.04, 83.69, 
15105, 4.13, 0.04, 83.69, 
15106, 4.13, 0.05, 83.69, 
15107, 4.13, 0.04, 83.69, 
15108, 4.14, 0.05, 83.70, 
15109, 4.14, 0.04, 83.70, 
15110, 4.13, 0.05, 83.70, 
15111, 4.13, 0.05, 83.70, 
15112, 4.13, 0.05, 83.70, 
15113, 4.13, 0.05, 83.70, 
15114, 4.13, 0.05, 83.71, 
15115, 4.13, 0.04, 83.71, 
15116, 4.13, 0.05, 83.71, 
15117, 4.14, 0.04, 83.71, 
15118, 4.13, 0.05, 83.71, 
15119, 4.13, 0.05, 83.71, 
15120, 4.13, 0.04, 83.71, 
15121, 4.13, 0.05, 83.72, 
15122, 4.13, 0.05, 83.72, 
15123, 4.13, 0.04, 83.72, 
15124, 4.13, 0.05, 83.72, 
15125, 4.13, 0.05, 83.72, 
15126, 4.14, 0.05, 83.72, 
15127, 4.13, 0.04, 83.73, 
15128, 4.14, 0.04, 83.73, 
15129, 4.13, 0.04, 83.73, 
15130, 4.13, 0.05, 83.73, 
15131, 4.13, 0.04, 83.73, 
15132, 4.14, 0.04, 83.73, 
15133, 4.13, 0.04, 83.74, 
15134, 4.13, 0.05, 83.74, 
15135, 4.13, 0.05, 83.74, 
15136, 4.13, 0.04, 83.74, 
15137, 4.13, 0.04, 83.74, 
15138, 4.13, 0.05, 83.74, 
15139, 4.13, 0.04, 83.74, 
15140, 4.13, 0.04, 83.75, 
15141, 4.13, 0.05, 83.75, 
15142, 4.14, 0.04, 83.75, 
15143, 4.13, 0.04, 83.75, 
15144, 4.13, 0.04, 83.75, 
15145, 4.13, 0.04, 83.75, 
15146, 4.13, 0.04, 83.76, 
15147, 4.13, 0.04, 83.76, 
15148, 4.13, 0.05, 83.76, 
15149, 4.13, 0.04, 83.76, 
15150, 4.13, 0.05, 83.76, 
15151, 4.13, 0.04, 83.76, 
15152, 4.13, 0.05, 83.76, 
15153, 4.14, 0.04, 83.77, 
15154, 4.13, 0.04, 83.77, 
15155, 4.14, 0.04, 83.77, 
15156, 4.14, 0.04, 83.77, 
15157, 4.13, 0.05, 83.77, 
15158, 4.13, 0.04, 83.77, 
15159, 4.13, 0.04, 83.78, 
15160, 4.13, 0.04, 83.78, 
15161, 4.13, 0.04, 83.78, 
15162, 4.13, 0.04, 83.78, 
15163, 4.13, 0.04, 83.78, 
15164, 4.13, 0.04, 83.78, 
15165, 4.14, 0.05, 83.78, 
15166, 4.14, 0.04, 83.79, 
15167, 4.13, 0.04, 83.79, 
15168, 4.13, 0.04, 83.79, 
15169, 4.13, 0.04, 83.79, 
15170, 4.14, 0.04, 83.79, 
15171, 4.13, 0.04, 83.79, 
15172, 4.14, 0.04, 83.80, 
15173, 4.13, 0.04, 83.80, 
15174, 4.13, 0.04, 83.80, 
15175, 4.14, 0.04, 83.80, 
15176, 4.14, 0.05, 83.80, 
15177, 4.13, 0.04, 83.80, 
15178, 4.14, 0.04, 83.80, 
15179, 4.13, 0.04, 83.81, 
15180, 4.14, 0.04, 83.81, 
15181, 4.14, 0.04, 83.81, 
15182, 4.14, 0.04, 83.81, 
15183, 4.13, 0.04, 83.81, 
15184, 4.14, 0.04, 83.81, 
15185, 4.13, 0.04, 83.82, 
15186, 4.14, 0.04, 83.82, 
15187, 4.14, 0.04, 83.82, 
15188, 4.14, 0.04, 83.82, 
15189, 4.13, 0.04, 83.82, 
15190, 4.13, 0.04, 83.82, 
15191, 4.14, 0.04, 83.82, 
15192, 4.13, 0.04, 83.83, 
15193, 4.14, 0.04, 83.83, 
15194, 4.13, 0.04, 83.83, 
15195, 4.13, 0.04, 83.83, 
15196, 4.14, 0.04, 83.83, 
15197, 4.13, 0.04, 83.83, 
15198, 4.14, 0.05, 83.84, 
15199, 4.13, 0.04, 83.84, 
15200, 4.13, 0.04, 83.84, 
15201, 4.14, 0.04, 83.84, 
15202, 4.14, 0.04, 83.84, 
15203, 4.14, 0.04, 83.84, 
15204, 4.13, 0.04, 83.84, 
15205, 4.14, 0.04, 83.85, 
15206, 4.13, 0.04, 83.85, 
15207, 4.13, 0.04, 83.85, 
15208, 4.13, 0.04, 83.85, 
15209, 4.13, 0.04, 83.85, 
15210, 4.14, 0.04, 83.85, 
15211, 4.13, 0.04, 83.86, 
15212, 4.13, 0.04, 83.86, 
15213, 4.13, 0.04, 83.86, 
15214, 4.13, 0.04, 83.86, 
15215, 4.14, 0.04, 83.86, 
15216, 4.13, 0.04, 83.86, 
15217, 4.13, 0.04, 83.86, 
15218, 4.13, 0.04, 83.87, 
15219, 4.13, 0.04, 83.87, 
15220, 4.13, 0.04, 83.87, 
15221, 4.14, 0.04, 83.87, 
15222, 4.14, 0.04, 83.87, 
15223, 4.13, 0.04, 83.87, 
15224, 4.14, 0.04, 83.88, 
15225, 4.14, 0.04, 83.88, 
15226, 4.13, 0.04, 83.88, 
15227, 4.13, 0.04, 83.88, 
15228, 4.13, 0.04, 83.88, 
15229, 4.13, 0.04, 83.88, 
15230, 4.13, 0.04, 83.88, 
15231, 4.13, 0.04, 83.89, 
15232, 4.13, 0.04, 83.89, 
15233, 4.13, 0.04, 83.89, 
15234, 4.13, 0.04, 83.89, 
15235, 4.13, 0.04, 83.89, 
15236, 4.13, 0.04, 83.89, 
15237, 4.13, 0.04, 83.90, 
15238, 4.14, 0.04, 83.90, 
15239, 4.14, 0.04, 83.90, 
15240, 4.13, 0.04, 83.90, 
15241, 4.13, 0.04, 83.90, 
15242, 4.13, 0.04, 83.90, 
15243, 4.14, 0.04, 83.90, 
15244, 4.13, 0.04, 83.91, 
15245, 4.14, 0.04, 83.91, 
15246, 4.14, 0.04, 83.91, 
15247, 4.13, 0.04, 83.91, 
15248, 4.13, 0.04, 83.91, 
15249, 4.14, 0.04, 83.91, 
15250, 4.13, 0.04, 83.92, 
15251, 4.13, 0.04, 83.92, 
15252, 4.14, 0.04, 83.92, 
15253, 4.13, 0.04, 83.92, 
15254, 4.14, 0.04, 83.92, 
15255, 4.14, 0.04, 83.92, 
15256, 4.14, 0.04, 83.92, 
15257, 4.14, 0.04, 83.93, 
15258, 4.13, 0.04, 83.93, 
15259, 4.14, 0.04, 83.93, 
15260, 4.14, 0.04, 83.93, 
15261, 4.13, 0.04, 83.93, 
15262, 4.13, 0.04, 83.93, 
15263, 4.13, 0.04, 83.94, 
15264, 4.13, 0.04, 83.94, 
15265, 4.13, 0.04, 83.94, 
15266, 4.14, 0.04, 83.94, 
15267, 4.13, 0.04, 83.94, 
15268, 4.13, 0.04, 83.94, 
15269, 4.13, 0.04, 83.94, 
15270, 4.13, 0.04, 83.95, 
15271, 4.13, 0.04, 83.95, 
15272, 4.13, 0.04, 83.95, 
15273, 4.14, 0.04, 83.95, 
15274, 4.13, 0.04, 83.95, 
15275, 4.13, 0.04, 83.95, 
15276, 4.13, 0.04, 83.95, 
15277, 4.13, 0.04, 83.96, 
15278, 4.13, 0.04, 83.96, 
15279, 4.13, 0.04, 83.96, 
15280, 4.13, 0.04, 83.96, 
15281, 4.13, 0.04, 83.96, 
15282, 4.14, 0.04, 83.96, 
15283, 4.13, 0.04, 83.97, 
15284, 4.14, 0.04, 83.97, 
15285, 4.13, 0.04, 83.97, 
15286, 4.14, 0.04, 83.97, 
15287, 4.13, 0.04, 83.97, 
15288, 4.13, 0.04, 83.97, 
15289, 4.13, 0.04, 83.97, 
15290, 4.13, 0.04, 83.98, 
15291, 4.14, 0.04, 83.98, 
15292, 4.13, 0.04, 83.98, 
15293, 4.14, 0.04, 83.98, 
15294, 4.14, 0.04, 83.98, 
15295, 4.14, 0.04, 83.98, 
15296, 4.13, 0.04, 83.98, 
15297, 4.14, 0.04, 83.99, 
15298, 4.13, 0.04, 83.99, 
15299, 4.13, 0.04, 83.99, 
15300, 4.13, 0.04, 83.99, 
15301, 4.13, 0.04, 83.99, 
15302, 4.14, 0.04, 83.99, 
15303, 4.13, 0.04, 84.00, 
15304, 4.13, 0.04, 84.00, 
15305, 4.14, 0.04, 84.00, 
15306, 4.13, 0.04, 84.00, 
15307, 4.13, 0.04, 84.00, 
15308, 4.14, 0.04, 84.00, 
15309, 4.13, 0.04, 84.00, 
15310, 4.14, 0.04, 84.01, 
15311, 4.14, 0.04, 84.01, 
15312, 4.13, 0.04, 84.01, 
15313, 4.14, 0.04, 84.01, 
15314, 4.14, 0.04, 84.01, 
15315, 4.14, 0.04, 84.01, 
15316, 4.13, 0.04, 84.01, 
15317, 4.13, 0.04, 84.02, 
15318, 4.14, 0.04, 84.02, 
15319, 4.14, 0.04, 84.02, 
15320, 4.13, 0.04, 84.02, 
15321, 4.14, 0.04, 84.02, 
15322, 4.14, 0.04, 84.02, 
15323, 4.14, 0.04, 84.03, 
15324, 4.13, 0.04, 84.03, 
15325, 4.14, 0.04, 84.03, 
15326, 4.13, 0.04, 84.03, 
15327, 4.14, 0.04, 84.03, 
15328, 4.13, 0.04, 84.03, 
15329, 4.14, 0.04, 84.03, 
15330, 4.14, 0.04, 84.04, 
15331, 4.13, 0.04, 84.04, 
15332, 4.14, 0.04, 84.04, 
15333, 4.13, 0.04, 84.04, 
15334, 4.14, 0.04, 84.04, 
15335, 4.14, 0.04, 84.04, 
15336, 4.14, 0.04, 84.04, 
15337, 4.13, 0.04, 84.05, 
15338, 4.14, 0.04, 84.05, 
15339, 4.13, 0.04, 84.05, 
15340, 4.13, 0.04, 84.05, 
15341, 4.14, 0.04, 84.05, 
15342, 4.14, 0.04, 84.05, 
15343, 4.14, 0.04, 84.05, 
15344, 4.14, 0.04, 84.06, 
15345, 4.13, 0.04, 84.06, 
15346, 4.13, 0.04, 84.06, 
15347, 4.13, 0.04, 84.06, 
15348, 4.14, 0.04, 84.06, 
15349, 4.13, 0.04, 84.06, 
15350, 4.13, 0.04, 84.07, 
15351, 4.14, 0.04, 84.07, 
15352, 4.13, 0.04, 84.07, 
15353, 4.13, 0.04, 84.07, 
15354, 4.14, 0.04, 84.07, 
15355, 4.14, 0.04, 84.07, 
15356, 4.13, 0.04, 84.07, 
15357, 4.14, 0.04, 84.08, 
15358, 4.13, 0.04, 84.08, 
15359, 4.14, 0.04, 84.08, 
15360, 4.13, 0.04, 84.08, 
15361, 4.13, 0.04, 84.08, 
15362, 4.13, 0.04, 84.08, 
15363, 4.14, 0.04, 84.08, 
15364, 4.14, 0.04, 84.09, 
15365, 4.13, 0.04, 84.09, 
15366, 4.13, 0.04, 84.09, 
15367, 4.13, 0.04, 84.09, 
15368, 4.13, 0.04, 84.09, 
15369, 4.13, 0.04, 84.09, 
15370, 4.14, 0.04, 84.09, 
15371, 4.13, 0.04, 84.10, 
15372, 4.14, 0.04, 84.10, 
15373, 4.13, 0.04, 84.10, 
15374, 4.14, 0.04, 84.10, 
15375, 4.13, 0.04, 84.10, 
15376, 4.13, 0.04, 84.10, 
15377, 4.14, 0.04, 84.11, 
15378, 4.14, 0.04, 84.11, 
15379, 4.14, 0.04, 84.11, 
15380, 4.14, 0.04, 84.11, 
15381, 4.13, 0.04, 84.11, 
15382, 4.13, 0.04, 84.11, 
15383, 4.14, 0.04, 84.11, 
15384, 4.14, 0.04, 84.12, 
15385, 4.13, 0.04, 84.12, 
15386, 4.13, 0.04, 84.12, 
15387, 4.13, 0.04, 84.12, 
15388, 4.14, 0.04, 84.12, 
15389, 4.13, 0.04, 84.12, 
15390, 4.13, 0.04, 84.12, 
15391, 4.14, 0.04, 84.13, 
15392, 4.14, 0.04, 84.13, 
15393, 4.13, 0.04, 84.13, 
15394, 4.14, 0.04, 84.13, 
15395, 4.13, 0.04, 84.13, 
15396, 4.14, 0.04, 84.13, 
15397, 4.13, 0.04, 84.13, 
15398, 4.13, 0.04, 84.14, 
15399, 4.13, 0.04, 84.14, 
15400, 4.13, 0.04, 84.14, 
15401, 4.13, 0.04, 84.14, 
15402, 4.14, 0.04, 84.14, 
15403, 4.14, 0.04, 84.14, 
15404, 4.14, 0.04, 84.14, 
15405, 4.14, 0.04, 84.15, 
15406, 4.13, 0.04, 84.15, 
15407, 4.13, 0.04, 84.15, 
15408, 4.14, 0.04, 84.15, 
15409, 4.13, 0.04, 84.15, 
15410, 4.13, 0.04, 84.15, 
15411, 4.14, 0.04, 84.15, 
15412, 4.13, 0.04, 84.16, 
15413, 4.14, 0.04, 84.16, 
15414, 4.15, 0.04, 84.16, 
15415, 4.13, 0.04, 84.16, 
15416, 4.13, 0.04, 84.16, 
15417, 4.13, 0.04, 84.16, 
15418, 4.13, 0.04, 84.17, 
15419, 4.14, 0.04, 84.17, 
15420, 4.13, 0.04, 84.17, 
15421, 4.14, 0.04, 84.17, 
15422, 4.14, 0.04, 84.17, 
15423, 4.14, 0.04, 84.17, 
15424, 4.13, 0.04, 84.17, 
15425, 4.14, 0.04, 84.18, 
15426, 4.13, 0.04, 84.18, 
15427, 4.14, 0.04, 84.18, 
15428, 4.14, 0.04, 84.18, 
15429, 4.14, 0.04, 84.18, 
15430, 4.14, 0.04, 84.18, 
15431, 4.13, 0.04, 84.18, 
15432, 4.14, 0.04, 84.19, 
15433, 4.14, 0.04, 84.19, 
15434, 4.13, 0.04, 84.19, 
15435, 4.14, 0.04, 84.19, 
15436, 4.14, 0.04, 84.19, 
15437, 4.14, 0.04, 84.19, 
15438, 4.14, 0.04, 84.19, 
15439, 4.13, 0.04, 84.20, 
15440, 4.14, 0.04, 84.20, 
15441, 4.13, 0.04, 84.20, 
15442, 4.14, 0.04, 84.20, 
15443, 4.14, 0.04, 84.20, 
15444, 4.13, 0.04, 84.20, 
15445, 4.13, 0.04, 84.20, 
15446, 4.13, 0.04, 84.21, 
15447, 4.14, 0.04, 84.21, 
15448, 4.14, 0.04, 84.21, 
15449, 4.14, 0.04, 84.21, 
15450, 4.13, 0.04, 84.21, 
15451, 4.14, 0.04, 84.21, 
15452, 4.14, 0.04, 84.21, 
15453, 4.14, 0.04, 84.22, 
15454, 4.14, 0.04, 84.22, 
15455, 4.13, 0.04, 84.22, 
15456, 4.14, 0.04, 84.22, 
15457, 4.13, 0.04, 84.22, 
15458, 4.13, 0.04, 84.22, 
15459, 4.14, 0.04, 84.22, 
15460, 4.14, 0.04, 84.23, 
15461, 4.14, 0.04, 84.23, 
15462, 4.13, 0.04, 84.23, 
15463, 4.14, 0.04, 84.23, 
15464, 4.14, 0.04, 84.23, 
15465, 4.13, 0.04, 84.23, 
15466, 4.14, 0.04, 84.23, 
15467, 4.14, 0.04, 84.24, 
15468, 4.14, 0.04, 84.24, 
15469, 4.13, 0.04, 84.24, 
15470, 4.14, 0.04, 84.24, 
15471, 4.13, 0.04, 84.24, 
15472, 4.14, 0.04, 84.24, 
15473, 4.14, 0.04, 84.24, 
15474, 4.14, 0.04, 84.25, 
15475, 4.14, 0.04, 84.25, 
15476, 4.13, 0.04, 84.25, 
15477, 4.14, 0.04, 84.25, 
15478, 4.14, 0.04, 84.25, 
15479, 4.13, 0.04, 84.25, 
15480, 4.14, 0.04, 84.25, 
15481, 4.14, 0.04, 84.26, 
15482, 4.13, 0.04, 84.26, 
15483, 4.14, 0.04, 84.26, 
15484, 4.14, 0.04, 84.26, 
15485, 4.14, 0.04, 84.26, 
15486, 4.14, 0.04, 84.26, 
15487, 4.13, 0.04, 84.26, 
15488, 4.14, 0.04, 84.27, 
15489, 4.14, 0.04, 84.27, 
15490, 4.13, 0.04, 84.27, 
15491, 4.14, 0.04, 84.27, 
15492, 4.14, 0.04, 84.27, 
15493, 4.14, 0.04, 84.27, 
15494, 4.14, 0.04, 84.27, 
15495, 4.14, 0.04, 84.28, 
15496, 4.14, 0.04, 84.28, 
15497, 4.14, 0.04, 84.28, 
15498, 4.14, 0.04, 84.28, 
15499, 4.14, 0.04, 84.28, 
15500, 4.14, 0.04, 84.28, 
15501, 4.14, 0.04, 84.28, 
15502, 4.14, 0.04, 84.29, 
15503, 4.14, 0.04, 84.29, 
15504, 4.13, 0.04, 84.29, 
15505, 4.14, 0.04, 84.29, 
15506, 4.14, 0.04, 84.29, 
15507, 4.14, 0.04, 84.29, 
15508, 4.13, 0.04, 84.29, 
15509, 4.14, 0.04, 84.30, 
15510, 4.14, 0.04, 84.30, 
15511, 4.14, 0.04, 84.30, 
15512, 4.14, 0.04, 84.30, 
15513, 4.14, 0.04, 84.30, 
15514, 4.14, 0.04, 84.30, 
15515, 4.14, 0.04, 84.30, 
15516, 4.14, 0.04, 84.31, 
15517, 4.14, 0.04, 84.31, 
15518, 4.14, 0.04, 84.31, 
15519, 4.14, 0.04, 84.31, 
15520, 4.13, 0.04, 84.31, 
15521, 4.14, 0.04, 84.31, 
15522, 4.14, 0.04, 84.31, 
15523, 4.14, 0.04, 84.32, 
15524, 4.14, 0.04, 84.32, 
15525, 4.13, 0.04, 84.32, 
15526, 4.14, 0.04, 84.32, 
15527, 4.14, 0.04, 84.32, 
15528, 4.14, 0.04, 84.32, 
15529, 4.14, 0.04, 84.32, 
15530, 4.14, 0.04, 84.33, 
15531, 4.14, 0.04, 84.33, 
15532, 4.14, 0.04, 84.33, 
15533, 4.14, 0.04, 84.33, 
15534, 4.14, 0.04, 84.33, 
15535, 4.14, 0.04, 84.33, 
15536, 4.14, 0.04, 84.33, 
15537, 4.13, 0.04, 84.34, 
15538, 4.14, 0.04, 84.34, 
15539, 4.14, 0.04, 84.34, 
15540, 4.14, 0.04, 84.34, 
15541, 4.13, 0.04, 84.34, 
15542, 4.14, 0.04, 84.34, 
15543, 4.14, 0.04, 84.34, 
15544, 4.14, 0.04, 84.35, 
15545, 4.14, 0.04, 84.35, 
15546, 4.14, 0.04, 84.35, 
15547, 4.14, 0.04, 84.35, 
15548, 4.14, 0.04, 84.35, 
15549, 4.14, 0.04, 84.35, 
15550, 4.14, 0.04, 84.35, 
15551, 4.14, 0.04, 84.36, 
15552, 4.14, 0.04, 84.36, 
15553, 4.14, 0.04, 84.36, 
15554, 4.14, 0.04, 84.36, 
15555, 4.14, 0.04, 84.36, 
15556, 4.14, 0.04, 84.36, 
15557, 4.14, 0.04, 84.36, 
15558, 4.14, 0.04, 84.37, 
15559, 4.14, 0.04, 84.37, 
15560, 4.14, 0.04, 84.37, 
15561, 4.14, 0.04, 84.37, 
15562, 4.14, 0.04, 84.37, 
15563, 4.14, 0.04, 84.37, 
15564, 4.14, 0.04, 84.37, 
15565, 4.14, 0.04, 84.38, 
15566, 4.14, 0.04, 84.38, 
15567, 4.14, 0.04, 84.38, 
15568, 4.14, 0.04, 84.38, 
15569, 4.14, 0.04, 84.38, 
15570, 4.14, 0.04, 84.38, 
15571, 4.14, 0.04, 84.38, 
15572, 4.14, 0.04, 84.39, 
15573, 4.14, 0.04, 84.39, 
15574, 4.14, 0.04, 84.39, 
15575, 4.14, 0.04, 84.39, 
15576, 4.14, 0.04, 84.39, 
15577, 4.14, 0.04, 84.39, 
15578, 4.14, 0.04, 84.39, 
15579, 4.14, 0.04, 84.40, 
15580, 4.14, 0.04, 84.40, 
15581, 4.14, 0.04, 84.40, 
15582, 4.14, 0.04, 84.40, 
15583, 4.14, 0.04, 84.40, 
15584, 4.14, 0.04, 84.40, 
15585, 4.14, 0.04, 84.40, 
15586, 4.14, 0.04, 84.41, 
15587, 4.14, 0.04, 84.41, 
15588, 4.14, 0.04, 84.41, 
15589, 4.14, 0.04, 84.41, 
15590, 4.14, 0.04, 84.41, 
15591, 4.14, 0.04, 84.41, 
15592, 4.14, 0.04, 84.41, 
15593, 4.14, 0.04, 84.42, 
15594, 4.14, 0.04, 84.42, 
15595, 4.14, 0.04, 84.42, 
15596, 4.14, 0.04, 84.42, 
15597, 4.14, 0.04, 84.42, 
15598, 4.14, 0.04, 84.42, 
15599, 4.14, 0.04, 84.42, 
15600, 4.14, 0.04, 84.43, 
15601, 4.14, 0.04, 84.43, 
15602, 4.14, 0.04, 84.43, 
15603, 4.14, 0.04, 84.43, 
15604, 4.14, 0.04, 84.43, 
15605, 4.14, 0.04, 84.43, 
15606, 4.14, 0.04, 84.43, 
15607, 4.14, 0.04, 84.43, 
15608, 4.14, 0.04, 84.44, 
15609, 4.14, 0.04, 84.44, 
15610, 4.14, 0.04, 84.44, 
15611, 4.14, 0.04, 84.44, 
15612, 4.14, 0.04, 84.44, 
15613, 4.14, 0.04, 84.44, 
15614, 4.14, 0.04, 84.44, 
15615, 4.14, 0.04, 84.45, 
15616, 4.14, 0.04, 84.45, 
15617, 4.14, 0.04, 84.45, 
15618, 4.14, 0.04, 84.45, 
15619, 4.14, 0.04, 84.45, 
15620, 4.14, 0.04, 84.45, 
15621, 4.14, 0.04, 84.45, 
15622, 4.14, 0.04, 84.46, 
15623, 4.14, 0.04, 84.46, 
15624, 4.14, 0.04, 84.46, 
15625, 4.14, 0.04, 84.46, 
15626, 4.14, 0.04, 84.46, 
15627, 4.14, 0.04, 84.46, 
15628, 4.14, 0.04, 84.46, 
15629, 4.14, 0.04, 84.47, 
15630, 4.14, 0.04, 84.47, 
15631, 4.14, 0.04, 84.47, 
15632, 4.14, 0.04, 84.47, 
15633, 4.14, 0.04, 84.47, 
15634, 4.14, 0.04, 84.47, 
15635, 4.14, 0.04, 84.47, 
15636, 4.14, 0.04, 84.48, 
15637, 4.14, 0.04, 84.48, 
15638, 4.14, 0.04, 84.48, 
15639, 4.14, 0.04, 84.48, 
15640, 4.14, 0.04, 84.48, 
15641, 4.14, 0.04, 84.48, 
15642, 4.14, 0.04, 84.48, 
15643, 4.14, 0.04, 84.49, 
15644, 4.14, 0.04, 84.49, 
15645, 4.14, 0.04, 84.49, 
15646, 4.14, 0.04, 84.49, 
15647, 4.14, 0.04, 84.49, 
15648, 4.14, 0.04, 84.49, 
15649, 4.14, 0.04, 84.49, 
15650, 4.14, 0.04, 84.49, 
15651, 4.14, 0.04, 84.50, 
15652, 4.14, 0.04, 84.50, 
15653, 4.14, 0.04, 84.50, 
15654, 4.14, 0.04, 84.50, 
15655, 4.14, 0.04, 84.50, 
15656, 4.14, 0.04, 84.50, 
15657, 4.14, 0.04, 84.50, 
15658, 4.14, 0.04, 84.51, 
15659, 4.14, 0.04, 84.51, 
15660, 4.14, 0.04, 84.51, 
15661, 4.14, 0.04, 84.51, 
15662, 4.14, 0.04, 84.51, 
15663, 4.14, 0.04, 84.51, 
15664, 4.13, 0.04, 84.51, 
15665, 4.14, 0.04, 84.52, 
15666, 4.14, 0.04, 84.52, 
15667, 4.14, 0.04, 84.52, 
15668, 4.14, 0.04, 84.52, 
15669, 4.15, 0.04, 84.52, 
15670, 4.14, 0.04, 84.52, 
15671, 4.14, 0.04, 84.52, 
15672, 4.14, 0.04, 84.53, 
15673, 4.14, 0.04, 84.53, 
15674, 4.14, 0.04, 84.53, 
15675, 4.14, 0.04, 84.53, 
15676, 4.14, 0.04, 84.53, 
15677, 4.14, 0.04, 84.53, 
15678, 4.14, 0.04, 84.53, 
15679, 4.14, 0.04, 84.53, 
15680, 4.15, 0.04, 84.54, 
15681, 4.14, 0.04, 84.54, 
15682, 4.14, 0.04, 84.54, 
15683, 4.14, 0.04, 84.54, 
15684, 4.14, 0.04, 84.54, 
15685, 4.14, 0.04, 84.54, 
15686, 4.14, 0.04, 84.54, 
15687, 4.13, 0.04, 84.55, 
15688, 4.14, 0.04, 84.55, 
15689, 4.14, 0.04, 84.55, 
15690, 4.14, 0.04, 84.55, 
15691, 4.14, 0.04, 84.55, 
15692, 4.14, 0.04, 84.55, 
15693, 4.14, 0.04, 84.55, 
15694, 4.14, 0.04, 84.56, 
15695, 4.14, 0.04, 84.56, 
15696, 4.14, 0.04, 84.56, 
15697, 4.14, 0.04, 84.56, 
15698, 4.14, 0.04, 84.56, 
15699, 4.14, 0.04, 84.56, 
15700, 4.14, 0.04, 84.56, 
15701, 4.14, 0.04, 84.56, 
15702, 4.14, 0.04, 84.57, 
15703, 4.14, 0.04, 84.57, 
15704, 4.14, 0.04, 84.57, 
15705, 4.14, 0.04, 84.57, 
15706, 4.14, 0.04, 84.57, 
15707, 4.14, 0.04, 84.57, 
15708, 4.14, 0.04, 84.57, 
15709, 4.15, 0.04, 84.58, 
15710, 4.14, 0.04, 84.58, 
15711, 4.14, 0.04, 84.58, 
15712, 4.14, 0.04, 84.58, 
15713, 4.14, 0.04, 84.58, 
15714, 4.14, 0.04, 84.58, 
15715, 4.14, 0.04, 84.58, 
15716, 4.14, 0.04, 84.59, 
15717, 4.14, 0.04, 84.59, 
15718, 4.14, 0.04, 84.59, 
15719, 4.14, 0.04, 84.59, 
15720, 4.14, 0.04, 84.59, 
15721, 4.14, 0.04, 84.59, 
15722, 4.14, 0.04, 84.59, 
15723, 4.14, 0.04, 84.59, 
15724, 4.14, 0.04, 84.60, 
15725, 4.14, 0.04, 84.60, 
15726, 4.14, 0.04, 84.60, 
15727, 4.14, 0.04, 84.60, 
15728, 4.14, 0.04, 84.60, 
15729, 4.15, 0.04, 84.60, 
15730, 4.14, 0.04, 84.60, 
15731, 4.14, 0.04, 84.61, 
15732, 4.14, 0.04, 84.61, 
15733, 4.15, 0.04, 84.61, 
15734, 4.14, 0.04, 84.61, 
15735, 4.14, 0.04, 84.61, 
15736, 4.14, 0.04, 84.61, 
15737, 4.14, 0.04, 84.61, 
15738, 4.14, 0.04, 84.62, 
15739, 4.14, 0.04, 84.62, 
15740, 4.14, 0.04, 84.62, 
15741, 4.15, 0.04, 84.62, 
15742, 4.14, 0.04, 84.62, 
15743, 4.15, 0.04, 84.62, 
15744, 4.14, 0.04, 84.62, 
15745, 4.14, 0.04, 84.62, 
15746, 4.14, 0.04, 84.63, 
15747, 4.15, 0.04, 84.63, 
15748, 4.14, 0.04, 84.63, 
15749, 4.14, 0.04, 84.63, 
15750, 4.14, 0.04, 84.63, 
15751, 4.14, 0.04, 84.63, 
15752, 4.14, 0.04, 84.63, 
15753, 4.14, 0.04, 84.64, 
15754, 4.15, 0.04, 84.64, 
15755, 4.14, 0.04, 84.64, 
15756, 4.14, 0.04, 84.64, 
15757, 4.14, 0.04, 84.64, 
15758, 4.14, 0.04, 84.64, 
15759, 4.15, 0.04, 84.64, 
15760, 4.14, 0.04, 84.64, 
15761, 4.14, 0.04, 84.65, 
15762, 4.14, 0.04, 84.65, 
15763, 4.14, 0.04, 84.65, 
15764, 4.15, 0.04, 84.65, 
15765, 4.14, 0.04, 84.65, 
15766, 4.14, 0.04, 84.65, 
15767, 4.14, 0.04, 84.65, 
15768, 4.15, 0.04, 84.66, 
15769, 4.14, 0.04, 84.66, 
15770, 4.15, 0.04, 84.66, 
15771, 4.14, 0.04, 84.66, 
15772, 4.14, 0.04, 84.66, 
15773, 4.14, 0.04, 84.66, 
15774, 4.14, 0.04, 84.66, 
15775, 4.14, 0.04, 84.66, 
15776, 4.14, 0.04, 84.67, 
15777, 4.15, 0.04, 84.67, 
15778, 4.14, 0.04, 84.67, 
15779, 4.15, 0.04, 84.67, 
15780, 4.14, 0.04, 84.67, 
15781, 4.14, 0.04, 84.67, 
15782, 4.15, 0.04, 84.67, 
15783, 4.15, 0.04, 84.68, 
15784, 4.15, 0.04, 84.68, 
15785, 4.14, 0.04, 84.68, 
15786, 4.15, 0.04, 84.68, 
15787, 4.14, 0.04, 84.68, 
15788, 4.14, 0.04, 84.68, 
15789, 4.14, 0.04, 84.68, 
15790, 4.14, 0.04, 84.68, 
15791, 4.13, 0.04, 84.69, 
15792, 4.15, 0.04, 84.69, 
15793, 4.14, 0.04, 84.69, 
15794, 4.15, 0.04, 84.69, 
15795, 4.14, 0.04, 84.69, 
15796, 4.15, 0.04, 84.69, 
15797, 4.14, 0.04, 84.69, 
15798, 4.14, 0.04, 84.70, 
15799, 4.15, 0.04, 84.70, 
15800, 4.14, 0.04, 84.70, 
15801, 4.15, 0.04, 84.70, 
15802, 4.14, 0.04, 84.70, 
15803, 4.15, 0.04, 84.70, 
15804, 4.14, 0.04, 84.70, 
15805, 4.15, 0.04, 84.70, 
15806, 4.15, 0.04, 84.71, 
15807, 4.14, 0.04, 84.71, 
15808, 4.15, 0.04, 84.71, 
15809, 4.14, 0.04, 84.71, 
15810, 4.14, 0.04, 84.71, 
15811, 4.14, 0.04, 84.71, 
15812, 4.15, 0.04, 84.71, 
15813, 4.15, 0.04, 84.72, 
15814, 4.14, 0.04, 84.72, 
15815, 4.14, 0.04, 84.72, 
15816, 4.14, 0.04, 84.72, 
15817, 4.14, 0.04, 84.72, 
15818, 4.15, 0.04, 84.72, 
15819, 4.14, 0.04, 84.72, 
15820, 4.14, 0.04, 84.72, 
15821, 4.14, 0.04, 84.73, 
15822, 4.15, 0.04, 84.73, 
15823, 4.15, 0.04, 84.73, 
15824, 4.15, 0.04, 84.73, 
15825, 4.14, 0.04, 84.73, 
15826, 4.14, 0.04, 84.73, 
15827, 4.14, 0.04, 84.73, 
15828, 4.14, 0.04, 84.74, 
15829, 4.14, 0.04, 84.74, 
15830, 4.14, 0.04, 84.74, 
15831, 4.14, 0.04, 84.74, 
15832, 4.14, 0.04, 84.74, 
15833, 4.15, 0.04, 84.74, 
15834, 4.15, 0.04, 84.74, 
15835, 4.15, 0.04, 84.74, 
15836, 4.15, 0.04, 84.75, 
15837, 4.14, 0.04, 84.75, 
15838, 4.15, 0.04, 84.75, 
15839, 4.14, 0.04, 84.75, 
15840, 4.15, 0.04, 84.75, 
15841, 4.14, 0.04, 84.75, 
15842, 4.15, 0.04, 84.75, 
15843, 4.15, 0.04, 84.75, 
15844, 4.15, 0.04, 84.76, 
15845, 4.14, 0.04, 84.76, 
15846, 4.14, 0.04, 84.76, 
15847, 4.14, 0.04, 84.76, 
15848, 4.14, 0.04, 84.76, 
15849, 4.15, 0.04, 84.76, 
15850, 4.15, 0.04, 84.76, 
15851, 4.14, 0.04, 84.77, 
15852, 4.15, 0.04, 84.77, 
15853, 4.14, 0.04, 84.77, 
15854, 4.14, 0.04, 84.77, 
15855, 4.15, 0.04, 84.77, 
15856, 4.14, 0.04, 84.77, 
15857, 4.14, 0.04, 84.77, 
15858, 4.15, 0.04, 84.77, 
15859, 4.15, 0.04, 84.78, 
15860, 4.15, 0.04, 84.78, 
15861, 4.15, 0.04, 84.78, 
15862, 4.15, 0.04, 84.78, 
15863, 4.14, 0.04, 84.78, 
15864, 4.15, 0.04, 84.78, 
15865, 4.15, 0.04, 84.78, 
15866, 4.15, 0.04, 84.79, 
15867, 4.15, 0.04, 84.79, 
15868, 4.15, 0.04, 84.79, 
15869, 4.15, 0.04, 84.79, 
15870, 4.14, 0.04, 84.79, 
15871, 4.14, 0.04, 84.79, 
15872, 4.15, 0.04, 84.79, 
15873, 4.15, 0.04, 84.79, 
15874, 4.14, 0.04, 84.80, 
15875, 4.15, 0.04, 84.80, 
15876, 4.15, 0.04, 84.80, 
15877, 4.14, 0.04, 84.80, 
15878, 4.15, 0.04, 84.80, 
15879, 4.14, 0.04, 84.80, 
15880, 4.15, 0.04, 84.80, 
15881, 4.14, 0.04, 84.80, 
15882, 4.14, 0.04, 84.81, 
15883, 4.15, 0.04, 84.81, 
15884, 4.15, 0.04, 84.81, 
15885, 4.15, 0.04, 84.81, 
15886, 4.14, 0.04, 84.81, 
15887, 4.14, 0.04, 84.81, 
15888, 4.14, 0.04, 84.81, 
15889, 4.14, 0.04, 84.82, 
15890, 4.14, 0.04, 84.82, 
15891, 4.14, 0.04, 84.82, 
15892, 4.14, 0.04, 84.82, 
15893, 4.14, 0.04, 84.82, 
15894, 4.15, 0.04, 84.82, 
15895, 4.15, 0.04, 84.82, 
15896, 4.15, 0.04, 84.82, 
15897, 4.15, 0.04, 84.83, 
15898, 4.15, 0.04, 84.83, 
15899, 4.14, 0.04, 84.83, 
15900, 4.14, 0.04, 84.83, 
15901, 4.15, 0.04, 84.83, 
15902, 4.15, 0.04, 84.83, 
15903, 4.14, 0.04, 84.83, 
15904, 4.15, 0.04, 84.83, 
15905, 4.14, 0.04, 84.84, 
15906, 4.15, 0.04, 84.84, 
15907, 4.15, 0.04, 84.84, 
15908, 4.15, 0.04, 84.84, 
15909, 4.15, 0.04, 84.84, 
15910, 4.15, 0.04, 84.84, 
15911, 4.15, 0.04, 84.84, 
15912, 4.14, 0.04, 84.85, 
15913, 4.15, 0.04, 84.85, 
15914, 4.14, 0.04, 84.85, 
15915, 4.15, 0.04, 84.85, 
15916, 4.15, 0.04, 84.85, 
15917, 4.14, 0.04, 84.85, 
15918, 4.14, 0.04, 84.85, 
15919, 4.15, 0.04, 84.85, 
15920, 4.15, 0.04, 84.86, 
15921, 4.15, 0.04, 84.86, 
15922, 4.14, 0.04, 84.86, 
15923, 4.14, 0.04, 84.86, 
15924, 4.14, 0.04, 84.86, 
15925, 4.15, 0.04, 84.86, 
15926, 4.14, 0.04, 84.86, 
15927, 4.15, 0.04, 84.86, 
15928, 4.14, 0.04, 84.87, 
15929, 4.15, 0.04, 84.87, 
15930, 4.15, 0.04, 84.87, 
15931, 4.14, 0.04, 84.87, 
15932, 4.14, 0.04, 84.87, 
15933, 4.14, 0.04, 84.87, 
15934, 4.14, 0.04, 84.87, 
15935, 4.15, 0.04, 84.88, 
15936, 4.15, 0.04, 84.88, 
15937, 4.15, 0.04, 84.88, 
15938, 4.14, 0.04, 84.88, 
15939, 4.15, 0.04, 84.88, 
15940, 4.15, 0.04, 84.88, 
15941, 4.14, 0.04, 84.88, 
15942, 4.15, 0.04, 84.88, 
15943, 4.15, 0.04, 84.89, 
15944, 4.14, 0.04, 84.89, 
15945, 4.14, 0.04, 84.89, 
15946, 4.14, 0.04, 84.89, 
15947, 4.14, 0.04, 84.89, 
15948, 4.15, 0.04, 84.89, 
15949, 4.15, 0.04, 84.89, 
15950, 4.14, 0.04, 84.89, 
15951, 4.15, 0.04, 84.90, 
15952, 4.15, 0.04, 84.90, 
15953, 4.14, 0.04, 84.90, 
15954, 4.15, 0.04, 84.90, 
15955, 4.15, 0.04, 84.90, 
15956, 4.14, 0.04, 84.90, 
15957, 4.14, 0.04, 84.90, 
15958, 4.15, 0.04, 84.90, 
15959, 4.14, 0.04, 84.91, 
15960, 4.14, 0.04, 84.91, 
15961, 4.15, 0.04, 84.91, 
15962, 4.15, 0.04, 84.91, 
15963, 4.14, 0.04, 84.91, 
15964, 4.15, 0.04, 84.91, 
15965, 4.14, 0.04, 84.91, 
15966, 4.15, 0.04, 84.91, 
15967, 4.15, 0.04, 84.92, 
15968, 4.14, 0.04, 84.92, 
15969, 4.15, 0.04, 84.92, 
15970, 4.15, 0.04, 84.92, 
15971, 4.15, 0.04, 84.92, 
15972, 4.15, 0.04, 84.92, 
15973, 4.15, 0.04, 84.92, 
15974, 4.14, 0.04, 84.93, 
15975, 4.14, 0.04, 84.93, 
15976, 4.14, 0.04, 84.93, 
15977, 4.14, 0.04, 84.93, 
15978, 4.15, 0.04, 84.93, 
15979, 4.14, 0.04, 84.93, 
15980, 4.15, 0.04, 84.93, 
15981, 4.15, 0.04, 84.93, 
15982, 4.14, 0.04, 84.94, 
15983, 4.14, 0.04, 84.94, 
15984, 4.14, 0.04, 84.94, 
15985, 4.14, 0.04, 84.94, 
15986, 4.14, 0.04, 84.94, 
15987, 4.14, 0.04, 84.94, 
15988, 4.15, 0.04, 84.94, 
15989, 4.15, 0.04, 84.94, 
15990, 4.15, 0.04, 84.95, 
15991, 4.14, 0.04, 84.95, 
15992, 4.15, 0.04, 84.95, 
15993, 4.15, 0.04, 84.95, 
15994, 4.15, 0.04, 84.95, 
15995, 4.15, 0.04, 84.95, 
15996, 4.14, 0.04, 84.95, 
15997, 4.14, 0.04, 84.95, 
15998, 4.14, 0.04, 84.96, 
15999, 4.14, 0.04, 84.96, 
16000, 4.15, 0.04, 84.96, 
16001, 4.14, 0.04, 84.96, 
16002, 4.14, 0.04, 84.96, 
16003, 4.15, 0.04, 84.96, 
16004, 4.14, 0.04, 84.96, 
16005, 4.14, 0.04, 84.96, 
16006, 4.14, 0.04, 84.97, 
16007, 4.14, 0.04, 84.97, 
16008, 4.15, 0.04, 84.97, 
16009, 4.14, 0.04, 84.97, 
16010, 4.14, 0.04, 84.97, 
16011, 4.14, 0.04, 84.97, 
16012, 4.14, 0.04, 84.97, 
16013, 4.15, 0.04, 84.97, 
16014, 4.14, 0.04, 84.98, 
16015, 4.15, 0.04, 84.98, 
16016, 4.14, 0.04, 84.98, 
16017, 4.15, 0.04, 84.98, 
16018, 4.14, 0.04, 84.98, 
16019, 4.14, 0.04, 84.98, 
16020, 4.15, 0.04, 84.98, 
16021, 4.14, 0.04, 84.99, 
16022, 4.14, 0.04, 84.99, 
16023, 4.14, 0.04, 84.99, 
16024, 4.15, 0.04, 84.99, 
16025, 4.15, 0.04, 84.99, 
16026, 4.15, 0.04, 84.99, 
16027, 4.15, 0.04, 84.99, 
16028, 4.14, 0.04, 84.99, 
16029, 4.15, 0.04, 85.00, 
16030, 4.14, 0.04, 85.00, 
16031, 4.15, 0.04, 85.00, 
16032, 4.14, 0.04, 85.00, 
16033, 4.14, 0.04, 85.00, 
16034, 4.15, 0.04, 85.00, 
16035, 4.14, 0.04, 85.00, 
16036, 4.14, 0.04, 85.00, 
16037, 4.15, 0.04, 85.01, 
16038, 4.15, 0.04, 85.01, 
16039, 4.14, 0.04, 85.01, 
16040, 4.14, 0.04, 85.01, 
16041, 4.15, 0.04, 85.01, 
16042, 4.15, 0.04, 85.01, 
16043, 4.14, 0.04, 85.01, 
16044, 4.14, 0.04, 85.01, 
16045, 4.15, 0.04, 85.02, 
16046, 4.14, 0.04, 85.02, 
16047, 4.14, 0.04, 85.02, 
16048, 4.14, 0.04, 85.02, 
16049, 4.15, 0.04, 85.02, 
16050, 4.14, 0.04, 85.02, 
16051, 4.15, 0.04, 85.02, 
16052, 4.15, 0.04, 85.02, 
16053, 4.15, 0.04, 85.03, 
16054, 4.14, 0.04, 85.03, 
16055, 4.15, 0.04, 85.03, 
16056, 4.15, 0.04, 85.03, 
16057, 4.15, 0.04, 85.03, 
16058, 4.14, 0.04, 85.03, 
16059, 4.15, 0.04, 85.03, 
16060, 4.14, 0.04, 85.03, 
16061, 4.14, 0.04, 85.04, 
16062, 4.15, 0.04, 85.04, 
16063, 4.15, 0.04, 85.04, 
16064, 4.14, 0.04, 85.04, 
16065, 4.15, 0.04, 85.04, 
16066, 4.14, 0.04, 85.04, 
16067, 4.14, 0.04, 85.04, 
16068, 4.14, 0.04, 85.04, 
16069, 4.15, 0.04, 85.05, 
16070, 4.15, 0.04, 85.05, 
16071, 4.14, 0.04, 85.05, 
16072, 4.14, 0.04, 85.05, 
16073, 4.15, 0.04, 85.05, 
16074, 4.15, 0.04, 85.05, 
16075, 4.14, 0.04, 85.05, 
16076, 4.15, 0.04, 85.05, 
16077, 4.15, 0.04, 85.06, 
16078, 4.15, 0.04, 85.06, 
16079, 4.14, 0.04, 85.06, 
16080, 4.15, 0.04, 85.06, 
16081, 4.14, 0.04, 85.06, 
16082, 4.14, 0.04, 85.06, 
16083, 4.15, 0.04, 85.06, 
16084, 4.14, 0.04, 85.06, 
16085, 4.15, 0.03, 85.07, 
16086, 4.15, 0.04, 85.07, 
16087, 4.15, 0.04, 85.07, 
16088, 4.15, 0.04, 85.07, 
16089, 4.14, 0.04, 85.07, 
16090, 4.14, 0.04, 85.07, 
16091, 4.14, 0.04, 85.07, 
16092, 4.14, 0.04, 85.07, 
16093, 4.15, 0.04, 85.08, 
16094, 4.15, 0.04, 85.08, 
16095, 4.15, 0.04, 85.08, 
16096, 4.15, 0.04, 85.08, 
16097, 4.15, 0.03, 85.08, 
16098, 4.15, 0.04, 85.08, 
16099, 4.15, 0.04, 85.08, 
16100, 4.15, 0.04, 85.08, 
16101, 4.15, 0.04, 85.09, 
16102, 4.14, 0.04, 85.09, 
16103, 4.14, 0.04, 85.09, 
16104, 4.15, 0.04, 85.09, 
16105, 4.15, 0.04, 85.09, 
16106, 4.15, 0.04, 85.09, 
16107, 4.15, 0.04, 85.09, 
16108, 4.15, 0.04, 85.09, 
16109, 4.15, 0.04, 85.10, 
16110, 4.15, 0.04, 85.10, 
16111, 4.14, 0.04, 85.10, 
16112, 4.15, 0.04, 85.10, 
16113, 4.14, 0.04, 85.10, 
16114, 4.15, 0.04, 85.10, 
16115, 4.14, 0.04, 85.10, 
16116, 4.15, 0.04, 85.10, 
16117, 4.15, 0.04, 85.11, 
16118, 4.14, 0.04, 85.11, 
16119, 4.15, 0.04, 85.11, 
16120, 4.14, 0.03, 85.11, 
16121, 4.15, 0.04, 85.11, 
16122, 4.15, 0.04, 85.11, 
16123, 4.14, 0.04, 85.11, 
16124, 4.15, 0.04, 85.11, 
16125, 4.15, 0.04, 85.12, 
16126, 4.15, 0.04, 85.12, 
16127, 4.15, 0.04, 85.12, 
16128, 4.15, 0.04, 85.12, 
16129, 4.15, 0.03, 85.12, 
16130, 4.15, 0.04, 85.12, 
16131, 4.14, 0.04, 85.12, 
16132, 4.15, 0.04, 85.12, 
16133, 4.14, 0.04, 85.12, 
16134, 4.14, 0.04, 85.13, 
16135, 4.14, 0.04, 85.13, 
16136, 4.15, 0.04, 85.13, 
16137, 4.15, 0.04, 85.13, 
16138, 4.15, 0.04, 85.13, 
16139, 4.14, 0.04, 85.13, 
16140, 4.14, 0.04, 85.13, 
16141, 4.14, 0.04, 85.13, 
16142, 4.15, 0.04, 85.14, 
16143, 4.15, 0.04, 85.14, 
16144, 4.15, 0.04, 85.14, 
16145, 4.15, 0.04, 85.14, 
16146, 4.14, 0.04, 85.14, 
16147, 4.15, 0.04, 85.14, 
16148, 4.14, 0.03, 85.14, 
16149, 4.15, 0.03, 85.14, 
16150, 4.15, 0.04, 85.15, 
16151, 4.15, 0.04, 85.15, 
16152, 4.14, 0.04, 85.15, 
16153, 4.15, 0.04, 85.15, 
16154, 4.15, 0.04, 85.15, 
16155, 4.15, 0.04, 85.15, 
16156, 4.15, 0.03, 85.15, 
16157, 4.15, 0.04, 85.15, 
16158, 4.14, 0.04, 85.16, 
16159, 4.14, 0.04, 85.16, 
16160, 4.14, 0.04, 85.16, 
16161, 4.15, 0.03, 85.16, 
16162, 4.15, 0.04, 85.16, 
16163, 4.14, 0.04, 85.16, 
16164, 4.15, 0.04, 85.16, 
16165, 4.15, 0.04, 85.16, 
16166, 4.15, 0.03, 85.17, 
16167, 4.14, 0.04, 85.17, 
16168, 4.14, 0.04, 85.17, 
16169, 4.15, 0.03, 85.17, 
16170, 4.15, 0.04, 85.17, 
16171, 4.15, 0.04, 85.17, 
16172, 4.15, 0.04, 85.17, 
16173, 4.15, 0.03, 85.17, 
16174, 4.15, 0.04, 85.18, 
16175, 4.15, 0.04, 85.18, 
16176, 4.15, 0.03, 85.18, 
16177, 4.15, 0.03, 85.18, 
16178, 4.15, 0.03, 85.18, 
16179, 4.15, 0.04, 85.18, 
16180, 4.15, 0.03, 85.18, 
16181, 4.15, 0.04, 85.18, 
16182, 4.15, 0.03, 85.18, 
16183, 4.15, 0.03, 85.19, 
16184, 4.15, 0.03, 85.19, 
16185, 4.14, 0.03, 85.19, 
16186, 4.14, 0.03, 85.19, 
16187, 4.14, 0.04, 85.19, 
16188, 4.15, 0.03, 85.19, 
16189, 4.15, 0.03, 85.19, 
16190, 4.15, 0.03, 85.19, 
16191, 4.15, 0.04, 85.20, 
16192, 4.15, 0.04, 85.20, 
16193, 4.15, 0.03, 85.20, 
16194, 4.15, 0.03, 85.20, 
16195, 4.15, 0.03, 85.20, 
16196, 4.14, 0.03, 85.20, 
16197, 4.15, 0.03, 85.20, 
16198, 4.15, 0.03, 85.20, 
16199, 4.15, 0.04, 85.21, 
16200, 4.15, 0.03, 85.21, 
16201, 4.15, 0.03, 85.21, 
16202, 4.15, 0.04, 85.21, 
16203, 4.15, 0.03, 85.21, 
16204, 4.15, 0.03, 85.21, 
16205, 4.15, 0.04, 85.21, 
16206, 4.15, 0.03, 85.21, 
16207, 4.15, 0.03, 85.21, 
16208, 4.15, 0.04, 85.22, 
16209, 4.15, 0.03, 85.22, 
16210, 4.14, 0.04, 85.22, 
16211, 4.15, 0.04, 85.22, 
16212, 4.15, 0.03, 85.22, 
16213, 4.15, 0.04, 85.22, 
16214, 4.15, 0.04, 85.22, 
16215, 4.15, 0.03, 85.22, 
16216, 4.15, 0.04, 85.23, 
16217, 4.15, 0.03, 85.23, 
16218, 4.15, 0.04, 85.23, 
16219, 4.15, 0.04, 85.23, 
16220, 4.15, 0.03, 85.23, 
16221, 4.15, 0.03, 85.23, 
16222, 4.15, 0.03, 85.23, 
16223, 4.15, 0.03, 85.23, 
16224, 4.15, 0.03, 85.24, 
16225, 4.15, 0.03, 85.24, 
16226, 4.15, 0.03, 85.24, 
16227, 4.15, 0.03, 85.24, 
16228, 4.15, 0.04, 85.24, 
16229, 4.15, 0.03, 85.24, 
16230, 4.15, 0.03, 85.24, 
16231, 4.15, 0.04, 85.24, 
16232, 4.15, 0.04, 85.25, 
16233, 4.15, 0.03, 85.25, 
16234, 4.15, 0.04, 85.25, 
16235, 4.15, 0.03, 85.25, 
16236, 4.15, 0.03, 85.25, 
16237, 4.15, 0.03, 85.25, 
16238, 4.15, 0.03, 85.25, 
16239, 4.15, 0.04, 85.25, 
16240, 4.14, 0.04, 85.25, 
16241, 4.15, 0.03, 85.26, 
16242, 4.15, 0.03, 85.26, 
16243, 4.15, 0.03, 85.26, 
16244, 4.15, 0.03, 85.26, 
16245, 4.15, 0.03, 85.26, 
16246, 4.15, 0.03, 85.26, 
16247, 4.15, 0.03, 85.26, 
16248, 4.15, 0.03, 85.26, 
16249, 4.15, 0.03, 85.27, 
16250, 4.15, 0.03, 85.27, 
16251, 4.15, 0.03, 85.27, 
16252, 4.15, 0.03, 85.27, 
16253, 4.15, 0.03, 85.27, 
16254, 4.14, 0.03, 85.27, 
16255, 4.14, 0.03, 85.27, 
16256, 4.15, 0.03, 85.27, 
16257, 4.15, 0.03, 85.28, 
16258, 4.15, 0.03, 85.28, 
16259, 4.15, 0.03, 85.28, 
16260, 4.15, 0.03, 85.28, 
16261, 4.15, 0.03, 85.28, 
16262, 4.15, 0.03, 85.28, 
16263, 4.15, 0.03, 85.28, 
16264, 4.15, 0.03, 85.28, 
16265, 4.15, 0.03, 85.28, 
16266, 4.15, 0.03, 85.29, 
16267, 4.15, 0.03, 85.29, 
16268, 4.14, 0.03, 85.29, 
16269, 4.15, 0.04, 85.29, 
16270, 4.15, 0.03, 85.29, 
16271, 4.15, 0.03, 85.29, 
16272, 4.15, 0.03, 85.29, 
16273, 4.15, 0.03, 85.29, 
16274, 4.15, 0.03, 85.30, 
16275, 4.15, 0.03, 85.30, 
16276, 4.15, 0.03, 85.30, 
16277, 4.15, 0.03, 85.30, 
16278, 4.15, 0.03, 85.30, 
16279, 4.14, 0.03, 85.30, 
16280, 4.15, 0.03, 85.30, 
16281, 4.15, 0.03, 85.30, 
16282, 4.15, 0.03, 85.31, 
16283, 4.15, 0.03, 85.31, 
16284, 4.15, 0.03, 85.31, 
16285, 4.15, 0.03, 85.31, 
16286, 4.15, 0.03, 85.31, 
16287, 4.15, 0.03, 85.31, 
16288, 4.15, 0.03, 85.31, 
16289, 4.15, 0.03, 85.31, 
16290, 4.15, 0.03, 85.31, 
16291, 4.15, 0.03, 85.32, 
16292, 4.15, 0.03, 85.32, 
16293, 4.15, 0.03, 85.32, 
16294, 4.15, 0.03, 85.32, 
16295, 4.15, 0.03, 85.32, 
16296, 4.15, 0.03, 85.32, 
16297, 4.15, 0.03, 85.32, 
16298, 4.15, 0.03, 85.32, 
16299, 4.15, 0.03, 85.33, 
16300, 4.15, 0.03, 85.33, 
16301, 4.15, 0.03, 85.33, 
16302, 4.15, 0.03, 85.33, 
16303, 4.15, 0.03, 85.33, 
16304, 4.15, 0.03, 85.33, 
16305, 4.15, 0.03, 85.33, 
16306, 4.14, 0.03, 85.33, 
16307, 4.15, 0.03, 85.33, 
16308, 4.15, 0.03, 85.34, 
16309, 4.15, 0.03, 85.34, 
16310, 4.15, 0.03, 85.34, 
16311, 4.15, 0.03, 85.34, 
16312, 4.15, 0.03, 85.34, 
16313, 4.15, 0.03, 85.34, 
16314, 4.15, 0.03, 85.34, 
16315, 4.15, 0.03, 85.34, 
16316, 4.15, 0.03, 85.35, 
16317, 4.15, 0.03, 85.35, 
16318, 4.15, 0.03, 85.35, 
16319, 4.15, 0.03, 85.35, 
16320, 4.16, 0.03, 85.35, 
16321, 4.15, 0.03, 85.35, 
16322, 4.15, 0.03, 85.35, 
16323, 4.14, 0.03, 85.35, 
16324, 4.15, 0.03, 85.35, 
16325, 4.15, 0.03, 85.36, 
16326, 4.15, 0.03, 85.36, 
16327, 4.15, 0.03, 85.36, 
16328, 4.15, 0.03, 85.36, 
16329, 4.15, 0.03, 85.36, 
16330, 4.15, 0.03, 85.36, 
16331, 4.15, 0.03, 85.36, 
16332, 4.15, 0.03, 85.36, 
16333, 4.15, 0.03, 85.37, 
16334, 4.15, 0.03, 85.37, 
16335, 4.15, 0.03, 85.37, 
16336, 4.15, 0.03, 85.37, 
16337, 4.15, 0.03, 85.37, 
16338, 4.15, 0.03, 85.37, 
16339, 4.15, 0.03, 85.37, 
16340, 4.15, 0.03, 85.37, 
16341, 4.15, 0.03, 85.37, 
16342, 4.15, 0.03, 85.38, 
16343, 4.15, 0.03, 85.38, 
16344, 4.15, 0.03, 85.38, 
16345, 4.15, 0.03, 85.38, 
16346, 4.16, 0.03, 85.38, 
16347, 4.15, 0.03, 85.38, 
16348, 4.15, 0.03, 85.38, 
16349, 4.16, 0.03, 85.38, 
16350, 4.15, 0.03, 85.39, 
16351, 4.15, 0.03, 85.39, 
16352, 4.15, 0.03, 85.39, 
16353, 4.15, 0.03, 85.39, 
16354, 4.15, 0.03, 85.39, 
16355, 4.15, 0.03, 85.39, 
16356, 4.15, 0.03, 85.39, 
16357, 4.15, 0.03, 85.39, 
16358, 4.15, 0.03, 85.39, 
16359, 4.15, 0.03, 85.40, 
16360, 4.15, 0.03, 85.40, 
16361, 4.15, 0.03, 85.40, 
16362, 4.16, 0.03, 85.40, 
16363, 4.15, 0.03, 85.40, 
16364, 4.15, 0.03, 85.40, 
16365, 4.15, 0.03, 85.40, 
16366, 4.15, 0.03, 85.40, 
16367, 4.15, 0.03, 85.40, 
16368, 4.15, 0.03, 85.41, 
16369, 4.14, 0.03, 85.41, 
16370, 4.15, 0.03, 85.41, 
16371, 4.15, 0.03, 85.41, 
16372, 4.15, 0.03, 85.41, 
16373, 4.15, 0.03, 85.41, 
16374, 4.15, 0.03, 85.41, 
16375, 4.15, 0.03, 85.41, 
16376, 4.14, 0.03, 85.42, 
16377, 4.15, 0.03, 85.42, 
16378, 4.15, 0.03, 85.42, 
16379, 4.15, 0.03, 85.42, 
16380, 4.15, 0.03, 85.42, 
16381, 4.15, 0.03, 85.42, 
16382, 4.15, 0.03, 85.42, 
16383, 4.15, 0.03, 85.42, 
16384, 4.15, 0.03, 85.42, 
16385, 4.15, 0.03, 85.43, 
16386, 4.15, 0.03, 85.43, 
16387, 4.15, 0.03, 85.43, 
16388, 4.15, 0.03, 85.43, 
16389, 4.15, 0.03, 85.43, 
16390, 4.15, 0.03, 85.43, 
16391, 4.15, 0.03, 85.43, 
16392, 4.15, 0.03, 85.43, 
16393, 4.15, 0.03, 85.44, 
16394, 4.16, 0.03, 85.44, 
16395, 4.15, 0.03, 85.44, 
16396, 4.15, 0.03, 85.44, 
16397, 4.15, 0.03, 85.44, 
16398, 4.15, 0.03, 85.44, 
16399, 4.15, 0.03, 85.44, 
16400, 4.15, 0.03, 85.44, 
16401, 4.15, 0.03, 85.44, 
16402, 4.15, 0.03, 85.45, 
16403, 4.15, 0.03, 85.45, 
16404, 4.15, 0.03, 85.45, 
16405, 4.15, 0.03, 85.45, 
16406, 4.15, 0.03, 85.45, 
16407, 4.15, 0.03, 85.45, 
16408, 4.16, 0.03, 85.45, 
16409, 4.15, 0.03, 85.45, 
16410, 4.15, 0.03, 85.45, 
16411, 4.15, 0.03, 85.46, 
16412, 4.15, 0.03, 85.46, 
16413, 4.15, 0.03, 85.46, 
16414, 4.15, 0.03, 85.46, 
16415, 4.15, 0.03, 85.46, 
16416, 4.15, 0.03, 85.46, 
16417, 4.15, 0.03, 85.46, 
16418, 4.15, 0.03, 85.46, 
16419, 4.15, 0.03, 85.47, 
16420, 4.15, 0.03, 85.47, 
16421, 4.15, 0.03, 85.47, 
16422, 4.15, 0.03, 85.47, 
16423, 4.15, 0.03, 85.47, 
16424, 4.15, 0.03, 85.47, 
16425, 4.14, 0.03, 85.47, 
16426, 4.15, 0.03, 85.47, 
16427, 4.15, 0.03, 85.47, 
16428, 4.15, 0.03, 85.48, 
16429, 4.15, 0.03, 85.48, 
16430, 4.15, 0.03, 85.48, 
16431, 4.15, 0.03, 85.48, 
16432, 4.15, 0.03, 85.48, 
16433, 4.15, 0.03, 85.48, 
16434, 4.15, 0.03, 85.48, 
16435, 4.15, 0.03, 85.48, 
16436, 4.15, 0.03, 85.48, 
16437, 4.15, 0.03, 85.49, 
16438, 4.15, 0.03, 85.49, 
16439, 4.16, 0.03, 85.49, 
16440, 4.15, 0.03, 85.49, 
16441, 4.15, 0.03, 85.49, 
16442, 4.16, 0.03, 85.49, 
16443, 4.15, 0.03, 85.49, 
16444, 4.15, 0.03, 85.49, 
16445, 4.15, 0.03, 85.49, 
16446, 4.15, 0.03, 85.50, 
16447, 4.16, 0.03, 85.50, 
16448, 4.15, 0.03, 85.50, 
16449, 4.15, 0.03, 85.50, 
16450, 4.15, 0.03, 85.50, 
16451, 4.15, 0.03, 85.50, 
16452, 4.15, 0.03, 85.50, 
16453, 4.16, 0.03, 85.50, 
16454, 4.15, 0.03, 85.51, 
16455, 4.15, 0.03, 85.51, 
16456, 4.15, 0.03, 85.51, 
16457, 4.15, 0.03, 85.51, 
16458, 4.16, 0.03, 85.51, 
16459, 4.15, 0.03, 85.51, 
16460, 4.15, 0.03, 85.51, 
16461, 4.15, 0.03, 85.51, 
16462, 4.15, 0.03, 85.51, 
16463, 4.15, 0.03, 85.52, 
16464, 4.16, 0.03, 85.52, 
16465, 4.15, 0.03, 85.52, 
16466, 4.16, 0.03, 85.52, 
16467, 4.15, 0.03, 85.52, 
16468, 4.16, 0.03, 85.52, 
16469, 4.15, 0.03, 85.52, 
16470, 4.15, 0.03, 85.52, 
16471, 4.15, 0.03, 85.52, 
16472, 4.16, 0.03, 85.53, 
16473, 4.16, 0.03, 85.53, 
16474, 4.15, 0.03, 85.53, 
16475, 4.15, 0.03, 85.53, 
16476, 4.15, 0.03, 85.53, 
16477, 4.15, 0.03, 85.53, 
16478, 4.15, 0.03, 85.53, 
16479, 4.15, 0.03, 85.53, 
16480, 4.15, 0.03, 85.53, 
16481, 4.16, 0.03, 85.54, 
16482, 4.16, 0.03, 85.54, 
16483, 4.15, 0.03, 85.54, 
16484, 4.16, 0.03, 85.54, 
16485, 4.15, 0.03, 85.54, 
16486, 4.15, 0.03, 85.54, 
16487, 4.15, 0.03, 85.54, 
16488, 4.15, 0.03, 85.54, 
16489, 4.15, 0.03, 85.55, 
16490, 4.15, 0.03, 85.55, 
16491, 4.15, 0.03, 85.55, 
16492, 4.16, 0.03, 85.55, 
16493, 4.15, 0.03, 85.55, 
16494, 4.16, 0.03, 85.55, 
16495, 4.16, 0.03, 85.55, 
16496, 4.16, 0.03, 85.55, 
16497, 4.15, 0.03, 85.55, 
16498, 4.15, 0.03, 85.56, 
16499, 4.16, 0.03, 85.56, 
16500, 4.15, 0.03, 85.56, 
16501, 4.15, 0.03, 85.56, 
16502, 4.15, 0.03, 85.56, 
16503, 4.16, 0.03, 85.56, 
16504, 4.15, 0.03, 85.56, 
16505, 4.15, 0.03, 85.56, 
16506, 4.16, 0.03, 85.56, 
16507, 4.15, 0.03, 85.57, 
16508, 4.15, 0.03, 85.57, 
16509, 4.16, 0.03, 85.57, 